mtllib 1B9BNE8ACL5Y5XPYFG7KQSWHI.mtl
v -0.106016 0.064825 1.166461
v -0.106016 0.064632 1.166075
v -0.130904 0.054792 1.157393
v -0.131097 0.054792 1.157972
v -0.106016 0.064825 1.166461
v -0.077848 0.068683 1.173213
v -0.077848 0.068683 1.172635
v -0.106016 0.064439 1.165496
v -0.130904 0.054599 1.156814
v -0.077848 0.068298 1.172056
v -0.230456 -0.557764 0.259492
v -0.186854 -0.556799 0.326439
v -0.186854 -0.554484 0.326632
v -0.230456 -0.555448 0.259685
v -0.229491 -0.570111 0.258528
v -0.186275 -0.569532 0.325282
v -0.131675 -0.556799 0.378724
v -0.131675 -0.554291 0.378917
v -0.131290 -0.569532 0.377566
v -0.260746 -0.556220 0.189072
v -0.260746 -0.558535 0.188879
v -0.278303 -0.556799 0.120775
v -0.278496 -0.559114 0.120775
v -0.260360 -0.570690 0.188301
v -0.278303 -0.571269 0.120389
v 0.286020 -0.546767 0.178847
v 0.297017 -0.549082 0.085661
v 0.296824 -0.546767 0.085661
v 0.285634 -0.544451 0.178847
v 0.286985 -0.558921 0.178847
v 0.297982 -0.560851 0.085854
v 0.296824 -0.550625 0.000000
v 0.296439 -0.548310 0.000000
v 0.297596 -0.562201 0.000000
v -0.066079 -0.557764 0.407084
v -0.066079 -0.555256 0.407084
v -0.065886 -0.570497 0.406313
v 0.012058 -0.557378 0.415188
v 0.012058 -0.555063 0.414995
v 0.012251 -0.569918 0.414802
v 0.185889 -0.549468 0.363675
v 0.249170 -0.546767 0.280136
v 0.248977 -0.544259 0.280136
v 0.185696 -0.546960 0.363675
v 0.186854 -0.562008 0.363675
v 0.250328 -0.559307 0.280136
v 0.101192 -0.551397 0.405348
v 0.101385 -0.553905 0.405348
v 0.012058 -0.555063 0.414995
v 0.012058 -0.557378 0.415188
v 0.101964 -0.566446 0.405348
v 0.012251 -0.569918 0.414802
v -0.284863 -0.556992 0.058651
v -0.284863 -0.559307 0.058651
v -0.285441 -0.556992 0.000000
v -0.285634 -0.559500 0.000000
v -0.284863 -0.571269 0.058265
v -0.285634 -0.571076 0.000000
v -0.277145 -0.551204 0.118653
v -0.259203 -0.550625 0.185986
v -0.259396 -0.548310 0.184056
v -0.277724 -0.548696 0.117109
v -0.277724 -0.553519 0.120003
v -0.260167 -0.552940 0.187915
v -0.228913 -0.549853 0.256405
v -0.228913 -0.547345 0.254669
v -0.229684 -0.552169 0.258528
v -0.185889 -0.548889 0.324510
v -0.186275 -0.546574 0.323738
v -0.186468 -0.551204 0.325668
v -0.131290 -0.548696 0.377759
v -0.131868 -0.546381 0.378145
v -0.131482 -0.551204 0.378338
v -0.065886 -0.549853 0.406506
v -0.066272 -0.547538 0.407470
v -0.065886 -0.552169 0.406699
v 0.011865 -0.549468 0.414609
v 0.012058 -0.547152 0.415380
v 0.011865 -0.551976 0.414609
v 0.185503 -0.541365 0.363096
v 0.248592 -0.538856 0.279750
v 0.249942 -0.536541 0.280136
v 0.186468 -0.539049 0.363675
v 0.185503 -0.543873 0.363289
v 0.248592 -0.541171 0.279750
v 0.285249 -0.539049 0.178461
v 0.286599 -0.536734 0.178847
v 0.285249 -0.541365 0.178654
v 0.011865 -0.549468 0.414609
v 0.100999 -0.545995 0.404769
v 0.101578 -0.543680 0.405541
v 0.012058 -0.547152 0.415380
v 0.011865 -0.551976 0.414609
v 0.100999 -0.548310 0.404769
v -0.284863 -0.551397 0.000000
v -0.283898 -0.551397 0.057493
v -0.284863 -0.549082 0.056529
v -0.286020 -0.549082 0.000000
v -0.285056 -0.553905 0.000000
v -0.284284 -0.553905 0.058265
v 0.296246 -0.541365 0.085661
v 0.297596 -0.539435 0.085661
v 0.296246 -0.543680 0.085661
v 0.295860 -0.542908 0.000000
v 0.297403 -0.541171 0.000000
v 0.296053 -0.545223 0.000000
v -0.284670 -0.555641 0.058458
v -0.278303 -0.555448 0.120582
v -0.285248 -0.555834 0.000000
v 0.100999 -0.550239 0.405155
v 0.185503 -0.545609 0.363482
v 0.012058 -0.553712 0.414802
v -0.065886 -0.554098 0.406892
v 0.012058 -0.553712 0.414802
v -0.131675 -0.552940 0.378724
v -0.260746 -0.554870 0.188687
v -0.230263 -0.554098 0.259492
v -0.186854 -0.553133 0.326439
v 0.296439 -0.545609 0.085661
v 0.296246 -0.547152 0.000000
v 0.285441 -0.543294 0.178654
v 0.248785 -0.543101 0.279943
v -0.227562 -0.597508 0.256212
v -0.259010 -0.597893 0.186564
v -0.257081 -0.625097 0.184442
v -0.225247 -0.624904 0.253318
v -0.277917 -0.598279 0.119231
v -0.276952 -0.625097 0.117881
v -0.130518 -0.598279 0.374865
v -0.184539 -0.597700 0.322388
v -0.182802 -0.625868 0.319108
v -0.129746 -0.626833 0.371392
v -0.284670 -0.597700 0.057879
v -0.285441 -0.597121 0.000000
v -0.284091 -0.623939 0.057108
v -0.284863 -0.623167 0.000000
v 0.253801 -0.614678 0.278978
v 0.252643 -0.587089 0.280136
v 0.188976 -0.590369 0.363482
v 0.189748 -0.618537 0.361746
v 0.290651 -0.612363 0.178461
v 0.289107 -0.585739 0.178847
v 0.103122 -0.594614 0.404962
v 0.012637 -0.597700 0.414030
v 0.103315 -0.622396 0.403033
v 0.012637 -0.625482 0.411715
v 0.301648 -0.612363 0.085661
v 0.299911 -0.586703 0.085661
v 0.301262 -0.612942 0.000000
v 0.299718 -0.587668 0.000000
v -0.065500 -0.626833 0.401489
v -0.065500 -0.598665 0.404576
v 0.012637 -0.625482 0.411715
v 0.012637 -0.597700 0.414030
v -0.231614 -0.542908 0.254283
v -0.261904 -0.543680 0.182706
v -0.236244 -0.522071 0.253318
v -0.266341 -0.522650 0.181162
v -0.280425 -0.544066 0.115566
v -0.285056 -0.523036 0.114022
v -0.134184 -0.541943 0.379688
v -0.188976 -0.541943 0.324317
v -0.139200 -0.522457 0.379302
v -0.194185 -0.521685 0.323738
v -0.288335 -0.544451 0.055564
v -0.293545 -0.523229 0.054599
v -0.290072 -0.544451 0.000000
v -0.295474 -0.523422 0.000000
v 0.289879 -0.531911 0.179233
v 0.252836 -0.531718 0.280908
v 0.292387 -0.507602 0.178461
v 0.254380 -0.509724 0.278592
v 0.188590 -0.534612 0.364640
v 0.189555 -0.515126 0.361360
v 0.103122 -0.521107 0.403998
v 0.102736 -0.539435 0.406892
v 0.011094 -0.524772 0.415380
v 0.012058 -0.543101 0.417117
v 0.300876 -0.536927 0.000000
v 0.301069 -0.534998 0.086047
v 0.303384 -0.510881 0.000000
v 0.303770 -0.509145 0.085854
v 0.012058 -0.543101 0.417117
v -0.067622 -0.543294 0.409207
v 0.011094 -0.524772 0.415380
v -0.070709 -0.524387 0.408435
v -0.109488 0.543101 0.109971
v -0.118556 0.532104 0.115373
v -0.084021 0.548889 0.156853
v -0.077462 0.557185 0.147978
v -0.128974 0.534998 0.069262
v -0.139586 0.521492 0.071963
v -0.133798 0.511074 0.123862
v -0.097141 0.531332 0.177304
v -0.155020 0.499305 0.076401
v 0.104086 0.597507 0.129650
v 0.106016 0.593649 0.133701
v 0.125116 0.593070 0.100903
v 0.121836 0.598086 0.099552
v 0.081899 0.598858 0.152030
v 0.082478 0.595385 0.158396
v 0.111611 0.585738 0.143348
v 0.132833 0.584195 0.104762
v 0.085565 0.587861 0.173252
v 0.137656 0.599629 0.054214
v 0.142094 0.592877 0.054599
v 0.149811 0.592877 0.000000
v 0.145181 0.600594 0.000000
v 0.149811 0.582266 0.055371
v 0.156949 0.581108 0.000000
v -0.136885 0.529596 0.032991
v -0.148268 0.515319 0.034149
v -0.138235 0.527473 0.000000
v -0.149811 0.513196 0.000000
v -0.163702 0.493518 0.036078
v -0.165053 0.491781 0.000000
v -0.073024 0.561815 0.141997
v -0.031930 0.581687 0.167464
v -0.031737 0.582266 0.166499
v -0.072639 0.562394 0.141418
v -0.073603 0.560850 0.143155
v -0.032316 0.580915 0.168815
v 0.012058 0.598858 0.176339
v 0.012058 0.599244 0.175374
v 0.012058 0.598279 0.177689
v 0.139971 0.606961 0.000000
v 0.132833 0.605610 0.053442
v 0.133798 0.604646 0.053828
v 0.140936 0.605996 0.000000
v 0.139393 0.607733 0.000000
v 0.132254 0.606382 0.053249
v 0.117784 0.603102 0.097623
v 0.118556 0.602138 0.098202
v 0.117013 0.603874 0.097237
v -0.121450 0.542908 0.066947
v -0.128781 0.538277 0.032027
v -0.129939 0.537313 0.032219
v -0.122415 0.541943 0.067333
v -0.120678 0.543872 0.066754
v -0.128010 0.539242 0.031834
v -0.130132 0.536348 0.000000
v -0.131290 0.535191 0.000000
v -0.129360 0.537313 0.000000
v -0.103315 0.549468 0.105919
v -0.102543 0.550239 0.105340
v -0.104086 0.548503 0.106691
v 0.080356 0.601945 0.146628
v 0.101192 0.601559 0.126177
v 0.100806 0.602138 0.125405
v 0.079970 0.602523 0.145856
v 0.080935 0.601173 0.147785
v 0.101964 0.600594 0.126949
v 0.134762 0.602138 0.053828
v 0.135534 0.601945 0.054021
v 0.142672 0.603295 0.000000
v 0.141901 0.603681 0.000000
v 0.119521 0.599629 0.098395
v 0.120100 0.599437 0.098781
v 0.134376 0.603295 0.053828
v 0.141515 0.604646 0.000000
v 0.119135 0.600787 0.098202
v -0.104472 0.547152 0.106884
v -0.105437 0.546767 0.107656
v -0.074761 0.559500 0.144505
v -0.073989 0.559693 0.143541
v -0.122994 0.540400 0.067526
v -0.124151 0.539821 0.067912
v -0.104472 0.547538 0.106884
v -0.073989 0.560079 0.143541
v -0.122801 0.540978 0.067526
v 0.102736 0.598472 0.127334
v 0.103122 0.598472 0.127913
v 0.081320 0.599437 0.148364
v 0.081513 0.599437 0.149329
v 0.102350 0.599244 0.127142
v 0.081127 0.600015 0.148171
v -0.130518 0.535770 0.032219
v -0.131675 0.534998 0.032412
v -0.131675 0.533647 0.000000
v -0.133026 0.533068 0.000000
v -0.130325 0.536155 0.032219
v -0.131675 0.534226 0.000000
v -0.014180 -0.024117 1.148904
v -0.040033 -0.032413 1.137135
v -0.040033 -0.031641 1.136557
v -0.014373 -0.023345 1.148133
v -0.014180 -0.024695 1.149676
v -0.040033 -0.033184 1.137907
v -0.073217 -0.031448 1.128261
v -0.073024 -0.030676 1.127875
v -0.073217 -0.032413 1.129225
v -0.003762 -0.004052 1.160480
v -0.003569 -0.004438 1.161445
v -0.004148 -0.003473 1.159708
v -0.005691 0.020065 1.169934
v -0.005306 0.019679 1.171091
v -0.006077 0.020451 1.169162
v -0.073217 -0.031448 1.128261
v -0.104472 -0.025274 1.124981
v -0.104086 -0.024502 1.124595
v -0.073024 -0.030676 1.127875
v -0.073217 -0.032413 1.129225
v -0.104665 -0.026046 1.125753
v -0.129746 -0.013505 1.126717
v -0.129167 -0.012734 1.126138
v -0.129939 -0.014277 1.127682
v -0.146531 0.004051 1.132505
v -0.145952 0.004630 1.131926
v -0.146917 0.003280 1.133663
v -0.152898 0.023537 1.140801
v -0.152512 0.023923 1.139836
v -0.153284 0.022959 1.141959
v -0.015145 0.039937 1.175722
v -0.014759 0.039551 1.176879
v -0.015531 0.040129 1.174757
v -0.030773 0.054599 1.178037
v -0.030580 0.054214 1.179194
v -0.031158 0.054599 1.177072
v -0.147689 0.040708 1.149869
v -0.147303 0.041094 1.148904
v -0.147882 0.040322 1.151219
v -0.131290 0.054792 1.159130
v -0.131483 0.054407 1.160287
v -0.106016 0.064825 1.166461
v -0.106209 0.064825 1.167619
v -0.106401 0.064632 1.168776
v -0.106016 0.064825 1.166461
v -0.077848 0.068876 1.174178
v -0.078041 0.068491 1.175336
v -0.147110 0.041094 1.147747
v -0.147303 0.041287 1.146589
v -0.152512 0.024502 1.137907
v -0.152319 0.024309 1.138872
v -0.131097 0.054599 1.155657
v -0.148268 0.043023 1.145238
v -0.153477 0.025467 1.135978
v -0.131868 0.057301 1.154692
v -0.147110 0.041094 1.148325
v -0.152319 0.024116 1.139451
v -0.015531 0.039937 1.173792
v -0.014952 0.040129 1.172635
v -0.030773 0.054214 1.175143
v -0.031158 0.054407 1.176107
v -0.005691 0.020643 1.168197
v -0.005113 0.021029 1.167040
v -0.013023 0.041866 1.171477
v -0.029422 0.056529 1.174371
v -0.003376 0.021994 1.165496
v -0.015724 0.040129 1.174371
v -0.031351 0.054599 1.176686
v -0.006077 0.020643 1.168776
v -0.145759 0.005209 1.131155
v -0.145952 0.005788 1.129997
v -0.129167 -0.011383 1.124788
v -0.128974 -0.011962 1.125560
v -0.146724 0.005595 1.127875
v -0.129553 -0.012541 1.122087
v -0.145759 0.004823 1.131540
v -0.128974 -0.012541 1.125945
v -0.103893 -0.023538 1.124016
v -0.104086 -0.022959 1.123437
v -0.072831 -0.029133 1.126910
v -0.073024 -0.029711 1.127489
v -0.103893 -0.024888 1.120543
v -0.072639 -0.031255 1.124209
v -0.103893 -0.024117 1.124209
v -0.073024 -0.030290 1.127682
v -0.003569 -0.002894 1.158937
v -0.002990 -0.002315 1.157972
v -0.013795 -0.022573 1.147554
v -0.013409 -0.021801 1.146782
v -0.002026 -0.002122 1.156236
v -0.013216 -0.022573 1.145046
v -0.003955 -0.003280 1.159322
v -0.014180 -0.022959 1.147940
v -0.039647 -0.030676 1.136171
v -0.039454 -0.029904 1.135399
v -0.073024 -0.029711 1.127489
v -0.072831 -0.029133 1.126910
v -0.039454 -0.031641 1.133277
v -0.072639 -0.031255 1.124209
v -0.039840 -0.031255 1.136364
v -0.073024 -0.030290 1.127682
v -0.041577 -0.036271 1.145431
v -0.044085 -0.042638 1.157586
v -0.077462 -0.042445 1.148711
v -0.074568 -0.035885 1.136557
v -0.015917 -0.027782 1.157007
v -0.018232 -0.034149 1.169162
v -0.047558 -0.050162 1.173213
v -0.081706 -0.050162 1.164146
v -0.021126 -0.041673 1.184982
v -0.005306 -0.008103 1.168583
v -0.007428 -0.015049 1.180738
v -0.007042 0.015241 1.178230
v -0.009164 0.007524 1.190192
v -0.009936 -0.023345 1.196944
v -0.011479 -0.001736 1.206784
v -0.135148 -0.024309 1.145817
v -0.109295 -0.036078 1.144660
v -0.114698 -0.044181 1.159322
v -0.141708 -0.032798 1.159901
v -0.131290 -0.017943 1.134627
v -0.105823 -0.029711 1.133084
v -0.077462 -0.042445 1.148711
v -0.081706 -0.050162 1.164146
v -0.074568 -0.035885 1.136557
v -0.158107 0.010418 1.160673
v -0.152126 -0.007717 1.151798
v -0.159072 -0.016785 1.165882
v -0.165245 0.001157 1.175143
v -0.154441 0.017942 1.149097
v -0.148267 -0.000965 1.140801
v -0.136113 0.040901 1.178808
v -0.152512 0.027203 1.169741
v -0.159072 0.017557 1.184982
v -0.141708 0.031062 1.194629
v -0.132833 0.049197 1.167233
v -0.149232 0.035113 1.158165
v -0.082285 0.054407 1.194050
v -0.110839 0.050741 1.187490
v -0.115469 0.039937 1.203697
v -0.086337 0.043023 1.210642
v -0.079391 0.063088 1.182281
v -0.107752 0.059230 1.175722
v -0.016303 0.034534 1.183825
v -0.018425 0.026431 1.195979
v -0.032123 0.049197 1.186140
v -0.034438 0.040708 1.198295
v -0.021512 0.016206 1.212379
v -0.038104 0.029904 1.214694
v -0.040419 -0.033763 1.139643
v -0.073410 -0.032991 1.130962
v -0.014566 -0.025081 1.151412
v -0.003955 -0.005209 1.163181
v -0.005691 0.018714 1.172635
v -0.104665 -0.027010 1.127489
v -0.130132 -0.015242 1.129418
v -0.073410 -0.032991 1.130962
v -0.146917 0.002315 1.135399
v -0.153477 0.021801 1.143888
v -0.015145 0.038393 1.178423
v -0.030965 0.053249 1.180931
v -0.148075 0.039165 1.152956
v -0.131675 0.053249 1.162024
v -0.106594 0.063474 1.170320
v -0.078234 0.067333 1.176879
v -0.112768 0.558149 0.067719
v -0.119714 0.553133 0.033184
v -0.125888 0.544066 0.032605
v -0.118749 0.548889 0.067526
v -0.106209 0.567410 0.067719
v -0.112575 0.562201 0.033570
v -0.120871 0.551204 0.000000
v -0.127238 0.542136 0.000000
v -0.113733 0.560465 0.000000
v 0.133991 0.625868 0.000000
v 0.125502 0.624517 0.051706
v 0.130711 0.613328 0.053056
v 0.138428 0.614678 0.000000
v 0.128781 0.636672 0.000000
v 0.119714 0.635322 0.049969
v 0.107945 0.621816 0.093764
v 0.114697 0.610626 0.096658
v 0.100806 0.632621 0.090485
v 0.090388 0.619115 0.120003
v 0.097719 0.608504 0.124248
v 0.082478 0.629341 0.114987
v 0.070516 0.617572 0.137560
v 0.077269 0.608118 0.143734
v 0.063571 0.626640 0.131000
v -0.067815 0.577828 0.135631
v -0.095983 0.565674 0.103797
v -0.100999 0.555834 0.105533
v -0.071288 0.567989 0.140261
v -0.063764 0.587668 0.130614
v -0.090388 0.575513 0.101868
v 0.011093 0.610626 0.163027
v -0.029229 0.595385 0.156660
v -0.030965 0.587089 0.163991
v 0.011672 0.603681 0.172094
v 0.010322 0.617379 0.153380
v -0.027300 0.603488 0.148557
v -0.031544 0.583230 0.166499
v 0.012058 0.600208 0.175181
v -0.072446 0.563551 0.141418
v 0.132254 0.607925 0.053442
v 0.117013 0.605224 0.097430
v 0.139586 0.609276 0.000000
v -0.128010 0.540207 0.032027
v -0.129360 0.538085 0.000000
v -0.120678 0.544837 0.066947
v -0.102543 0.551397 0.105726
v 0.100421 0.603488 0.125598
v 0.079777 0.603681 0.145856
v -0.097141 0.537892 0.066947
v -0.103315 0.532490 0.033763
v -0.102736 0.537699 0.032798
v -0.096562 0.543101 0.065404
v -0.097720 0.537506 0.069648
v -0.103893 0.531718 0.035499
v -0.104279 0.530560 0.000000
v -0.103893 0.535962 0.000000
v -0.105051 0.529789 0.000000
v -0.056625 0.559500 0.123283
v -0.081706 0.546767 0.098009
v -0.081513 0.551590 0.096658
v -0.056625 0.563744 0.122318
v -0.057011 0.559886 0.125212
v -0.082285 0.546767 0.100710
v 0.012251 0.589018 0.143155
v -0.023055 0.575320 0.138717
v -0.023055 0.578986 0.138139
v 0.012058 0.592298 0.142576
v 0.012251 0.590755 0.144505
v -0.023248 0.576285 0.140068
v 0.128588 0.609276 0.000000
v 0.119714 0.608118 0.048812
v 0.117398 0.611977 0.048040
v 0.125887 0.613135 0.000000
v 0.131097 0.610048 0.000000
v 0.121450 0.608890 0.050162
v 0.101578 0.605610 0.088169
v 0.099842 0.609276 0.086819
v 0.102157 0.606382 0.090292
v 0.084214 0.602523 0.111707
v 0.082864 0.605996 0.110164
v 0.084407 0.603874 0.113829
v 0.065886 0.599629 0.125598
v 0.064728 0.602716 0.124248
v 0.065886 0.601366 0.127527
v -0.096562 0.555255 0.065597
v -0.102736 0.550239 0.032991
v -0.103122 0.562394 0.033570
v -0.097141 0.567410 0.066754
v -0.103700 0.548310 0.000000
v -0.104086 0.560658 0.000000
v -0.057011 0.575320 0.123283
v -0.081706 0.563551 0.097237
v -0.082478 0.575513 0.098781
v -0.057783 0.587089 0.124826
v 0.011286 0.602909 0.143155
v -0.023441 0.589983 0.138910
v -0.024020 0.601559 0.140454
v 0.010515 0.614292 0.144505
v 0.123379 0.623553 0.000000
v 0.114697 0.622588 0.048040
v 0.112961 0.633585 0.048233
v 0.122029 0.634550 0.000000
v 0.097141 0.619887 0.086626
v 0.094633 0.630884 0.087205
v 0.079777 0.616414 0.109778
v 0.077076 0.627605 0.110357
v 0.062027 0.613135 0.124055
v 0.059326 0.624325 0.124633
v -0.098491 0.572426 0.067333
v -0.104472 0.567410 0.033763
v -0.106209 0.567603 0.033763
v -0.100228 0.572812 0.067526
v -0.105437 0.565674 0.000000
v -0.107173 0.565867 0.000000
v -0.058748 0.592298 0.125984
v -0.083829 0.580722 0.099552
v -0.085179 0.581108 0.100131
v -0.059905 0.592877 0.126949
v 0.010322 0.619309 0.145663
v -0.024599 0.606768 0.141804
v -0.025370 0.607540 0.142962
v 0.010129 0.620273 0.146821
v 0.122222 0.639759 0.000000
v 0.113154 0.638795 0.048619
v 0.114312 0.639952 0.048812
v 0.123765 0.641110 0.000000
v 0.094440 0.636093 0.087591
v 0.095404 0.637251 0.088169
v 0.076497 0.632621 0.110935
v 0.077076 0.633778 0.111707
v 0.058555 0.629341 0.125405
v 0.059133 0.630498 0.126177
v -0.102350 0.571847 0.067719
v -0.108331 0.566638 0.033763
v -0.109488 0.564709 0.000000
v -0.061256 0.592105 0.127913
v -0.087108 0.580143 0.100710
v 0.010129 0.620080 0.148364
v -0.025949 0.606961 0.144312
v 0.125694 0.640917 0.000000
v 0.116241 0.639759 0.049197
v 0.096948 0.637058 0.088748
v 0.078426 0.633585 0.112479
v 0.060098 0.630306 0.127527
v 0.170069 0.480012 0.266052
v 0.191291 0.480591 0.203156
v 0.150390 0.538471 0.185214
v 0.116434 0.542136 0.248881
v 0.206340 0.404383 0.281100
v 0.226405 0.405541 0.218205
v 0.209234 0.481170 0.134666
v 0.173348 0.537506 0.122897
v 0.241067 0.409207 0.144891
v 0.216372 0.482520 0.066754
v 0.184346 0.536348 0.061352
v 0.245698 0.414223 0.071770
v 0.217144 0.483485 0.000000
v 0.187047 0.535576 0.000000
v 0.245698 0.416731 0.000000
v 0.214636 0.316986 0.298657
v 0.240296 0.321809 0.230746
v 0.188590 0.220134 0.320458
v 0.235472 0.234604 0.239620
v 0.255730 0.332227 0.151258
v 0.256888 0.251775 0.154731
v 0.260553 0.341102 0.074278
v 0.264219 0.263351 0.075436
v 0.260360 0.344768 0.000000
v 0.265184 0.267016 0.000000
v 0.179136 0.126563 0.311777
v 0.226405 0.146627 0.239234
v 0.169104 0.027975 0.309847
v 0.217144 0.049197 0.238656
v 0.251678 0.166113 0.156467
v 0.245698 0.069262 0.157046
v 0.109681 0.180776 0.362903
v 0.105051 0.109971 0.357694
v 0.025563 0.172287 0.376987
v 0.018425 0.105726 0.376408
v 0.097527 0.014470 0.358080
v 0.011672 0.010225 0.379881
v 0.263447 0.177497 0.076594
v 0.260939 0.079873 0.077365
v 0.266341 0.180776 0.000000
v 0.265570 0.082574 0.000000
v 0.165052 -0.088555 0.316021
v 0.213864 -0.064825 0.242128
v 0.166982 -0.207787 0.324510
v 0.218301 -0.182320 0.247916
v 0.243575 -0.042445 0.157625
v 0.249363 -0.158397 0.159361
v 0.094054 -0.103218 0.364254
v 0.008971 -0.107656 0.386055
v 0.094247 -0.223221 0.371392
v 0.008585 -0.227659 0.391457
v 0.259396 -0.031062 0.076979
v 0.264026 -0.146435 0.076979
v 0.264219 -0.028554 0.000000
v 0.267692 -0.143734 0.000000
v 0.173349 -0.311777 0.330684
v 0.230263 -0.288625 0.253897
v 0.180873 -0.398595 0.338208
v 0.243575 -0.380653 0.261036
v 0.264605 -0.266824 0.163605
v 0.281004 -0.364640 0.169201
v 0.095597 -0.326246 0.375830
v 0.007428 -0.330684 0.393772
v 0.098105 -0.410557 0.381618
v 0.007042 -0.414802 0.397824
v 0.278110 -0.255827 0.079102
v 0.293352 -0.357115 0.082189
v 0.280039 -0.253318 0.000000
v 0.293930 -0.355572 0.000000
v -0.270200 -0.196211 0.173252
v -0.272515 -0.302709 0.173252
v -0.242804 -0.306182 0.241936
v -0.240103 -0.200648 0.240392
v -0.291229 -0.193896 0.110935
v -0.292966 -0.300973 0.109971
v -0.274059 -0.396666 0.175374
v -0.244926 -0.398210 0.245408
v -0.293545 -0.396087 0.110549
v -0.203639 -0.207015 0.308883
v -0.205568 -0.311777 0.311584
v -0.153284 -0.318915 0.366376
v -0.152126 -0.215118 0.363289
v -0.206340 -0.401104 0.314670
v -0.152705 -0.405734 0.368691
v -0.078234 -0.223414 0.390106
v -0.079584 -0.326632 0.392422
v 0.007428 -0.330684 0.393772
v 0.008585 -0.227659 0.391457
v -0.079777 -0.411715 0.395123
v 0.007042 -0.414802 0.397824
v -0.301455 -0.300394 0.053249
v -0.302034 -0.395894 0.053056
v -0.298754 -0.192931 0.054021
v -0.302805 -0.300201 0.000000
v -0.303770 -0.395894 0.000000
v -0.299525 -0.192738 0.000000
v -0.271550 -0.472488 0.178461
v -0.290265 -0.472681 0.112093
v -0.241839 -0.472488 0.249846
v -0.201324 -0.473453 0.319687
v -0.146917 -0.475768 0.374286
v -0.298947 -0.472681 0.053635
v -0.300876 -0.472874 0.000000
v 0.290265 -0.448951 0.174603
v 0.251679 -0.457439 0.270682
v 0.186661 -0.468437 0.350363
v 0.100999 -0.477119 0.393386
v 0.008778 -0.481170 0.406892
v 0.301841 -0.446635 0.000000
v 0.302034 -0.446442 0.084504
v -0.075918 -0.479434 0.401875
v 0.008778 -0.481170 0.406892
v -0.275409 -0.636672 0.116916
v -0.255344 -0.636865 0.182706
v -0.273673 -0.638216 0.115952
v -0.253415 -0.638602 0.181355
v -0.223125 -0.637058 0.251196
v -0.221388 -0.638795 0.249653
v -0.181259 -0.638216 0.316600
v -0.179908 -0.639952 0.314670
v -0.129167 -0.639373 0.368305
v -0.128781 -0.641110 0.365604
v -0.282740 -0.635322 0.056722
v -0.283512 -0.634550 0.000000
v -0.281004 -0.637058 0.056143
v -0.281776 -0.636094 0.000000
v 0.187240 -0.630692 0.357694
v 0.252257 -0.626640 0.276277
v 0.182609 -0.632428 0.351906
v 0.248592 -0.628183 0.272612
v 0.290072 -0.623939 0.177111
v 0.287950 -0.625290 0.175567
v 0.100999 -0.634550 0.398017
v 0.011094 -0.637637 0.406892
v 0.096948 -0.636287 0.391457
v 0.008778 -0.639373 0.400911
v 0.301455 -0.623553 0.085276
v 0.300104 -0.624904 0.084697
v 0.301069 -0.623939 0.000000
v 0.299911 -0.625290 0.000000
v -0.065886 -0.639181 0.397631
v -0.066658 -0.640917 0.393193
v 0.011094 -0.637637 0.406892
v 0.008778 -0.639373 0.400911
v -0.054889 -0.058458 1.199066
v -0.056625 -0.059037 1.203504
v -0.092896 -0.060387 1.193664
v -0.091160 -0.059616 1.189227
v -0.026528 -0.050548 1.211414
v -0.028071 -0.051320 1.215851
v -0.057204 -0.058458 1.204083
v -0.093089 -0.059809 1.194629
v -0.029036 -0.050934 1.216430
v -0.013988 -0.033956 1.225112
v -0.015531 -0.035306 1.229742
v -0.016110 -0.014856 1.236302
v -0.017460 -0.016978 1.241125
v -0.016689 -0.035306 1.230128
v -0.018811 -0.017171 1.241318
v -0.092896 -0.060387 1.193664
v -0.128203 -0.057686 1.187683
v -0.126466 -0.056143 1.183439
v -0.091160 -0.059616 1.189227
v -0.093089 -0.059809 1.194629
v -0.128203 -0.057108 1.188648
v -0.158300 -0.049390 1.186912
v -0.156178 -0.047268 1.182860
v -0.157914 -0.049005 1.187683
v -0.179522 -0.034342 1.192507
v -0.176821 -0.031834 1.188648
v -0.178944 -0.034149 1.193278
v -0.187625 -0.015821 1.202539
v -0.184539 -0.013312 1.198680
v -0.187047 -0.016013 1.203118
v -0.179329 0.001736 1.214694
v -0.176628 0.004051 1.210449
v -0.178751 0.001157 1.215080
v -0.157335 0.014277 1.227234
v -0.155213 0.016785 1.222604
v -0.156949 0.013505 1.227620
v -0.126852 0.019486 1.239003
v -0.125309 0.022766 1.233987
v -0.126466 0.018328 1.239196
v -0.095597 0.018907 1.247106
v -0.094247 0.022959 1.242090
v -0.095790 0.017750 1.247299
v -0.028650 0.000772 1.242283
v -0.030580 -0.002122 1.247106
v -0.047172 0.011769 1.244598
v -0.049487 0.008489 1.249421
v -0.031737 -0.002701 1.247299
v -0.050451 0.007524 1.249421
v -0.051609 -0.055564 1.188262
v -0.086915 -0.056143 1.178808
v -0.024020 -0.047268 1.200224
v -0.012251 -0.029904 1.213150
v -0.013988 -0.009647 1.223761
v -0.121257 -0.051513 1.173213
v -0.149811 -0.041287 1.173213
v -0.086915 -0.056143 1.178808
v -0.168718 -0.025467 1.179194
v -0.175664 -0.007331 1.188841
v -0.168525 0.009453 1.199645
v -0.149039 0.022573 1.210642
v -0.120871 0.029904 1.220867
v -0.090774 0.031641 1.228392
v -0.025370 0.007138 1.229549
v -0.042927 0.019486 1.231865
v 0.077655 0.247530 0.412294
v 0.077655 0.245215 0.423677
v 0.027493 0.227273 0.422519
v 0.027686 0.228430 0.413451
v 0.118363 0.289203 0.409400
v 0.118749 0.285152 0.427342
v 0.077076 0.238849 0.447600
v 0.025949 0.224186 0.443934
v 0.119135 0.274541 0.457054
v 0.144602 0.344961 0.405927
v 0.145181 0.337629 0.433130
v 0.151933 0.402647 0.409978
v 0.152512 0.390685 0.446442
v 0.145373 0.322773 0.471523
v 0.151933 0.372164 0.492360
v -0.025563 0.237691 0.413258
v -0.025563 0.237884 0.424834
v -0.072253 0.274541 0.428886
v -0.073603 0.275698 0.410943
v 0.027686 0.228430 0.413451
v 0.027493 0.227273 0.422519
v -0.026528 0.235762 0.447407
v -0.071288 0.269717 0.456475
v 0.025949 0.224186 0.443934
v -0.107945 0.337629 0.407084
v -0.104086 0.330491 0.434288
v -0.116627 0.391264 0.446635
v -0.122222 0.405734 0.410364
v -0.100421 0.318529 0.470366
v -0.111225 0.371199 0.490238
v -0.112382 0.462263 0.427535
v -0.107366 0.442005 0.469980
v -0.078812 0.476925 0.494675
v -0.081706 0.500463 0.449722
v -0.102350 0.416538 0.516476
v -0.075147 0.448179 0.540786
v 0.137849 0.451458 0.427535
v 0.138042 0.434288 0.470366
v 0.106980 0.487729 0.449722
v 0.106787 0.465928 0.495254
v 0.137077 0.411715 0.519563
v 0.105630 0.439690 0.544065
v -0.187432 0.227080 0.283223
v -0.176821 0.330298 0.268560
v -0.203639 0.332034 0.209330
v -0.227369 0.230746 0.221678
v -0.127431 0.222642 0.338594
v -0.147689 0.328947 0.317372
v -0.157721 0.422133 0.251775
v -0.172577 0.420782 0.196211
v -0.144988 0.420975 0.299043
v -0.250714 0.233253 0.160133
v -0.221581 0.332420 0.150293
v -0.231421 0.332613 0.095501
v -0.261711 0.234797 0.102061
v -0.187625 0.417117 0.140647
v -0.199008 0.414223 0.089134
v -0.266534 0.132736 0.169393
v -0.239524 0.130614 0.232289
v -0.280232 0.134087 0.108620
v -0.271357 0.028554 0.175181
v -0.242611 0.027010 0.238849
v -0.288721 0.029519 0.112865
v -0.198622 0.127913 0.291905
v -0.140936 0.123090 0.340909
v -0.204796 0.025081 0.298657
v -0.150969 0.021029 0.346697
v -0.053538 0.182512 0.369463
v -0.066465 0.111128 0.370042
v 0.018425 0.105726 0.376408
v 0.025563 0.172287 0.376987
v -0.075533 0.014277 0.375251
v 0.011672 0.010225 0.379881
v -0.270972 -0.083153 0.175181
v -0.241067 -0.086047 0.240392
v -0.290844 -0.081417 0.112865
v -0.204796 -0.090292 0.304445
v -0.153091 -0.096272 0.355572
v -0.078234 -0.103604 0.383354
v 0.008971 -0.107656 0.386055
v -0.235086 0.334156 0.046111
v -0.264412 0.235955 0.049390
v -0.204025 0.414416 0.043024
v -0.235472 0.335121 0.000000
v -0.264219 0.236533 0.000000
v -0.204989 0.415188 0.000000
v -0.292001 0.029904 0.054985
v -0.282740 0.134666 0.052863
v -0.281583 0.134859 0.000000
v -0.290458 0.030097 0.000000
v -0.296246 -0.080645 0.055178
v -0.295667 -0.080645 0.000000
v -0.158107 0.474803 0.131579
v -0.173927 0.467086 0.082382
v -0.138814 0.484257 0.184249
v -0.085951 0.534033 0.225151
v -0.127045 0.488694 0.235376
v -0.120100 0.488501 0.282258
v -0.080163 0.533840 0.271068
v 0.094440 0.573584 0.201613
v 0.124923 0.570690 0.161676
v 0.147882 0.569146 0.112479
v 0.162544 0.566638 0.057493
v 0.167753 0.565288 0.000000
v -0.182223 0.463806 0.000000
v -0.181066 0.463999 0.039358
v -0.033474 0.561815 0.268560
v -0.036560 0.565095 0.227852
v 0.014952 0.573391 0.269139
v 0.012637 0.580722 0.230167
v -0.039647 0.566831 0.199684
v 0.010901 0.586317 0.206822
v -0.036368 0.518984 0.465735
v -0.035017 0.492939 0.510303
v 0.015531 0.494289 0.515319
v 0.015145 0.521107 0.471716
v -0.033281 0.462263 0.554677
v 0.015917 0.463420 0.559307
v -0.106016 0.064246 1.164339
v -0.077655 0.067912 1.171091
v -0.106209 0.067333 1.163567
v -0.077462 0.070999 1.170512
v -0.032316 0.580143 0.169201
v 0.012058 0.597507 0.178268
v -0.032509 0.579758 0.169393
v 0.012058 0.596928 0.178461
v -0.032702 0.579758 0.170551
v 0.012058 0.597121 0.179619
v -0.034245 0.578214 0.174603
v 0.011479 0.595964 0.183477
v -0.036946 0.573198 0.183477
v 0.010901 0.591912 0.191966
v 0.039840 0.609855 0.136402
v 0.038104 0.620852 0.137367
v 0.041384 0.599437 0.136209
v 0.011286 0.602909 0.143155
v 0.010515 0.614292 0.144505
v 0.012058 0.592298 0.142576
v 0.042155 0.596350 0.137174
v 0.042348 0.598279 0.138717
v 0.012251 0.589018 0.143155
v 0.012251 0.590755 0.144505
v 0.037718 0.626061 0.138332
v 0.037911 0.627219 0.139296
v 0.010322 0.619309 0.145663
v 0.010129 0.620273 0.146821
v 0.038490 0.627026 0.140840
v 0.040419 0.623939 0.145277
v 0.010129 0.620080 0.148364
v 0.010322 0.617379 0.153380
v 0.012058 0.598858 0.176339
v 0.050451 0.603681 0.166307
v 0.050258 0.604067 0.165342
v 0.012058 0.599244 0.175374
v 0.012058 0.598279 0.177689
v 0.050837 0.603102 0.167657
v 0.044663 0.616607 0.154152
v 0.048522 0.608890 0.162255
v 0.011093 0.610626 0.163027
v 0.011672 0.603681 0.172094
v 0.050066 0.605032 0.165149
v 0.012058 0.600208 0.175181
v 0.050837 0.602138 0.168043
v 0.012058 0.597507 0.178268
v 0.050837 0.601559 0.168236
v 0.012058 0.596928 0.178461
v 0.051030 0.601752 0.169393
v 0.012058 0.597121 0.179619
v 0.051030 0.600980 0.172866
v 0.011479 0.595964 0.183477
v 0.051223 0.597314 0.180776
v 0.010901 0.591912 0.191966
v 0.052381 0.590562 0.196211
v 0.010901 0.586317 0.206822
v 0.012637 0.580722 0.230167
v 0.056046 0.581108 0.222835
v 0.014952 0.573391 0.269139
v 0.062413 0.567603 0.265087
v 0.064535 0.510688 0.465735
v 0.064342 0.485414 0.510496
v 0.063764 0.456282 0.556799
v -0.052188 0.064825 1.176686
v -0.052188 0.064632 1.176107
v -0.052188 0.064246 1.175529
v -0.051995 0.064825 1.177651
v -0.051995 0.064632 1.178808
v -0.053538 0.059230 1.185754
v -0.056046 0.050548 1.197716
v -0.059905 0.039165 1.214115
v -0.052381 0.063474 1.180352
v -0.068587 0.019293 1.244984
v -0.070323 0.015241 1.250000
v -0.070902 0.014084 1.250000
v -0.064535 0.027782 1.231672
v -0.051995 0.064053 1.174564
v -0.051223 0.066947 1.174178
v -0.108138 0.349012 0.540400
v -0.100035 0.391264 0.562973
v -0.107173 0.322581 0.596543
v -0.099842 0.363482 0.613521
v -0.074182 0.420975 0.582266
v -0.074568 0.392808 0.627219
v 0.118363 0.356343 0.627990
v 0.129360 0.385669 0.572233
v 0.099842 0.412101 0.592105
v 0.091353 0.382775 0.642460
v 0.132447 0.318915 0.607733
v 0.144023 0.347854 0.547152
v 0.072060 0.225536 0.493518
v 0.020740 0.215311 0.488115
v 0.114312 0.255826 0.506251
v 0.063764 0.204893 0.553326
v 0.013987 0.198333 0.546959
v 0.105244 0.230360 0.567217
v 0.139200 0.300586 0.524579
v 0.128589 0.272611 0.586317
v -0.032895 0.209330 0.550046
v -0.029422 0.227080 0.491588
v 0.020740 0.215311 0.488115
v 0.013987 0.198333 0.546959
v -0.071288 0.236726 0.561043
v -0.070902 0.257563 0.502778
v -0.098105 0.301165 0.519563
v -0.096948 0.277242 0.577828
v -0.033666 0.406120 0.637251
v -0.032895 0.434288 0.593842
v 0.013216 0.406699 0.643811
v 0.014952 0.435059 0.599437
v 0.060677 0.427921 0.600208
v 0.055661 0.399174 0.646705
v 0.090388 0.240585 0.383547
v 0.085179 0.248302 0.387213
v 0.030001 0.232675 0.389335
v 0.030001 0.226501 0.387020
v 0.140164 0.278399 0.371971
v 0.130711 0.286502 0.377180
v 0.084021 0.249846 0.388177
v 0.029808 0.233832 0.390106
v 0.128589 0.288046 0.378338
v 0.084021 0.249846 0.388177
v 0.084214 0.249846 0.389335
v 0.030001 0.234218 0.391457
v 0.029808 0.233832 0.390106
v 0.128589 0.288046 0.378338
v 0.128974 0.287660 0.379495
v 0.083250 0.249460 0.393579
v 0.029615 0.233447 0.395509
v 0.127624 0.287467 0.384512
v 0.155213 0.344768 0.371199
v 0.156563 0.344575 0.365411
v 0.163316 0.409014 0.357501
v 0.162158 0.408821 0.364640
v 0.155985 0.344961 0.364061
v 0.162737 0.409014 0.356344
v 0.155985 0.344961 0.364061
v 0.158300 0.344189 0.362903
v 0.164667 0.409014 0.354800
v 0.162737 0.409014 0.356344
v 0.168332 0.338787 0.356344
v 0.172191 0.408049 0.346118
v 0.152126 0.470559 0.349205
v 0.148653 0.468050 0.361939
v 0.114890 0.517441 0.359816
v 0.114697 0.512811 0.376987
v 0.147303 0.467279 0.363868
v 0.114312 0.511460 0.379495
v 0.147303 0.467279 0.363868
v 0.147882 0.467472 0.365218
v 0.114312 0.511460 0.379495
v 0.114697 0.511846 0.381039
v 0.146917 0.466314 0.373707
v 0.113733 0.509917 0.390299
v -0.031544 0.544837 0.369849
v -0.030580 0.539628 0.389914
v 0.018811 0.545609 0.395123
v 0.018039 0.551590 0.374093
v -0.076883 0.521107 0.360202
v -0.075340 0.516862 0.376987
v -0.030001 0.538085 0.393000
v 0.019197 0.544066 0.398403
v -0.074375 0.515705 0.379495
v -0.030001 0.538085 0.393000
v -0.030773 0.538856 0.394544
v 0.018811 0.544644 0.399946
v 0.019197 0.544066 0.398403
v -0.074375 0.515705 0.379495
v -0.075340 0.516090 0.381039
v -0.032702 0.538277 0.404383
v 0.017846 0.543680 0.409978
v -0.078041 0.516090 0.390299
v 0.068394 0.543487 0.369656
v 0.069359 0.537699 0.389914
v 0.018039 0.551590 0.374093
v 0.018811 0.545609 0.395123
v 0.069359 0.536155 0.393000
v 0.019197 0.544066 0.398403
v 0.069359 0.536155 0.393000
v 0.069359 0.536541 0.394544
v 0.068587 0.534998 0.404383
v -0.117206 0.339366 0.354800
v -0.111996 0.340909 0.358659
v -0.125695 0.413451 0.353643
v -0.129746 0.415188 0.347276
v -0.081128 0.272611 0.368305
v -0.075725 0.277049 0.371199
v -0.110646 0.340909 0.359430
v -0.124151 0.412872 0.354800
v -0.074568 0.277628 0.371971
v -0.110646 0.340909 0.359430
v -0.111225 0.340716 0.360974
v -0.125309 0.413065 0.356151
v -0.124151 0.412872 0.354800
v -0.074568 0.277628 0.371971
v -0.074761 0.277435 0.373514
v -0.111804 0.340716 0.367919
v -0.126659 0.413065 0.363482
v -0.074954 0.277049 0.379688
v -0.113347 0.477504 0.350556
v -0.110646 0.474224 0.361939
v -0.109295 0.473260 0.363675
v -0.109295 0.473260 0.363675
v -0.110453 0.473645 0.365025
v -0.112768 0.473838 0.373514
v -0.029808 0.235376 0.380653
v -0.025949 0.240778 0.382968
v 0.030001 0.226501 0.387020
v 0.030001 0.232675 0.389335
v -0.025370 0.241743 0.383740
v 0.029808 0.233832 0.390106
v -0.025370 0.241743 0.383740
v -0.025370 0.241936 0.385090
v 0.029808 0.233832 0.390106
v 0.030001 0.234218 0.391457
v -0.025370 0.241357 0.390299
v 0.029615 0.233447 0.395509
v 0.186854 0.405927 0.323159
v 0.188976 0.327790 0.338015
v 0.160808 0.258142 0.356729
v 0.100999 0.220713 0.374865
v 0.029036 0.209716 0.381810
v -0.116048 0.483485 0.322774
v -0.135727 0.418081 0.330491
v -0.078041 0.528245 0.320651
v 0.114119 0.526895 0.316600
v 0.158300 0.474996 0.316986
v 0.156756 0.407856 0.382196
v 0.149425 0.346118 0.385090
v 0.122608 0.289011 0.394930
v 0.080356 0.248688 0.402068
v 0.028650 0.230938 0.403998
v -0.025563 0.239234 0.401104
v 0.028650 0.230938 0.403998
v -0.074568 0.276277 0.393579
v -0.110839 0.340330 0.384126
v -0.125695 0.412101 0.382003
v -0.113926 0.471523 0.394544
v -0.080935 0.512618 0.413644
v 0.110067 0.502392 0.413644
v 0.142094 0.461684 0.394544
v -0.039069 0.219555 0.375444
v 0.029036 0.209716 0.381810
v -0.095597 0.258720 0.359816
v -0.128203 0.335121 0.343610
v -0.035210 0.533261 0.428886
v 0.016110 0.536927 0.434867
v -0.032123 0.553712 0.322774
v 0.016881 0.562201 0.324703
v 0.016881 0.562201 0.324703
v 0.065693 0.554291 0.322195
v 0.066465 0.527087 0.428886
v -0.132640 0.066175 1.150834
v -0.149811 0.049776 1.140415
v -0.129167 0.089327 1.126524
v -0.147496 0.070034 1.115141
v -0.155020 0.029325 1.129997
v -0.153091 0.045724 1.102987
v -0.008200 0.048233 1.166847
v -0.025370 0.065211 1.170512
v 0.001061 0.025853 1.160094
v 0.004341 0.067912 1.139258
v -0.013988 0.087784 1.144467
v 0.013216 0.042059 1.130769
v -0.012637 -0.024502 1.138100
v -0.038490 -0.035885 1.124981
v -0.032316 -0.030097 1.091990
v -0.005691 -0.015821 1.106266
v -0.071095 -0.036464 1.114755
v -0.064921 -0.032220 1.081378
v 0.000482 -0.001351 1.150255
v 0.009936 0.011190 1.119579
v -0.097720 -0.024502 1.078291
v -0.102929 -0.029519 1.111090
v -0.129746 -0.015242 1.113405
v -0.126080 -0.007331 1.082343
v -0.064921 -0.032220 1.081378
v -0.071095 -0.036464 1.114755
v -0.145374 0.017942 1.091411
v -0.147882 0.005981 1.120350
v -0.100614 0.102253 1.136750
v -0.106016 0.077751 1.160480
v -0.075918 0.081996 1.167811
v -0.068201 0.106884 1.143695
v -0.048329 0.077172 1.171091
v -0.038683 0.101482 1.146203
v 0.046593 0.341874 0.747801
v 0.050837 0.368691 0.700340
v 0.011672 0.375637 0.697831
v 0.010129 0.348047 0.746450
v 0.076111 0.326246 0.743749
v 0.083057 0.352485 0.696674
v -0.034052 0.374479 0.691465
v -0.074954 0.360974 0.682011
v -0.034052 0.346504 0.740083
v -0.074761 0.332999 0.730244
v -0.096369 0.221485 0.686063
v -0.096562 0.247338 0.637637
v -0.071867 0.208558 0.621238
v -0.072060 0.183284 0.670049
v -0.106401 0.265087 0.703427
v -0.106787 0.291712 0.655194
v -0.037332 0.159168 0.659824
v -0.035789 0.183284 0.610434
v 0.008007 0.173445 0.607540
v 0.004534 0.150100 0.657702
v 0.048715 0.155309 0.665226
v 0.054889 0.178847 0.614292
v 0.094633 0.201806 0.628762
v 0.086337 0.177304 0.680082
v 0.004534 0.150100 0.657702
v 0.008007 0.173445 0.607540
v -0.099842 0.331841 0.670049
v -0.099456 0.304638 0.718282
v 0.109488 0.216276 0.699568
v 0.117977 0.242128 0.647862
v 0.122415 0.287660 0.667927
v 0.114312 0.260843 0.718861
v 0.108717 0.325475 0.685291
v 0.100999 0.298850 0.733910
v 0.008585 0.329140 0.776354
v 0.043313 0.322966 0.778091
v 0.005498 0.311391 0.803172
v 0.040033 0.305217 0.805487
v 0.071095 0.307725 0.775004
v 0.067429 0.290554 0.803172
v -0.074568 0.315442 0.758798
v -0.034438 0.327790 0.769216
v -0.076304 0.298464 0.785422
v -0.036946 0.310233 0.795840
v -0.072253 0.169200 0.700340
v -0.096562 0.207401 0.715581
v -0.074375 0.157239 0.729472
v -0.098684 0.195053 0.744135
v -0.106401 0.250617 0.732366
v -0.108331 0.237112 0.760148
v 0.004341 0.136016 0.690500
v -0.037139 0.145277 0.691272
v 0.003183 0.124247 0.721176
v -0.038876 0.133315 0.721176
v 0.082864 0.162448 0.715581
v 0.047172 0.141032 0.699375
v 0.080356 0.150872 0.747415
v 0.045821 0.129457 0.730823
v 0.004341 0.136016 0.690500
v 0.003183 0.124247 0.721176
v -0.099263 0.288625 0.746643
v -0.100999 0.273383 0.773846
v 0.107752 0.244058 0.753974
v 0.103893 0.200455 0.735260
v 0.101771 0.230553 0.785036
v 0.099263 0.188301 0.767287
v 0.094633 0.280907 0.767094
v 0.089423 0.265666 0.796805
v -0.051609 -0.007910 1.012888
v -0.086530 0.000579 1.011730
v -0.073410 0.034534 0.934944
v -0.036368 0.025853 0.934172
v -0.116434 0.020643 1.017904
v -0.104858 0.056143 0.943240
v 0.011479 0.013505 1.036233
v -0.017267 -0.003859 1.022342
v 0.001061 0.031641 0.941503
v 0.032702 0.051898 0.954623
v -0.051609 -0.007910 1.012888
v -0.036368 0.025853 0.934172
v 0.002990 0.188108 1.010766
v -0.019004 0.142769 1.085237
v 0.007621 0.128106 1.081957
v 0.031158 0.173445 1.006135
v -0.031544 0.193703 1.011151
v -0.051030 0.148557 1.084079
v -0.070130 0.189844 1.006907
v -0.086337 0.144312 1.078291
v -0.104472 0.176339 0.998611
v -0.117784 0.130807 1.069031
v -0.136692 0.049776 1.029480
v -0.125888 0.088362 0.956745
v -0.144409 0.081610 1.043371
v -0.133605 0.123283 0.972372
v -0.126466 0.153573 0.986842
v -0.138042 0.109392 1.056876
v 0.053538 0.084504 0.970057
v 0.030194 0.043410 1.050702
v 0.060098 0.120389 0.985106
v 0.035789 0.077365 1.063822
v 0.051609 0.150872 0.997453
v 0.027107 0.106112 1.074433
v -0.023634 0.056143 0.870891
v -0.062992 0.063860 0.872820
v -0.054310 0.089327 0.819571
v -0.013023 0.082189 0.817642
v -0.095790 0.085854 0.881888
v -0.088266 0.111321 0.828639
v -0.045242 0.113829 0.766129
v -0.080356 0.136788 0.774811
v -0.003376 0.105726 0.765550
v 0.050837 0.085854 0.889798
v 0.016881 0.063474 0.877064
v 0.029422 0.090292 0.824201
v 0.064535 0.113443 0.837514
v -0.023634 0.056143 0.870891
v -0.013023 0.082189 0.817642
v 0.039647 0.112479 0.773653
v -0.003376 0.105726 0.765550
v 0.074375 0.135052 0.788895
v -0.017653 0.229202 0.949028
v 0.018618 0.223993 0.947870
v 0.028650 0.253511 0.894621
v -0.008200 0.258528 0.895200
v 0.047750 0.210488 0.943047
v 0.057590 0.240585 0.890570
v -0.000289 0.286888 0.844459
v 0.035403 0.281486 0.845424
v 0.063571 0.267788 0.842530
v -0.111032 0.146434 0.843109
v -0.117591 0.119617 0.896358
v -0.125695 0.156660 0.912371
v -0.119521 0.185021 0.859122
v -0.104086 0.173252 0.789088
v -0.113154 0.213767 0.804908
v -0.111804 0.217819 0.873399
v -0.118170 0.188301 0.927034
v -0.095019 0.211645 0.938609
v -0.088073 0.241550 0.884396
v -0.105630 0.248109 0.818799
v -0.081320 0.272226 0.829989
v 0.077076 0.158396 0.922210
v 0.071481 0.120775 0.906004
v 0.084021 0.150100 0.854877
v 0.087880 0.188879 0.871662
v 0.093089 0.172287 0.807802
v 0.095597 0.212803 0.824973
v 0.068201 0.188686 0.934558
v 0.078233 0.219362 0.883238
v 0.084407 0.245215 0.836356
v -0.050259 0.254669 0.891920
v -0.058555 0.225151 0.945941
v -0.042541 0.284573 0.838864
v -0.130904 0.054792 -1.157393
v -0.106016 0.064632 -1.166075
v -0.106016 0.064825 -1.166461
v -0.131097 0.054792 -1.157972
v -0.130904 0.054599 -1.156814
v -0.106016 0.064439 -1.165496
v -0.077848 0.068683 -1.172635
v -0.077848 0.068683 -1.173213
v -0.077848 0.068298 -1.172056
v -0.186854 -0.554484 -0.326632
v -0.186854 -0.556799 -0.326439
v -0.230456 -0.557764 -0.259492
v -0.230456 -0.555448 -0.259685
v -0.131675 -0.554291 -0.378917
v -0.131675 -0.556799 -0.378724
v -0.186275 -0.569532 -0.325282
v -0.229491 -0.570111 -0.258528
v -0.131290 -0.569532 -0.377566
v -0.260746 -0.558535 -0.188879
v -0.260746 -0.556220 -0.189072
v -0.260360 -0.570690 -0.188301
v -0.278496 -0.559114 -0.120775
v -0.278303 -0.556799 -0.120775
v -0.278303 -0.571269 -0.120389
v 0.296824 -0.546767 -0.085661
v 0.297017 -0.549082 -0.085661
v 0.286020 -0.546767 -0.178847
v 0.285634 -0.544451 -0.178847
v 0.297982 -0.560851 -0.085854
v 0.286985 -0.558921 -0.178847
v -0.066079 -0.555256 -0.407084
v -0.066079 -0.557764 -0.407084
v 0.012058 -0.555063 -0.414995
v 0.012058 -0.557378 -0.415188
v -0.065886 -0.570497 -0.406313
v 0.012251 -0.569918 -0.414802
v 0.248977 -0.544259 -0.280136
v 0.249170 -0.546767 -0.280136
v 0.185889 -0.549468 -0.363675
v 0.185696 -0.546960 -0.363675
v 0.250328 -0.559307 -0.280136
v 0.186854 -0.562008 -0.363675
v 0.101385 -0.553905 -0.405348
v 0.101192 -0.551397 -0.405348
v 0.101964 -0.566446 -0.405348
v 0.012058 -0.557378 -0.415188
v 0.012058 -0.555063 -0.414995
v 0.012251 -0.569918 -0.414802
v -0.284863 -0.559307 -0.058651
v -0.284863 -0.556992 -0.058651
v -0.284863 -0.571269 -0.058265
v -0.259396 -0.548310 -0.184056
v -0.259203 -0.550625 -0.185986
v -0.277145 -0.551204 -0.118653
v -0.277724 -0.548696 -0.117109
v -0.228913 -0.547345 -0.254669
v -0.228913 -0.549853 -0.256405
v -0.260167 -0.552940 -0.187915
v -0.277724 -0.553519 -0.120003
v -0.229684 -0.552169 -0.258528
v -0.186275 -0.546574 -0.323738
v -0.185889 -0.548889 -0.324510
v -0.131868 -0.546381 -0.378145
v -0.131290 -0.548696 -0.377759
v -0.186468 -0.551204 -0.325668
v -0.131482 -0.551204 -0.378338
v -0.066272 -0.547538 -0.407470
v -0.065886 -0.549853 -0.406506
v 0.012058 -0.547152 -0.415380
v 0.011865 -0.549468 -0.414609
v -0.065886 -0.552169 -0.406699
v 0.011865 -0.551976 -0.414609
v 0.249942 -0.536541 -0.280136
v 0.248592 -0.538856 -0.279750
v 0.185503 -0.541365 -0.363096
v 0.186468 -0.539049 -0.363675
v 0.286599 -0.536734 -0.178847
v 0.285249 -0.539049 -0.178461
v 0.248592 -0.541171 -0.279750
v 0.185503 -0.543873 -0.363289
v 0.285249 -0.541365 -0.178654
v 0.101578 -0.543680 -0.405541
v 0.100999 -0.545995 -0.404769
v 0.011865 -0.549468 -0.414609
v 0.012058 -0.547152 -0.415380
v 0.100999 -0.548310 -0.404769
v 0.011865 -0.551976 -0.414609
v -0.284863 -0.549082 -0.056529
v -0.283898 -0.551397 -0.057493
v -0.284284 -0.553905 -0.058265
v 0.297596 -0.539435 -0.085661
v 0.296246 -0.541365 -0.085661
v 0.296246 -0.543680 -0.085661
v -0.278303 -0.555448 -0.120582
v -0.284670 -0.555641 -0.058458
v 0.185503 -0.545609 -0.363482
v 0.100999 -0.550239 -0.405155
v 0.012058 -0.553712 -0.414802
v 0.012058 -0.553712 -0.414802
v -0.065886 -0.554098 -0.406892
v -0.131675 -0.552940 -0.378724
v -0.230263 -0.554098 -0.259492
v -0.260746 -0.554870 -0.188687
v -0.186854 -0.553133 -0.326439
v 0.296439 -0.545609 -0.085661
v 0.285441 -0.543294 -0.178654
v 0.248785 -0.543101 -0.279943
v -0.257081 -0.625097 -0.184442
v -0.259010 -0.597893 -0.186564
v -0.227562 -0.597508 -0.256212
v -0.225247 -0.624904 -0.253318
v -0.276952 -0.625097 -0.117881
v -0.277917 -0.598279 -0.119231
v -0.182802 -0.625868 -0.319108
v -0.184539 -0.597700 -0.322388
v -0.130518 -0.598279 -0.374865
v -0.129746 -0.626833 -0.371392
v -0.284670 -0.597700 -0.057879
v -0.284091 -0.623939 -0.057108
v 0.188976 -0.590369 -0.363482
v 0.252643 -0.587089 -0.280136
v 0.253801 -0.614678 -0.278978
v 0.189748 -0.618537 -0.361746
v 0.289107 -0.585739 -0.178847
v 0.290651 -0.612363 -0.178461
v 0.103122 -0.594614 -0.404962
v 0.103315 -0.622396 -0.403033
v 0.012637 -0.597700 -0.414030
v 0.012637 -0.625482 -0.411715
v 0.299911 -0.586703 -0.085661
v 0.301648 -0.612363 -0.085661
v -0.065500 -0.598665 -0.404576
v -0.065500 -0.626833 -0.401489
v 0.012637 -0.597700 -0.414030
v 0.012637 -0.625482 -0.411715
v -0.261904 -0.543680 -0.182706
v -0.231614 -0.542908 -0.254283
v -0.280425 -0.544066 -0.115566
v -0.266341 -0.522650 -0.181162
v -0.236244 -0.522071 -0.253318
v -0.285056 -0.523036 -0.114022
v -0.188976 -0.541943 -0.324317
v -0.134184 -0.541943 -0.379688
v -0.194185 -0.521685 -0.323738
v -0.139200 -0.522457 -0.379302
v -0.288335 -0.544451 -0.055564
v -0.293545 -0.523229 -0.054599
v 0.252836 -0.531718 -0.280908
v 0.289879 -0.531911 -0.179233
v 0.188590 -0.534612 -0.364640
v 0.254380 -0.509724 -0.278592
v 0.292387 -0.507602 -0.178461
v 0.189555 -0.515126 -0.361360
v 0.102736 -0.539435 -0.406892
v 0.103122 -0.521107 -0.403998
v 0.012058 -0.543101 -0.417117
v 0.011094 -0.524772 -0.415380
v 0.301069 -0.534998 -0.086047
v 0.303770 -0.509145 -0.085854
v -0.067622 -0.543294 -0.409207
v 0.012058 -0.543101 -0.417117
v -0.070709 -0.524387 -0.408435
v 0.011094 -0.524772 -0.415380
v -0.084021 0.548889 -0.156853
v -0.118556 0.532104 -0.115373
v -0.109488 0.543101 -0.109971
v -0.077462 0.557185 -0.147978
v -0.097141 0.531332 -0.177304
v -0.133798 0.511074 -0.123862
v -0.139586 0.521492 -0.071963
v -0.128974 0.534998 -0.069262
v -0.155020 0.499305 -0.076401
v 0.125116 0.593070 -0.100903
v 0.106016 0.593649 -0.133701
v 0.104086 0.597507 -0.129650
v 0.121836 0.598086 -0.099552
v 0.132833 0.584195 -0.104762
v 0.111611 0.585738 -0.143348
v 0.082478 0.595385 -0.158396
v 0.081899 0.598858 -0.152030
v 0.085565 0.587861 -0.173252
v 0.142094 0.592877 -0.054599
v 0.137656 0.599629 -0.054214
v 0.149811 0.582266 -0.055371
v -0.148268 0.515319 -0.034149
v -0.136885 0.529596 -0.032991
v -0.163702 0.493518 -0.036078
v -0.031737 0.582266 -0.166499
v -0.031930 0.581687 -0.167464
v -0.073024 0.561815 -0.141997
v -0.072639 0.562394 -0.141418
v 0.012058 0.599244 -0.175374
v 0.012058 0.598858 -0.176339
v -0.032316 0.580915 -0.168815
v -0.073603 0.560850 -0.143155
v 0.012058 0.598279 -0.177689
v 0.133798 0.604646 -0.053828
v 0.132833 0.605610 -0.053442
v 0.118556 0.602138 -0.098202
v 0.117784 0.603102 -0.097623
v 0.132254 0.606382 -0.053249
v 0.117013 0.603874 -0.097237
v -0.129939 0.537313 -0.032219
v -0.128781 0.538277 -0.032027
v -0.121450 0.542908 -0.066947
v -0.122415 0.541943 -0.067333
v -0.128010 0.539242 -0.031834
v -0.120678 0.543872 -0.066754
v -0.102543 0.550239 -0.105340
v -0.103315 0.549468 -0.105919
v -0.104086 0.548503 -0.106691
v 0.100806 0.602138 -0.125405
v 0.101192 0.601559 -0.126177
v 0.080356 0.601945 -0.146628
v 0.079970 0.602523 -0.145856
v 0.101964 0.600594 -0.126949
v 0.080935 0.601173 -0.147785
v 0.135534 0.601945 -0.054021
v 0.134762 0.602138 -0.053828
v 0.120100 0.599437 -0.098781
v 0.119521 0.599629 -0.098395
v 0.134376 0.603295 -0.053828
v 0.119135 0.600787 -0.098202
v -0.074761 0.559500 -0.144505
v -0.105437 0.546767 -0.107656
v -0.104472 0.547152 -0.106884
v -0.073989 0.559693 -0.143541
v -0.124151 0.539821 -0.067912
v -0.122994 0.540400 -0.067526
v -0.073989 0.560079 -0.143541
v -0.104472 0.547538 -0.106884
v -0.122801 0.540978 -0.067526
v 0.103122 0.598472 -0.127913
v 0.102736 0.598472 -0.127334
v 0.081513 0.599437 -0.149329
v 0.081320 0.599437 -0.148364
v 0.102350 0.599244 -0.127142
v 0.081127 0.600015 -0.148171
v -0.131675 0.534998 -0.032412
v -0.130518 0.535770 -0.032219
v -0.130325 0.536155 -0.032219
v -0.040033 -0.031641 -1.136557
v -0.040033 -0.032413 -1.137135
v -0.014180 -0.024117 -1.148904
v -0.014373 -0.023345 -1.148133
v -0.073024 -0.030676 -1.127875
v -0.073217 -0.031448 -1.128261
v -0.040033 -0.033184 -1.137907
v -0.014180 -0.024695 -1.149676
v -0.073217 -0.032413 -1.129225
v -0.003569 -0.004438 -1.161445
v -0.003762 -0.004052 -1.160480
v -0.005306 0.019679 -1.171091
v -0.005691 0.020065 -1.169934
v -0.004148 -0.003473 -1.159708
v -0.006077 0.020451 -1.169162
v -0.104086 -0.024502 -1.124595
v -0.104472 -0.025274 -1.124981
v -0.073217 -0.031448 -1.128261
v -0.073024 -0.030676 -1.127875
v -0.129167 -0.012734 -1.126138
v -0.129746 -0.013505 -1.126717
v -0.104665 -0.026046 -1.125753
v -0.073217 -0.032413 -1.129225
v -0.129939 -0.014277 -1.127682
v -0.145952 0.004630 -1.131926
v -0.146531 0.004051 -1.132505
v -0.152512 0.023923 -1.139836
v -0.152898 0.023537 -1.140801
v -0.146917 0.003280 -1.133663
v -0.153284 0.022959 -1.141959
v -0.014759 0.039551 -1.176879
v -0.015145 0.039937 -1.175722
v -0.030580 0.054214 -1.179194
v -0.030773 0.054599 -1.178037
v -0.015531 0.040129 -1.174757
v -0.031158 0.054599 -1.177072
v -0.147303 0.041094 -1.148904
v -0.147689 0.040708 -1.149869
v -0.131290 0.054792 -1.159130
v -0.147882 0.040322 -1.151219
v -0.131483 0.054407 -1.160287
v -0.106209 0.064825 -1.167619
v -0.077848 0.068876 -1.174178
v -0.106401 0.064632 -1.168776
v -0.078041 0.068491 -1.175336
v -0.152512 0.024502 -1.137907
v -0.147303 0.041287 -1.146589
v -0.147110 0.041094 -1.147747
v -0.152319 0.024309 -1.138872
v -0.153477 0.025467 -1.135978
v -0.148268 0.043023 -1.145238
v -0.131097 0.054599 -1.155657
v -0.131868 0.057301 -1.154692
v -0.152319 0.024116 -1.139451
v -0.147110 0.041094 -1.148325
v -0.030773 0.054214 -1.175143
v -0.014952 0.040129 -1.172635
v -0.015531 0.039937 -1.173792
v -0.031158 0.054407 -1.176107
v -0.029422 0.056529 -1.174371
v -0.013023 0.041866 -1.171477
v -0.005113 0.021029 -1.167040
v -0.005691 0.020643 -1.168197
v -0.003376 0.021994 -1.165496
v -0.031351 0.054599 -1.176686
v -0.015724 0.040129 -1.174371
v -0.006077 0.020643 -1.168776
v -0.129167 -0.011383 -1.124788
v -0.145952 0.005788 -1.129997
v -0.145759 0.005209 -1.131155
v -0.128974 -0.011962 -1.125560
v -0.129553 -0.012541 -1.122087
v -0.146724 0.005595 -1.127875
v -0.128974 -0.012541 -1.125945
v -0.145759 0.004823 -1.131540
v -0.072831 -0.029133 -1.126910
v -0.104086 -0.022959 -1.123437
v -0.103893 -0.023538 -1.124016
v -0.073024 -0.029711 -1.127489
v -0.072639 -0.031255 -1.124209
v -0.103893 -0.024888 -1.120543
v -0.073024 -0.030290 -1.127682
v -0.103893 -0.024117 -1.124209
v -0.002990 -0.002315 -1.157972
v -0.003569 -0.002894 -1.158937
v -0.002026 -0.002122 -1.156236
v -0.013409 -0.021801 -1.146782
v -0.013795 -0.022573 -1.147554
v -0.013216 -0.022573 -1.145046
v -0.003955 -0.003280 -1.159322
v -0.014180 -0.022959 -1.147940
v -0.039454 -0.029904 -1.135399
v -0.039647 -0.030676 -1.136171
v -0.039454 -0.031641 -1.133277
v -0.072831 -0.029133 -1.126910
v -0.073024 -0.029711 -1.127489
v -0.072639 -0.031255 -1.124209
v -0.039840 -0.031255 -1.136364
v -0.073024 -0.030290 -1.127682
v -0.077462 -0.042445 -1.148711
v -0.044085 -0.042638 -1.157586
v -0.041577 -0.036271 -1.145431
v -0.074568 -0.035885 -1.136557
v -0.081706 -0.050162 -1.164146
v -0.047558 -0.050162 -1.173213
v -0.018232 -0.034149 -1.169162
v -0.015917 -0.027782 -1.157007
v -0.021126 -0.041673 -1.184982
v -0.007428 -0.015049 -1.180738
v -0.005306 -0.008103 -1.168583
v -0.009936 -0.023345 -1.196944
v -0.009164 0.007524 -1.190192
v -0.007042 0.015241 -1.178230
v -0.011479 -0.001736 -1.206784
v -0.114698 -0.044181 -1.159322
v -0.109295 -0.036078 -1.144660
v -0.135148 -0.024309 -1.145817
v -0.141708 -0.032798 -1.159901
v -0.081706 -0.050162 -1.164146
v -0.077462 -0.042445 -1.148711
v -0.105823 -0.029711 -1.133084
v -0.131290 -0.017943 -1.134627
v -0.074568 -0.035885 -1.136557
v -0.159072 -0.016785 -1.165882
v -0.152126 -0.007717 -1.151798
v -0.158107 0.010418 -1.160673
v -0.165245 0.001157 -1.175143
v -0.148267 -0.000965 -1.140801
v -0.154441 0.017942 -1.149097
v -0.159072 0.017557 -1.184982
v -0.152512 0.027203 -1.169741
v -0.136113 0.040901 -1.178808
v -0.141708 0.031062 -1.194629
v -0.149232 0.035113 -1.158165
v -0.132833 0.049197 -1.167233
v -0.115469 0.039937 -1.203697
v -0.110839 0.050741 -1.187490
v -0.082285 0.054407 -1.194050
v -0.086337 0.043023 -1.210642
v -0.107752 0.059230 -1.175722
v -0.079391 0.063088 -1.182281
v -0.018425 0.026431 -1.195979
v -0.016303 0.034534 -1.183825
v -0.021512 0.016206 -1.212379
v -0.034438 0.040708 -1.198295
v -0.032123 0.049197 -1.186140
v -0.038104 0.029904 -1.214694
v -0.073410 -0.032991 -1.130962
v -0.040419 -0.033763 -1.139643
v -0.014566 -0.025081 -1.151412
v -0.005691 0.018714 -1.172635
v -0.003955 -0.005209 -1.163181
v -0.130132 -0.015242 -1.129418
v -0.104665 -0.027010 -1.127489
v -0.073410 -0.032991 -1.130962
v -0.153477 0.021801 -1.143888
v -0.146917 0.002315 -1.135399
v -0.030965 0.053249 -1.180931
v -0.015145 0.038393 -1.178423
v -0.131675 0.053249 -1.162024
v -0.148075 0.039165 -1.152956
v -0.078234 0.067333 -1.176879
v -0.106594 0.063474 -1.170320
v -0.125888 0.544066 -0.032605
v -0.119714 0.553133 -0.033184
v -0.112768 0.558149 -0.067719
v -0.118749 0.548889 -0.067526
v -0.112575 0.562201 -0.033570
v -0.106209 0.567410 -0.067719
v 0.130711 0.613328 -0.053056
v 0.125502 0.624517 -0.051706
v 0.114697 0.610626 -0.096658
v 0.107945 0.621816 -0.093764
v 0.119714 0.635322 -0.049969
v 0.100806 0.632621 -0.090485
v 0.097719 0.608504 -0.124248
v 0.090388 0.619115 -0.120003
v 0.077269 0.608118 -0.143734
v 0.070516 0.617572 -0.137560
v 0.082478 0.629341 -0.114987
v 0.063571 0.626640 -0.131000
v -0.100999 0.555834 -0.105533
v -0.095983 0.565674 -0.103797
v -0.067815 0.577828 -0.135631
v -0.071288 0.567989 -0.140261
v -0.090388 0.575513 -0.101868
v -0.063764 0.587668 -0.130614
v -0.030965 0.587089 -0.163991
v -0.029229 0.595385 -0.156660
v 0.011093 0.610626 -0.163027
v 0.011672 0.603681 -0.172094
v -0.027300 0.603488 -0.148557
v 0.010322 0.617379 -0.153380
v 0.012058 0.600208 -0.175181
v -0.031544 0.583230 -0.166499
v -0.072446 0.563551 -0.141418
v 0.117013 0.605224 -0.097430
v 0.132254 0.607925 -0.053442
v -0.128010 0.540207 -0.032027
v -0.120678 0.544837 -0.066947
v -0.102543 0.551397 -0.105726
v 0.100421 0.603488 -0.125598
v 0.079777 0.603681 -0.145856
v -0.102736 0.537699 -0.032798
v -0.103315 0.532490 -0.033763
v -0.097141 0.537892 -0.066947
v -0.096562 0.543101 -0.065404
v -0.103893 0.531718 -0.035499
v -0.097720 0.537506 -0.069648
v -0.081513 0.551590 -0.096658
v -0.081706 0.546767 -0.098009
v -0.056625 0.559500 -0.123283
v -0.056625 0.563744 -0.122318
v -0.082285 0.546767 -0.100710
v -0.057011 0.559886 -0.125212
v -0.023055 0.578986 -0.138139
v -0.023055 0.575320 -0.138717
v 0.012251 0.589018 -0.143155
v 0.012058 0.592298 -0.142576
v -0.023248 0.576285 -0.140068
v 0.012251 0.590755 -0.144505
v 0.117398 0.611977 -0.048040
v 0.119714 0.608118 -0.048812
v 0.099842 0.609276 -0.086819
v 0.101578 0.605610 -0.088169
v 0.121450 0.608890 -0.050162
v 0.102157 0.606382 -0.090292
v 0.082864 0.605996 -0.110164
v 0.084214 0.602523 -0.111707
v 0.064728 0.602716 -0.124248
v 0.065886 0.599629 -0.125598
v 0.084407 0.603874 -0.113829
v 0.065886 0.601366 -0.127527
v -0.103122 0.562394 -0.033570
v -0.102736 0.550239 -0.032991
v -0.096562 0.555255 -0.065597
v -0.097141 0.567410 -0.066754
v -0.082478 0.575513 -0.098781
v -0.081706 0.563551 -0.097237
v -0.057011 0.575320 -0.123283
v -0.057783 0.587089 -0.124826
v -0.024020 0.601559 -0.140454
v -0.023441 0.589983 -0.138910
v 0.011286 0.602909 -0.143155
v 0.010515 0.614292 -0.144505
v 0.112961 0.633585 -0.048233
v 0.114697 0.622588 -0.048040
v 0.094633 0.630884 -0.087205
v 0.097141 0.619887 -0.086626
v 0.077076 0.627605 -0.110357
v 0.079777 0.616414 -0.109778
v 0.059326 0.624325 -0.124633
v 0.062027 0.613135 -0.124055
v -0.106209 0.567603 -0.033763
v -0.104472 0.567410 -0.033763
v -0.098491 0.572426 -0.067333
v -0.100228 0.572812 -0.067526
v -0.085179 0.581108 -0.100131
v -0.083829 0.580722 -0.099552
v -0.058748 0.592298 -0.125984
v -0.059905 0.592877 -0.126949
v -0.025370 0.607540 -0.142962
v -0.024599 0.606768 -0.141804
v 0.010322 0.619309 -0.145663
v 0.010129 0.620273 -0.146821
v 0.114312 0.639952 -0.048812
v 0.113154 0.638795 -0.048619
v 0.095404 0.637251 -0.088169
v 0.094440 0.636093 -0.087591
v 0.077076 0.633778 -0.111707
v 0.076497 0.632621 -0.110935
v 0.059133 0.630498 -0.126177
v 0.058555 0.629341 -0.125405
v -0.108331 0.566638 -0.033763
v -0.102350 0.571847 -0.067719
v -0.087108 0.580143 -0.100710
v -0.061256 0.592105 -0.127913
v -0.025949 0.606961 -0.144312
v 0.010129 0.620080 -0.148364
v 0.116241 0.639759 -0.049197
v 0.096948 0.637058 -0.088748
v 0.078426 0.633585 -0.112479
v 0.060098 0.630306 -0.127527
v 0.150390 0.538471 -0.185214
v 0.191291 0.480591 -0.203156
v 0.170069 0.480012 -0.266052
v 0.116434 0.542136 -0.248881
v 0.173348 0.537506 -0.122897
v 0.209234 0.481170 -0.134666
v 0.226405 0.405541 -0.218205
v 0.206340 0.404383 -0.281100
v 0.241067 0.409207 -0.144891
v 0.184346 0.536348 -0.061352
v 0.216372 0.482520 -0.066754
v 0.245698 0.414223 -0.071770
v 0.240296 0.321809 -0.230746
v 0.214636 0.316986 -0.298657
v 0.255730 0.332227 -0.151258
v 0.235472 0.234604 -0.239620
v 0.188590 0.220134 -0.320458
v 0.256888 0.251775 -0.154731
v 0.260553 0.341102 -0.074278
v 0.264219 0.263351 -0.075436
v 0.226405 0.146627 -0.239234
v 0.179136 0.126563 -0.311777
v 0.251678 0.166113 -0.156467
v 0.217144 0.049197 -0.238656
v 0.169104 0.027975 -0.309847
v 0.245698 0.069262 -0.157046
v 0.105051 0.109971 -0.357694
v 0.109681 0.180776 -0.362903
v 0.097527 0.014470 -0.358080
v 0.018425 0.105726 -0.376408
v 0.025563 0.172287 -0.376987
v 0.011672 0.010225 -0.379881
v 0.263447 0.177497 -0.076594
v 0.260939 0.079873 -0.077365
v 0.213864 -0.064825 -0.242128
v 0.165052 -0.088555 -0.316021
v 0.243575 -0.042445 -0.157625
v 0.218301 -0.182320 -0.247916
v 0.166982 -0.207787 -0.324510
v 0.249363 -0.158397 -0.159361
v 0.094054 -0.103218 -0.364254
v 0.094247 -0.223221 -0.371392
v 0.008971 -0.107656 -0.386055
v 0.008585 -0.227659 -0.391457
v 0.259396 -0.031062 -0.076979
v 0.264026 -0.146435 -0.076979
v 0.230263 -0.288625 -0.253897
v 0.173349 -0.311777 -0.330684
v 0.264605 -0.266824 -0.163605
v 0.243575 -0.380653 -0.261036
v 0.180873 -0.398595 -0.338208
v 0.281004 -0.364640 -0.169201
v 0.095597 -0.326246 -0.375830
v 0.098105 -0.410557 -0.381618
v 0.007428 -0.330684 -0.393772
v 0.007042 -0.414802 -0.397824
v 0.278110 -0.255827 -0.079102
v 0.293352 -0.357115 -0.082189
v -0.242804 -0.306182 -0.241936
v -0.272515 -0.302709 -0.173252
v -0.270200 -0.196211 -0.173252
v -0.240103 -0.200648 -0.240392
v -0.244926 -0.398210 -0.245408
v -0.274059 -0.396666 -0.175374
v -0.292966 -0.300973 -0.109971
v -0.291229 -0.193896 -0.110935
v -0.293545 -0.396087 -0.110549
v -0.153284 -0.318915 -0.366376
v -0.205568 -0.311777 -0.311584
v -0.203639 -0.207015 -0.308883
v -0.152126 -0.215118 -0.363289
v -0.152705 -0.405734 -0.368691
v -0.206340 -0.401104 -0.314670
v 0.007428 -0.330684 -0.393772
v -0.079584 -0.326632 -0.392422
v -0.078234 -0.223414 -0.390106
v 0.008585 -0.227659 -0.391457
v 0.007042 -0.414802 -0.397824
v -0.079777 -0.411715 -0.395123
v -0.302034 -0.395894 -0.053056
v -0.301455 -0.300394 -0.053249
v -0.298754 -0.192931 -0.054021
v -0.290265 -0.472681 -0.112093
v -0.271550 -0.472488 -0.178461
v -0.241839 -0.472488 -0.249846
v -0.146917 -0.475768 -0.374286
v -0.201324 -0.473453 -0.319687
v -0.298947 -0.472681 -0.053635
v 0.251679 -0.457439 -0.270682
v 0.290265 -0.448951 -0.174603
v 0.186661 -0.468437 -0.350363
v 0.100999 -0.477119 -0.393386
v 0.008778 -0.481170 -0.406892
v 0.302034 -0.446442 -0.084504
v -0.075918 -0.479434 -0.401875
v 0.008778 -0.481170 -0.406892
v -0.255344 -0.636865 -0.182706
v -0.275409 -0.636672 -0.116916
v -0.223125 -0.637058 -0.251196
v -0.253415 -0.638602 -0.181355
v -0.273673 -0.638216 -0.115952
v -0.221388 -0.638795 -0.249653
v -0.181259 -0.638216 -0.316600
v -0.129167 -0.639373 -0.368305
v -0.179908 -0.639952 -0.314670
v -0.128781 -0.641110 -0.365604
v -0.282740 -0.635322 -0.056722
v -0.281004 -0.637058 -0.056143
v 0.252257 -0.626640 -0.276277
v 0.187240 -0.630692 -0.357694
v 0.290072 -0.623939 -0.177111
v 0.248592 -0.628183 -0.272612
v 0.182609 -0.632428 -0.351906
v 0.287950 -0.625290 -0.175567
v 0.100999 -0.634550 -0.398017
v 0.096948 -0.636287 -0.391457
v 0.011094 -0.637637 -0.406892
v 0.008778 -0.639373 -0.400911
v 0.301455 -0.623553 -0.085276
v 0.300104 -0.624904 -0.084697
v -0.065886 -0.639181 -0.397631
v 0.011094 -0.637637 -0.406892
v -0.066658 -0.640917 -0.393193
v 0.008778 -0.639373 -0.400911
v -0.092896 -0.060387 -1.193664
v -0.056625 -0.059037 -1.203504
v -0.054889 -0.058458 -1.199066
v -0.091160 -0.059616 -1.189227
v -0.093089 -0.059809 -1.194629
v -0.057204 -0.058458 -1.204083
v -0.028071 -0.051320 -1.215851
v -0.026528 -0.050548 -1.211414
v -0.029036 -0.050934 -1.216430
v -0.015531 -0.035306 -1.229742
v -0.013988 -0.033956 -1.225112
v -0.016689 -0.035306 -1.230128
v -0.017460 -0.016978 -1.241125
v -0.016110 -0.014856 -1.236302
v -0.018811 -0.017171 -1.241318
v -0.126466 -0.056143 -1.183439
v -0.128203 -0.057686 -1.187683
v -0.092896 -0.060387 -1.193664
v -0.091160 -0.059616 -1.189227
v -0.156178 -0.047268 -1.182860
v -0.158300 -0.049390 -1.186912
v -0.128203 -0.057108 -1.188648
v -0.093089 -0.059809 -1.194629
v -0.157914 -0.049005 -1.187683
v -0.176821 -0.031834 -1.188648
v -0.179522 -0.034342 -1.192507
v -0.184539 -0.013312 -1.198680
v -0.187625 -0.015821 -1.202539
v -0.178944 -0.034149 -1.193278
v -0.187047 -0.016013 -1.203118
v -0.176628 0.004051 -1.210449
v -0.179329 0.001736 -1.214694
v -0.155213 0.016785 -1.222604
v -0.157335 0.014277 -1.227234
v -0.178751 0.001157 -1.215080
v -0.156949 0.013505 -1.227620
v -0.125309 0.022766 -1.233987
v -0.126852 0.019486 -1.239003
v -0.094247 0.022959 -1.242090
v -0.095597 0.018907 -1.247106
v -0.126466 0.018328 -1.239196
v -0.095790 0.017750 -1.247299
v -0.030580 -0.002122 -1.247106
v -0.028650 0.000772 -1.242283
v -0.031737 -0.002701 -1.247299
v -0.049487 0.008489 -1.249421
v -0.047172 0.011769 -1.244598
v -0.050451 0.007524 -1.249421
v -0.086915 -0.056143 -1.178808
v -0.051609 -0.055564 -1.188262
v -0.024020 -0.047268 -1.200224
v -0.012251 -0.029904 -1.213150
v -0.013988 -0.009647 -1.223761
v -0.149811 -0.041287 -1.173213
v -0.121257 -0.051513 -1.173213
v -0.086915 -0.056143 -1.178808
v -0.175664 -0.007331 -1.188841
v -0.168718 -0.025467 -1.179194
v -0.149039 0.022573 -1.210642
v -0.168525 0.009453 -1.199645
v -0.090774 0.031641 -1.228392
v -0.120871 0.029904 -1.220867
v -0.025370 0.007138 -1.229549
v -0.042927 0.019486 -1.231865
v 0.027493 0.227273 -0.422519
v 0.077655 0.245215 -0.423677
v 0.077655 0.247530 -0.412294
v 0.027686 0.228430 -0.413451
v 0.025949 0.224186 -0.443934
v 0.077076 0.238849 -0.447600
v 0.118749 0.285152 -0.427342
v 0.118363 0.289203 -0.409400
v 0.119135 0.274541 -0.457054
v 0.145181 0.337629 -0.433130
v 0.144602 0.344961 -0.405927
v 0.145373 0.322773 -0.471523
v 0.152512 0.390685 -0.446442
v 0.151933 0.402647 -0.409978
v 0.151933 0.372164 -0.492360
v -0.072253 0.274541 -0.428886
v -0.025563 0.237884 -0.424834
v -0.025563 0.237691 -0.413258
v -0.073603 0.275698 -0.410943
v -0.071288 0.269717 -0.456475
v -0.026528 0.235762 -0.447407
v 0.027493 0.227273 -0.422519
v 0.027686 0.228430 -0.413451
v 0.025949 0.224186 -0.443934
v -0.116627 0.391264 -0.446635
v -0.104086 0.330491 -0.434288
v -0.107945 0.337629 -0.407084
v -0.122222 0.405734 -0.410364
v -0.111225 0.371199 -0.490238
v -0.100421 0.318529 -0.470366
v -0.078812 0.476925 -0.494675
v -0.107366 0.442005 -0.469980
v -0.112382 0.462263 -0.427535
v -0.081706 0.500463 -0.449722
v -0.075147 0.448179 -0.540786
v -0.102350 0.416538 -0.516476
v 0.138042 0.434288 -0.470366
v 0.137849 0.451458 -0.427535
v 0.137077 0.411715 -0.519563
v 0.106787 0.465928 -0.495254
v 0.106980 0.487729 -0.449722
v 0.105630 0.439690 -0.544065
v -0.203639 0.332034 -0.209330
v -0.176821 0.330298 -0.268560
v -0.187432 0.227080 -0.283223
v -0.227369 0.230746 -0.221678
v -0.172577 0.420782 -0.196211
v -0.157721 0.422133 -0.251775
v -0.147689 0.328947 -0.317372
v -0.127431 0.222642 -0.338594
v -0.144988 0.420975 -0.299043
v -0.231421 0.332613 -0.095501
v -0.221581 0.332420 -0.150293
v -0.250714 0.233253 -0.160133
v -0.261711 0.234797 -0.102061
v -0.199008 0.414223 -0.089134
v -0.187625 0.417117 -0.140647
v -0.239524 0.130614 -0.232289
v -0.266534 0.132736 -0.169393
v -0.242611 0.027010 -0.238849
v -0.271357 0.028554 -0.175181
v -0.280232 0.134087 -0.108620
v -0.288721 0.029519 -0.112865
v -0.140936 0.123090 -0.340909
v -0.198622 0.127913 -0.291905
v -0.150969 0.021029 -0.346697
v -0.204796 0.025081 -0.298657
v 0.018425 0.105726 -0.376408
v -0.066465 0.111128 -0.370042
v -0.053538 0.182512 -0.369463
v 0.025563 0.172287 -0.376987
v 0.011672 0.010225 -0.379881
v -0.075533 0.014277 -0.375251
v -0.241067 -0.086047 -0.240392
v -0.270972 -0.083153 -0.175181
v -0.290844 -0.081417 -0.112865
v -0.153091 -0.096272 -0.355572
v -0.204796 -0.090292 -0.304445
v 0.008971 -0.107656 -0.386055
v -0.078234 -0.103604 -0.383354
v -0.264412 0.235955 -0.049390
v -0.235086 0.334156 -0.046111
v -0.204025 0.414416 -0.043024
v -0.282740 0.134666 -0.052863
v -0.292001 0.029904 -0.054985
v -0.296246 -0.080645 -0.055178
v -0.173927 0.467086 -0.082382
v -0.158107 0.474803 -0.131579
v -0.138814 0.484257 -0.184249
v -0.120100 0.488501 -0.282258
v -0.127045 0.488694 -0.235376
v -0.085951 0.534033 -0.225151
v -0.080163 0.533840 -0.271068
v 0.124923 0.570690 -0.161676
v 0.094440 0.573584 -0.201613
v 0.147882 0.569146 -0.112479
v 0.162544 0.566638 -0.057493
v -0.181066 0.463999 -0.039358
v -0.036560 0.565095 -0.227852
v -0.033474 0.561815 -0.268560
v -0.039647 0.566831 -0.199684
v 0.012637 0.580722 -0.230167
v 0.014952 0.573391 -0.269139
v 0.010901 0.586317 -0.206822
v 0.015531 0.494289 -0.515319
v -0.035017 0.492939 -0.510303
v -0.036368 0.518984 -0.465735
v 0.015145 0.521107 -0.471716
v 0.015917 0.463420 -0.559307
v -0.033281 0.462263 -0.554677
v -0.106016 0.064246 -1.164339
v -0.106209 0.067333 -1.163567
v -0.077655 0.067912 -1.171091
v -0.077462 0.070999 -1.170512
v 0.012058 0.597507 -0.178268
v -0.032316 0.580143 -0.169201
v 0.012058 0.596928 -0.178461
v -0.032509 0.579758 -0.169393
v 0.012058 0.597121 -0.179619
v -0.032702 0.579758 -0.170551
v 0.011479 0.595964 -0.183477
v -0.034245 0.578214 -0.174603
v 0.010901 0.591912 -0.191966
v -0.036946 0.573198 -0.183477
v 0.038104 0.620852 -0.137367
v 0.039840 0.609855 -0.136402
v 0.010515 0.614292 -0.144505
v 0.011286 0.602909 -0.143155
v 0.041384 0.599437 -0.136209
v 0.012058 0.592298 -0.142576
v 0.042155 0.596350 -0.137174
v 0.012251 0.589018 -0.143155
v 0.042348 0.598279 -0.138717
v 0.012251 0.590755 -0.144505
v 0.037911 0.627219 -0.139296
v 0.037718 0.626061 -0.138332
v 0.010129 0.620273 -0.146821
v 0.010322 0.619309 -0.145663
v 0.040419 0.623939 -0.145277
v 0.038490 0.627026 -0.140840
v 0.010322 0.617379 -0.153380
v 0.010129 0.620080 -0.148364
v 0.050258 0.604067 -0.165342
v 0.050451 0.603681 -0.166307
v 0.012058 0.598858 -0.176339
v 0.012058 0.599244 -0.175374
v 0.050837 0.603102 -0.167657
v 0.012058 0.598279 -0.177689
v 0.048522 0.608890 -0.162255
v 0.044663 0.616607 -0.154152
v 0.011672 0.603681 -0.172094
v 0.011093 0.610626 -0.163027
v 0.050066 0.605032 -0.165149
v 0.012058 0.600208 -0.175181
v 0.050837 0.602138 -0.168043
v 0.050837 0.601559 -0.168236
v 0.012058 0.597507 -0.178268
v 0.012058 0.596928 -0.178461
v 0.051030 0.601752 -0.169393
v 0.051030 0.600980 -0.172866
v 0.012058 0.597121 -0.179619
v 0.011479 0.595964 -0.183477
v 0.051223 0.597314 -0.180776
v 0.052381 0.590562 -0.196211
v 0.010901 0.591912 -0.191966
v 0.010901 0.586317 -0.206822
v 0.056046 0.581108 -0.222835
v 0.012637 0.580722 -0.230167
v 0.062413 0.567603 -0.265087
v 0.014952 0.573391 -0.269139
v 0.064342 0.485414 -0.510496
v 0.064535 0.510688 -0.465735
v 0.063764 0.456282 -0.556799
v -0.052188 0.064632 -1.176107
v -0.052188 0.064825 -1.176686
v -0.052188 0.064246 -1.175529
v -0.051995 0.064825 -1.177651
v -0.051995 0.064632 -1.178808
v -0.056046 0.050548 -1.197716
v -0.053538 0.059230 -1.185754
v -0.059905 0.039165 -1.214115
v -0.052381 0.063474 -1.180352
v -0.070323 0.015241 -1.250000
v -0.068587 0.019293 -1.244984
v -0.070902 0.014084 -1.250000
v -0.064535 0.027782 -1.231672
v -0.051995 0.064053 -1.174564
v -0.051223 0.066947 -1.174178
v -0.100035 0.391264 -0.562973
v -0.108138 0.349012 -0.540400
v -0.074182 0.420975 -0.582266
v -0.099842 0.363482 -0.613521
v -0.107173 0.322581 -0.596543
v -0.074568 0.392808 -0.627219
v 0.099842 0.412101 -0.592105
v 0.129360 0.385669 -0.572233
v 0.118363 0.356343 -0.627990
v 0.091353 0.382775 -0.642460
v 0.144023 0.347854 -0.547152
v 0.132447 0.318915 -0.607733
v 0.020740 0.215311 -0.488115
v 0.072060 0.225536 -0.493518
v 0.013987 0.198333 -0.546959
v 0.063764 0.204893 -0.553326
v 0.114312 0.255826 -0.506251
v 0.105244 0.230360 -0.567217
v 0.139200 0.300586 -0.524579
v 0.128589 0.272611 -0.586317
v 0.020740 0.215311 -0.488115
v -0.029422 0.227080 -0.491588
v -0.032895 0.209330 -0.550046
v 0.013987 0.198333 -0.546959
v -0.070902 0.257563 -0.502778
v -0.071288 0.236726 -0.561043
v -0.096948 0.277242 -0.577828
v -0.098105 0.301165 -0.519563
v -0.032895 0.434288 -0.593842
v -0.033666 0.406120 -0.637251
v 0.014952 0.435059 -0.599437
v 0.013216 0.406699 -0.643811
v 0.060677 0.427921 -0.600208
v 0.055661 0.399174 -0.646705
v 0.030001 0.232675 -0.389335
v 0.085179 0.248302 -0.387213
v 0.090388 0.240585 -0.383547
v 0.030001 0.226501 -0.387020
v 0.029808 0.233832 -0.390106
v 0.084021 0.249846 -0.388177
v 0.130711 0.286502 -0.377180
v 0.140164 0.278399 -0.371971
v 0.128589 0.288046 -0.378338
v 0.030001 0.234218 -0.391457
v 0.084214 0.249846 -0.389335
v 0.084021 0.249846 -0.388177
v 0.029808 0.233832 -0.390106
v 0.029615 0.233447 -0.395509
v 0.083250 0.249460 -0.393579
v 0.128974 0.287660 -0.379495
v 0.128589 0.288046 -0.378338
v 0.127624 0.287467 -0.384512
v 0.163316 0.409014 -0.357501
v 0.156563 0.344575 -0.365411
v 0.155213 0.344768 -0.371199
v 0.162158 0.408821 -0.364640
v 0.162737 0.409014 -0.356344
v 0.155985 0.344961 -0.364061
v 0.164667 0.409014 -0.354800
v 0.158300 0.344189 -0.362903
v 0.155985 0.344961 -0.364061
v 0.162737 0.409014 -0.356344
v 0.172191 0.408049 -0.346118
v 0.168332 0.338787 -0.356344
v 0.148653 0.468050 -0.361939
v 0.152126 0.470559 -0.349205
v 0.147303 0.467279 -0.363868
v 0.114697 0.512811 -0.376987
v 0.114890 0.517441 -0.359816
v 0.114312 0.511460 -0.379495
v 0.147882 0.467472 -0.365218
v 0.147303 0.467279 -0.363868
v 0.146917 0.466314 -0.373707
v 0.114697 0.511846 -0.381039
v 0.114312 0.511460 -0.379495
v 0.113733 0.509917 -0.390299
v 0.018811 0.545609 -0.395123
v -0.030580 0.539628 -0.389914
v -0.031544 0.544837 -0.369849
v 0.018039 0.551590 -0.374093
v 0.019197 0.544066 -0.398403
v -0.030001 0.538085 -0.393000
v -0.075340 0.516862 -0.376987
v -0.076883 0.521107 -0.360202
v -0.074375 0.515705 -0.379495
v 0.018811 0.544644 -0.399946
v -0.030773 0.538856 -0.394544
v -0.030001 0.538085 -0.393000
v 0.019197 0.544066 -0.398403
v 0.017846 0.543680 -0.409978
v -0.032702 0.538277 -0.404383
v -0.075340 0.516090 -0.381039
v -0.074375 0.515705 -0.379495
v -0.078041 0.516090 -0.390299
v 0.069359 0.537699 -0.389914
v 0.068394 0.543487 -0.369656
v 0.069359 0.536155 -0.393000
v 0.018811 0.545609 -0.395123
v 0.018039 0.551590 -0.374093
v 0.019197 0.544066 -0.398403
v 0.069359 0.536541 -0.394544
v 0.069359 0.536155 -0.393000
v 0.068587 0.534998 -0.404383
v -0.125695 0.413451 -0.353643
v -0.111996 0.340909 -0.358659
v -0.117206 0.339366 -0.354800
v -0.129746 0.415188 -0.347276
v -0.124151 0.412872 -0.354800
v -0.110646 0.340909 -0.359430
v -0.075725 0.277049 -0.371199
v -0.081128 0.272611 -0.368305
v -0.074568 0.277628 -0.371971
v -0.125309 0.413065 -0.356151
v -0.111225 0.340716 -0.360974
v -0.110646 0.340909 -0.359430
v -0.124151 0.412872 -0.354800
v -0.126659 0.413065 -0.363482
v -0.111804 0.340716 -0.367919
v -0.074761 0.277435 -0.373514
v -0.074568 0.277628 -0.371971
v -0.074954 0.277049 -0.379688
v -0.110646 0.474224 -0.361939
v -0.113347 0.477504 -0.350556
v -0.109295 0.473260 -0.363675
v -0.110453 0.473645 -0.365025
v -0.109295 0.473260 -0.363675
v -0.112768 0.473838 -0.373514
v -0.025949 0.240778 -0.382968
v -0.029808 0.235376 -0.380653
v -0.025370 0.241743 -0.383740
v 0.030001 0.232675 -0.389335
v 0.030001 0.226501 -0.387020
v 0.029808 0.233832 -0.390106
v -0.025370 0.241936 -0.385090
v -0.025370 0.241743 -0.383740
v -0.025370 0.241357 -0.390299
v 0.030001 0.234218 -0.391457
v 0.029808 0.233832 -0.390106
v 0.029615 0.233447 -0.395509
v 0.188976 0.327790 -0.338015
v 0.186854 0.405927 -0.323159
v 0.160808 0.258142 -0.356729
v 0.100999 0.220713 -0.374865
v 0.029036 0.209716 -0.381810
v -0.135727 0.418081 -0.330491
v -0.116048 0.483485 -0.322774
v -0.078041 0.528245 -0.320651
v 0.158300 0.474996 -0.316986
v 0.114119 0.526895 -0.316600
v 0.149425 0.346118 -0.385090
v 0.156756 0.407856 -0.382196
v 0.122608 0.289011 -0.394930
v 0.080356 0.248688 -0.402068
v 0.028650 0.230938 -0.403998
v 0.028650 0.230938 -0.403998
v -0.025563 0.239234 -0.401104
v -0.074568 0.276277 -0.393579
v -0.110839 0.340330 -0.384126
v -0.125695 0.412101 -0.382003
v -0.113926 0.471523 -0.394544
v -0.080935 0.512618 -0.413644
v 0.142094 0.461684 -0.394544
v 0.110067 0.502392 -0.413644
v 0.029036 0.209716 -0.381810
v -0.039069 0.219555 -0.375444
v -0.095597 0.258720 -0.359816
v -0.128203 0.335121 -0.343610
v -0.035210 0.533261 -0.428886
v 0.016110 0.536927 -0.434867
v -0.032123 0.553712 -0.322774
v 0.016881 0.562201 -0.324703
v 0.065693 0.554291 -0.322195
v 0.016881 0.562201 -0.324703
v 0.066465 0.527087 -0.428886
v -0.149811 0.049776 -1.140415
v -0.132640 0.066175 -1.150834
v -0.155020 0.029325 -1.129997
v -0.147496 0.070034 -1.115141
v -0.129167 0.089327 -1.126524
v -0.153091 0.045724 -1.102987
v -0.025370 0.065211 -1.170512
v -0.008200 0.048233 -1.166847
v -0.013988 0.087784 -1.144467
v 0.004341 0.067912 -1.139258
v 0.001061 0.025853 -1.160094
v 0.013216 0.042059 -1.130769
v -0.032316 -0.030097 -1.091990
v -0.038490 -0.035885 -1.124981
v -0.012637 -0.024502 -1.138100
v -0.005691 -0.015821 -1.106266
v -0.064921 -0.032220 -1.081378
v -0.071095 -0.036464 -1.114755
v 0.009936 0.011190 -1.119579
v 0.000482 -0.001351 -1.150255
v -0.129746 -0.015242 -1.113405
v -0.102929 -0.029519 -1.111090
v -0.097720 -0.024502 -1.078291
v -0.126080 -0.007331 -1.082343
v -0.071095 -0.036464 -1.114755
v -0.064921 -0.032220 -1.081378
v -0.147882 0.005981 -1.120350
v -0.145374 0.017942 -1.091411
v -0.075918 0.081996 -1.167811
v -0.106016 0.077751 -1.160480
v -0.100614 0.102253 -1.136750
v -0.068201 0.106884 -1.143695
v -0.038683 0.101482 -1.146203
v -0.048329 0.077172 -1.171091
v 0.011672 0.375637 -0.697831
v 0.050837 0.368691 -0.700340
v 0.046593 0.341874 -0.747801
v 0.010129 0.348047 -0.746450
v 0.083057 0.352485 -0.696674
v 0.076111 0.326246 -0.743749
v -0.034052 0.374479 -0.691465
v -0.034052 0.346504 -0.740083
v -0.074954 0.360974 -0.682011
v -0.074761 0.332999 -0.730244
v -0.071867 0.208558 -0.621238
v -0.096562 0.247338 -0.637637
v -0.096369 0.221485 -0.686063
v -0.072060 0.183284 -0.670049
v -0.106787 0.291712 -0.655194
v -0.106401 0.265087 -0.703427
v 0.008007 0.173445 -0.607540
v -0.035789 0.183284 -0.610434
v -0.037332 0.159168 -0.659824
v 0.004534 0.150100 -0.657702
v 0.094633 0.201806 -0.628762
v 0.054889 0.178847 -0.614292
v 0.048715 0.155309 -0.665226
v 0.086337 0.177304 -0.680082
v 0.008007 0.173445 -0.607540
v 0.004534 0.150100 -0.657702
v -0.099842 0.331841 -0.670049
v -0.099456 0.304638 -0.718282
v 0.122415 0.287660 -0.667927
v 0.117977 0.242128 -0.647862
v 0.109488 0.216276 -0.699568
v 0.114312 0.260843 -0.718861
v 0.108717 0.325475 -0.685291
v 0.100999 0.298850 -0.733910
v 0.043313 0.322966 -0.778091
v 0.008585 0.329140 -0.776354
v 0.071095 0.307725 -0.775004
v 0.040033 0.305217 -0.805487
v 0.005498 0.311391 -0.803172
v 0.067429 0.290554 -0.803172
v -0.034438 0.327790 -0.769216
v -0.074568 0.315442 -0.758798
v -0.036946 0.310233 -0.795840
v -0.076304 0.298464 -0.785422
v -0.096562 0.207401 -0.715581
v -0.072253 0.169200 -0.700340
v -0.106401 0.250617 -0.732366
v -0.098684 0.195053 -0.744135
v -0.074375 0.157239 -0.729472
v -0.108331 0.237112 -0.760148
v -0.037139 0.145277 -0.691272
v 0.004341 0.136016 -0.690500
v -0.038876 0.133315 -0.721176
v 0.003183 0.124247 -0.721176
v 0.047172 0.141032 -0.699375
v 0.082864 0.162448 -0.715581
v 0.004341 0.136016 -0.690500
v 0.045821 0.129457 -0.730823
v 0.080356 0.150872 -0.747415
v 0.003183 0.124247 -0.721176
v -0.099263 0.288625 -0.746643
v -0.100999 0.273383 -0.773846
v 0.103893 0.200455 -0.735260
v 0.107752 0.244058 -0.753974
v 0.099263 0.188301 -0.767287
v 0.101771 0.230553 -0.785036
v 0.094633 0.280907 -0.767094
v 0.089423 0.265666 -0.796805
v -0.073410 0.034534 -0.934944
v -0.086530 0.000579 -1.011730
v -0.051609 -0.007910 -1.012888
v -0.036368 0.025853 -0.934172
v -0.104858 0.056143 -0.943240
v -0.116434 0.020643 -1.017904
v 0.001061 0.031641 -0.941503
v -0.017267 -0.003859 -1.022342
v 0.011479 0.013505 -1.036233
v 0.032702 0.051898 -0.954623
v -0.036368 0.025853 -0.934172
v -0.051609 -0.007910 -1.012888
v 0.007621 0.128106 -1.081957
v -0.019004 0.142769 -1.085237
v 0.002990 0.188108 -1.010766
v 0.031158 0.173445 -1.006135
v -0.051030 0.148557 -1.084079
v -0.031544 0.193703 -1.011151
v -0.086337 0.144312 -1.078291
v -0.070130 0.189844 -1.006907
v -0.117784 0.130807 -1.069031
v -0.104472 0.176339 -0.998611
v -0.125888 0.088362 -0.956745
v -0.136692 0.049776 -1.029480
v -0.133605 0.123283 -0.972372
v -0.144409 0.081610 -1.043371
v -0.138042 0.109392 -1.056876
v -0.126466 0.153573 -0.986842
v 0.030194 0.043410 -1.050702
v 0.053538 0.084504 -0.970057
v 0.035789 0.077365 -1.063822
v 0.060098 0.120389 -0.985106
v 0.027107 0.106112 -1.074433
v 0.051609 0.150872 -0.997453
v -0.054310 0.089327 -0.819571
v -0.062992 0.063860 -0.872820
v -0.023634 0.056143 -0.870891
v -0.013023 0.082189 -0.817642
v -0.088266 0.111321 -0.828639
v -0.095790 0.085854 -0.881888
v -0.080356 0.136788 -0.774811
v -0.045242 0.113829 -0.766129
v -0.003376 0.105726 -0.765550
v 0.029422 0.090292 -0.824201
v 0.016881 0.063474 -0.877064
v 0.050837 0.085854 -0.889798
v 0.064535 0.113443 -0.837514
v -0.013023 0.082189 -0.817642
v -0.023634 0.056143 -0.870891
v -0.003376 0.105726 -0.765550
v 0.039647 0.112479 -0.773653
v 0.074375 0.135052 -0.788895
v 0.029422 0.090292 -0.824201
v 0.028650 0.253511 -0.894621
v 0.018618 0.223993 -0.947870
v -0.017653 0.229202 -0.949028
v -0.008200 0.258528 -0.895200
v 0.057590 0.240585 -0.890570
v 0.047750 0.210488 -0.943047
v 0.035403 0.281486 -0.845424
v -0.000289 0.286888 -0.844459
v 0.063571 0.267788 -0.842530
v -0.125695 0.156660 -0.912371
v -0.117591 0.119617 -0.896358
v -0.111032 0.146434 -0.843109
v -0.119521 0.185021 -0.859122
v -0.113154 0.213767 -0.804908
v -0.104086 0.173252 -0.789088
v -0.095019 0.211645 -0.938609
v -0.118170 0.188301 -0.927034
v -0.111804 0.217819 -0.873399
v -0.088073 0.241550 -0.884396
v -0.105630 0.248109 -0.818799
v -0.081320 0.272226 -0.829989
v 0.084021 0.150100 -0.854877
v 0.071481 0.120775 -0.906004
v 0.077076 0.158396 -0.922210
v 0.087880 0.188879 -0.871662
v 0.093089 0.172287 -0.807802
v 0.095597 0.212803 -0.824973
v 0.078233 0.219362 -0.883238
v 0.068201 0.188686 -0.934558
v 0.084407 0.245215 -0.836356
v -0.058555 0.225151 -0.945941
v -0.050259 0.254669 -0.891920
v -0.042541 0.284573 -0.838864
# num_vertices: 2618

vt 0.213100 0.649100
vt 0.213200 0.649000
vt 0.198000 0.648500
vt 0.198000 0.648500
vt 0.213100 0.649100
vt 0.228300 0.649600
vt 0.228300 0.649400
vt 0.213200 0.648900
vt 0.198000 0.648500
vt 0.228300 0.649200
vt 0.445200 0.051700
vt 0.487000 0.055000
vt 0.487000 0.055100
vt 0.445200 0.051700
vt 0.445200 0.051600
vt 0.487100 0.055000
vt 0.528900 0.058400
vt 0.528900 0.058500
vt 0.528900 0.058300
vt 0.407100 0.050000
vt 0.407100 0.049800
vt 0.369100 0.048400
vt 0.369000 0.048000
vt 0.407000 0.049600
vt 0.368900 0.047600
vt 0.778700 0.958300
vt 0.739300 0.960800
vt 0.739300 0.960500
vt 0.778600 0.958000
vt 0.778700 0.958500
vt 0.739300 0.961000
vt 0.700000 0.963300
vt 0.700000 0.963100
vt 0.700000 0.963400
vt 0.564900 0.058600
vt 0.564900 0.058900
vt 0.564900 0.058300
vt 0.600900 0.058800
vt 0.600900 0.059300
vt 0.600900 0.058300
vt 0.893000 0.951900
vt 0.835800 0.955100
vt 0.835800 0.955000
vt 0.893000 0.951900
vt 0.893000 0.951900
vt 0.835800 0.955200
vt 0.938800 0.947200
vt 0.938800 0.947500
vt 0.984500 0.942500
vt 0.984500 0.943000
vt 0.938800 0.947700
vt 0.984500 0.943600
vt 0.339500 0.047300
vt 0.339500 0.047100
vt 0.310000 0.046200
vt 0.310000 0.046100
vt 0.339500 0.046800
vt 0.310000 0.046000
vt 0.368300 0.051700
vt 0.406000 0.053200
vt 0.404900 0.055000
vt 0.367500 0.053300
vt 0.369000 0.050100
vt 0.407000 0.051400
vt 0.443700 0.054700
vt 0.442300 0.056600
vt 0.445100 0.052800
vt 0.486100 0.057800
vt 0.485300 0.059400
vt 0.486900 0.056300
vt 0.528500 0.061000
vt 0.528400 0.062200
vt 0.528700 0.059800
vt 0.564600 0.061900
vt 0.564500 0.063300
vt 0.564800 0.060500
vt 0.600700 0.062900
vt 0.600600 0.064500
vt 0.600800 0.061300
vt 0.892800 0.950100
vt 0.835600 0.952600
vt 0.835400 0.951500
vt 0.892700 0.949100
vt 0.892900 0.951100
vt 0.835700 0.953800
vt 0.778300 0.955200
vt 0.778200 0.953900
vt 0.778500 0.956500
vt 0.984100 0.938900
vt 0.938400 0.944500
vt 0.938300 0.943200
vt 0.983900 0.937400
vt 0.984300 0.940500
vt 0.938600 0.945800
vt 0.310000 0.048600
vt 0.339100 0.050200
vt 0.338800 0.051600
vt 0.310000 0.049800
vt 0.310000 0.047400
vt 0.339500 0.048800
vt 0.739200 0.957900
vt 0.739100 0.956700
vt 0.739200 0.959200
vt 0.700000 0.960600
vt 0.700000 0.959400
vt 0.700000 0.961800
vt 0.339500 0.048000
vt 0.369000 0.049200
vt 0.310000 0.046800
vt 0.938700 0.946500
vt 0.893000 0.951500
vt 0.984400 0.941500
vt 0.564800 0.059700
vt 0.600900 0.060300
vt 0.528800 0.059100
vt 0.407100 0.050700
vt 0.445100 0.052200
vt 0.486900 0.055700
vt 0.739300 0.959900
vt 0.700000 0.962500
vt 0.778500 0.957200
vt 0.835800 0.954400
vt 0.445900 0.033200
vt 0.407500 0.030900
vt 0.407900 0.012200
vt 0.446600 0.014700
vt 0.369100 0.028700
vt 0.369200 0.009800
vt 0.528900 0.038000
vt 0.487400 0.035600
vt 0.487800 0.016200
vt 0.528900 0.017800
vt 0.339600 0.028600
vt 0.310000 0.028400
vt 0.339600 0.010300
vt 0.310000 0.010800
vt 0.837400 0.990900
vt 0.836600 0.973000
vt 0.893900 0.970200
vt 0.894700 0.988600
vt 0.780100 0.993100
vt 0.779400 0.975800
vt 0.940600 0.965500
vt 0.987300 0.960800
vt 0.942400 0.983300
vt 0.990100 0.978100
vt 0.740100 0.994500
vt 0.739700 0.977700
vt 0.700000 0.995800
vt 0.700000 0.979600
vt 0.565500 0.019400
vt 0.565200 0.038800
vt 0.602100 0.021000
vt 0.601500 0.039700
vt 0.441600 0.058500
vt 0.403800 0.056800
vt 0.441000 0.060400
vt 0.402800 0.058600
vt 0.366000 0.055000
vt 0.364500 0.056700
vt 0.527900 0.064300
vt 0.484800 0.061400
vt 0.527500 0.066400
vt 0.484300 0.063400
vt 0.338000 0.053900
vt 0.337300 0.056300
vt 0.310000 0.052800
vt 0.310000 0.055800
vt 0.777900 0.951300
vt 0.835000 0.949500
vt 0.777500 0.948800
vt 0.834600 0.947400
vt 0.892200 0.947600
vt 0.891700 0.946100
vt 0.937600 0.939700
vt 0.937900 0.941400
vt 0.983400 0.933200
vt 0.983700 0.935300
vt 0.700000 0.957100
vt 0.738900 0.954200
vt 0.700000 0.954700
vt 0.738800 0.951700
vt 0.601100 0.066500
vt 0.564500 0.065400
vt 0.601500 0.068600
vt 0.564500 0.067500
vt 0.364900 0.530200
vt 0.367500 0.522600
vt 0.392000 0.533000
vt 0.387400 0.538000
vt 0.342400 0.522500
vt 0.343000 0.512100
vt 0.370200 0.514900
vt 0.396700 0.528100
vt 0.343700 0.501700
vt 0.760700 0.457200
vt 0.762500 0.459100
vt 0.751100 0.463500
vt 0.751000 0.460700
vt 0.770400 0.453700
vt 0.773900 0.454800
vt 0.764300 0.461100
vt 0.751200 0.466200
vt 0.777400 0.455900
vt 0.725500 0.463300
vt 0.725600 0.467400
vt 0.700000 0.471400
vt 0.700000 0.465800
vt 0.725600 0.471600
vt 0.700000 0.477000
vt 0.326200 0.521200
vt 0.326500 0.510800
vt 0.310000 0.519900
vt 0.310000 0.509400
vt 0.326800 0.500300
vt 0.310000 0.498900
vt 0.383900 0.541000
vt 0.396100 0.562500
vt 0.395200 0.562900
vt 0.382900 0.541800
vt 0.384900 0.540100
vt 0.397100 0.562100
vt 0.408300 0.584000
vt 0.407400 0.584000
vt 0.409300 0.584100
vt 0.700000 0.461800
vt 0.724900 0.459600
vt 0.725100 0.460300
vt 0.700000 0.462600
vt 0.700000 0.460900
vt 0.724700 0.458800
vt 0.749800 0.457400
vt 0.750200 0.458000
vt 0.749400 0.456800
vt 0.341000 0.525000
vt 0.325500 0.523400
vt 0.325700 0.522600
vt 0.341400 0.524100
vt 0.340700 0.525800
vt 0.325400 0.524200
vt 0.310000 0.521800
vt 0.310000 0.521000
vt 0.310000 0.522500
vt 0.362500 0.533000
vt 0.361800 0.533800
vt 0.363100 0.532100
vt 0.768200 0.451000
vt 0.759000 0.454200
vt 0.758500 0.453600
vt 0.767700 0.450400
vt 0.768800 0.451600
vt 0.759500 0.454800
vt 0.725200 0.462000
vt 0.725400 0.462600
vt 0.700000 0.465100
vt 0.700000 0.464300
vt 0.750500 0.459700
vt 0.750800 0.460200
vt 0.725200 0.461200
vt 0.700000 0.463500
vt 0.750400 0.458900
vt 0.363700 0.531200
vt 0.364300 0.530700
vt 0.386500 0.538500
vt 0.385700 0.539000
vt 0.341700 0.523400
vt 0.342100 0.523000
vt 0.363400 0.531600
vt 0.385300 0.539500
vt 0.341600 0.523800
vt 0.759900 0.456200
vt 0.760300 0.456700
vt 0.769400 0.452800
vt 0.769900 0.453200
vt 0.759700 0.455500
vt 0.769100 0.452200
vt 0.325900 0.522000
vt 0.326100 0.521600
vt 0.310000 0.520600
vt 0.310000 0.520200
vt 0.325800 0.522300
vt 0.310000 0.520800
vt 0.304600 0.639700
vt 0.323400 0.635800
vt 0.323200 0.636700
vt 0.304700 0.640600
vt 0.304500 0.638900
vt 0.323700 0.634900
vt 0.342300 0.631800
vt 0.341700 0.632700
vt 0.342800 0.630900
vt 0.289200 0.643200
vt 0.289100 0.642200
vt 0.289300 0.644200
vt 0.273900 0.646700
vt 0.273700 0.645500
vt 0.274000 0.647900
vt 0.128300 0.634300
vt 0.140900 0.637300
vt 0.140800 0.637800
vt 0.128400 0.634500
vt 0.128200 0.634000
vt 0.141000 0.636800
vt 0.153500 0.640400
vt 0.153300 0.641100
vt 0.153800 0.639700
vt 0.165400 0.643300
vt 0.165100 0.644100
vt 0.165700 0.642400
vt 0.177300 0.646200
vt 0.177000 0.647200
vt 0.177600 0.645100
vt 0.263300 0.647700
vt 0.263300 0.646800
vt 0.263400 0.648700
vt 0.252800 0.648700
vt 0.252900 0.648000
vt 0.252700 0.649500
vt 0.187700 0.647000
vt 0.187500 0.647900
vt 0.187900 0.646100
vt 0.198100 0.647800
vt 0.198200 0.647000
vt 0.213100 0.649100
vt 0.213200 0.648500
vt 0.213300 0.647900
vt 0.213100 0.649100
vt 0.228400 0.649200
vt 0.228500 0.648800
vt 0.187500 0.648200
vt 0.187100 0.649100
vt 0.176600 0.648900
vt 0.176900 0.647900
vt 0.197600 0.649300
vt 0.186800 0.650000
vt 0.176300 0.649900
vt 0.197200 0.650100
vt 0.187500 0.648000
vt 0.177000 0.647500
vt 0.263600 0.649300
vt 0.264100 0.650300
vt 0.253400 0.650400
vt 0.252900 0.649600
vt 0.274400 0.649000
vt 0.274800 0.650300
vt 0.264600 0.651400
vt 0.253900 0.651200
vt 0.275200 0.651500
vt 0.263500 0.649000
vt 0.252800 0.649500
vt 0.274200 0.648500
vt 0.165000 0.644600
vt 0.164900 0.645500
vt 0.153300 0.642200
vt 0.153200 0.641300
vt 0.164800 0.646500
vt 0.153400 0.643000
vt 0.165100 0.644400
vt 0.153200 0.641200
vt 0.140900 0.637600
vt 0.141000 0.638200
vt 0.128800 0.634200
vt 0.128600 0.633900
vt 0.141100 0.638800
vt 0.128900 0.634500
vt 0.140900 0.637700
vt 0.128500 0.634200
vt 0.289300 0.645300
vt 0.289400 0.646600
vt 0.304200 0.641600
vt 0.304000 0.642900
vt 0.289500 0.647900
vt 0.303800 0.644300
vt 0.289300 0.644800
vt 0.304400 0.641100
vt 0.322200 0.637400
vt 0.321800 0.638500
vt 0.340200 0.633200
vt 0.339600 0.634000
vt 0.321400 0.639600
vt 0.339100 0.634900
vt 0.322700 0.637000
vt 0.340900 0.633000
vt 0.324100 0.633100
vt 0.321700 0.623000
vt 0.341200 0.618400
vt 0.343700 0.629300
vt 0.304500 0.637000
vt 0.302200 0.627700
vt 0.319400 0.613000
vt 0.338800 0.607600
vt 0.300000 0.618300
vt 0.289000 0.640300
vt 0.287800 0.630400
vt 0.273500 0.643500
vt 0.273300 0.633200
vt 0.286600 0.620600
vt 0.273200 0.622800
vt 0.155400 0.630000
vt 0.142600 0.627700
vt 0.144200 0.619400
vt 0.157100 0.621700
vt 0.153800 0.638200
vt 0.141000 0.635900
vt 0.129700 0.625300
vt 0.131300 0.617100
vt 0.128100 0.633500
vt 0.178000 0.634100
vt 0.166700 0.632000
vt 0.167700 0.623500
vt 0.178400 0.625200
vt 0.177500 0.642900
vt 0.165700 0.640600
vt 0.197600 0.636700
vt 0.187800 0.635400
vt 0.187800 0.626300
vt 0.197100 0.627400
vt 0.198000 0.646000
vt 0.187800 0.644500
vt 0.228000 0.638500
vt 0.212800 0.637600
vt 0.212300 0.628200
vt 0.227600 0.629000
vt 0.228500 0.648000
vt 0.213300 0.647000
vt 0.263100 0.645100
vt 0.263100 0.635000
vt 0.252700 0.646700
vt 0.252900 0.636800
vt 0.263200 0.624800
vt 0.253200 0.626900
vt 0.323900 0.634000
vt 0.343300 0.630100
vt 0.304500 0.637900
vt 0.289100 0.641200
vt 0.273600 0.644500
vt 0.141000 0.636400
vt 0.153800 0.639000
vt 0.128100 0.633800
vt 0.165700 0.641500
vt 0.177600 0.644000
vt 0.263200 0.645900
vt 0.252800 0.647400
vt 0.187800 0.645300
vt 0.198100 0.646500
vt 0.213300 0.647500
vt 0.228500 0.648400
vt 0.340800 0.533500
vt 0.325400 0.531800
vt 0.325100 0.525000
vt 0.340200 0.526900
vt 0.341400 0.540100
vt 0.325700 0.538600
vt 0.310000 0.530100
vt 0.310000 0.523200
vt 0.310000 0.537100
vt 0.700000 0.452700
vt 0.724000 0.450200
vt 0.724800 0.457400
vt 0.700000 0.459200
vt 0.700000 0.446200
vt 0.723200 0.443100
vt 0.748000 0.447800
vt 0.749600 0.455500
vt 0.746400 0.440100
vt 0.756200 0.444800
vt 0.758300 0.452400
vt 0.754000 0.437300
vt 0.764400 0.441900
vt 0.767100 0.449200
vt 0.761600 0.434500
vt 0.377500 0.549900
vt 0.359100 0.541700
vt 0.361000 0.535000
vt 0.381800 0.543200
vt 0.373200 0.556500
vt 0.357300 0.548300
vt 0.399600 0.587300
vt 0.388500 0.568600
vt 0.394400 0.564000
vt 0.406900 0.584800
vt 0.392200 0.589800
vt 0.382700 0.573100
vt 0.394800 0.563500
vt 0.407200 0.584400
vt 0.382400 0.542500
vt 0.724700 0.458100
vt 0.749500 0.456200
vt 0.700000 0.460000
vt 0.325200 0.524600
vt 0.310000 0.522900
vt 0.340400 0.526400
vt 0.361400 0.534400
vt 0.758400 0.453000
vt 0.767400 0.449800
vt 0.333800 0.555200
vt 0.321900 0.554000
vt 0.321500 0.553500
vt 0.333000 0.554400
vt 0.334700 0.556100
vt 0.322300 0.554600
vt 0.310000 0.552800
vt 0.310000 0.552600
vt 0.310000 0.553000
vt 0.358000 0.565800
vt 0.345900 0.560500
vt 0.345600 0.559800
vt 0.358200 0.565300
vt 0.357800 0.566400
vt 0.346200 0.561300
vt 0.378000 0.591200
vt 0.368000 0.578500
vt 0.368400 0.577800
vt 0.378500 0.590300
vt 0.377500 0.592100
vt 0.367600 0.579200
vt 0.700000 0.428900
vt 0.721800 0.427200
vt 0.721400 0.428300
vt 0.700000 0.430200
vt 0.700000 0.427600
vt 0.722200 0.426200
vt 0.743600 0.425600
vt 0.742700 0.426300
vt 0.744500 0.424800
vt 0.749300 0.423400
vt 0.748900 0.424300
vt 0.749600 0.422500
vt 0.755000 0.421300
vt 0.755200 0.422400
vt 0.754800 0.420300
vt 0.337000 0.549000
vt 0.323500 0.547600
vt 0.325500 0.541700
vt 0.341000 0.543600
vt 0.310000 0.546200
vt 0.310000 0.539700
vt 0.364500 0.562400
vt 0.350800 0.555700
vt 0.355900 0.551600
vt 0.370800 0.559500
vt 0.384800 0.589600
vt 0.374700 0.576000
vt 0.381000 0.574200
vt 0.391200 0.588800
vt 0.700000 0.436400
vt 0.722200 0.434400
vt 0.723000 0.440500
vt 0.700000 0.442600
vt 0.744400 0.432300
vt 0.746000 0.438300
vt 0.751300 0.429900
vt 0.753600 0.435400
vt 0.758200 0.427400
vt 0.761200 0.432500
vt 0.341100 0.542700
vt 0.325600 0.540900
vt 0.325600 0.540200
vt 0.341200 0.541900
vt 0.310000 0.539100
vt 0.310000 0.538400
vt 0.371400 0.558800
vt 0.356300 0.550800
vt 0.356600 0.550000
vt 0.372000 0.558000
vt 0.391400 0.589000
vt 0.381400 0.573900
vt 0.381800 0.573700
vt 0.391600 0.589300
vt 0.700000 0.443500
vt 0.723000 0.441100
vt 0.723100 0.441800
vt 0.700000 0.444400
vt 0.746100 0.438800
vt 0.746200 0.439200
vt 0.753700 0.435900
vt 0.753800 0.436300
vt 0.761300 0.433000
vt 0.761400 0.433500
vt 0.341300 0.541000
vt 0.325700 0.539400
vt 0.310000 0.537800
vt 0.372600 0.557300
vt 0.356900 0.549100
vt 0.391900 0.589500
vt 0.382200 0.573400
vt 0.700000 0.445300
vt 0.723100 0.442500
vt 0.746300 0.439600
vt 0.753900 0.436800
vt 0.761500 0.434000
vt 0.818900 0.511100
vt 0.787300 0.516000
vt 0.782500 0.480400
vt 0.814500 0.473800
vt 0.823300 0.548400
vt 0.792100 0.551700
vt 0.755700 0.521000
vt 0.750500 0.486900
vt 0.760800 0.555100
vt 0.727800 0.519900
vt 0.725300 0.488400
vt 0.730400 0.551400
vt 0.700000 0.518800
vt 0.700000 0.489900
vt 0.700000 0.547700
vt 0.836000 0.588300
vt 0.798800 0.585700
vt 0.848600 0.628200
vt 0.805500 0.619600
vt 0.761600 0.583100
vt 0.762400 0.611100
vt 0.730800 0.579800
vt 0.731200 0.608300
vt 0.700000 0.576600
vt 0.700000 0.605600
vt 0.850700 0.663200
vt 0.808900 0.654600
vt 0.852700 0.698100
vt 0.812200 0.689600
vt 0.767000 0.646100
vt 0.771700 0.681100
vt 0.890100 0.632900
vt 0.892900 0.666200
vt 0.931600 0.637500
vt 0.935000 0.669200
vt 0.895600 0.699500
vt 0.938400 0.700900
vt 0.733500 0.644300
vt 0.735800 0.680300
vt 0.700000 0.642600
vt 0.700000 0.679600
vt 0.862600 0.755900
vt 0.816900 0.744400
vt 0.872500 0.813700
vt 0.821600 0.799300
vt 0.771100 0.733000
vt 0.770600 0.784900
vt 0.904100 0.756100
vt 0.945500 0.756200
vt 0.912600 0.812600
vt 0.952600 0.811500
vt 0.735600 0.732100
vt 0.735300 0.783900
vt 0.700000 0.731200
vt 0.700000 0.782900
vt 0.875400 0.853200
vt 0.823800 0.842700
vt 0.878200 0.892800
vt 0.826100 0.886100
vt 0.772300 0.832200
vt 0.774000 0.879400
vt 0.918200 0.850900
vt 0.961100 0.848500
vt 0.923900 0.889200
vt 0.969500 0.885500
vt 0.736100 0.830600
vt 0.737000 0.877300
vt 0.700000 0.829100
vt 0.700000 0.875300
vt 0.392400 0.207100
vt 0.393800 0.162700
vt 0.428000 0.162700
vt 0.425200 0.206000
vt 0.359600 0.208300
vt 0.359600 0.162800
vt 0.395200 0.118400
vt 0.430900 0.119400
vt 0.359500 0.117400
vt 0.465100 0.203000
vt 0.467500 0.161700
vt 0.506900 0.160800
vt 0.505100 0.200000
vt 0.469800 0.120500
vt 0.508800 0.121600
vt 0.547000 0.200300
vt 0.549000 0.160900
vt 0.591000 0.160900
vt 0.588800 0.200600
vt 0.551000 0.121400
vt 0.593200 0.121200
vt 0.334800 0.162600
vt 0.334800 0.117100
vt 0.334800 0.208100
vt 0.310000 0.162400
vt 0.310000 0.116900
vt 0.310000 0.207900
vt 0.399000 0.088500
vt 0.362000 0.087100
vt 0.435900 0.089900
vt 0.477000 0.091900
vt 0.518100 0.094000
vt 0.336000 0.086700
vt 0.310000 0.086400
vt 0.775700 0.914100
vt 0.830300 0.916800
vt 0.884900 0.919500
vt 0.930700 0.914400
vt 0.976500 0.909400
vt 0.700000 0.915000
vt 0.737900 0.914500
vt 0.557800 0.094500
vt 0.597400 0.094900
vt 0.369000 0.008800
vt 0.407700 0.011200
vt 0.368800 0.007900
vt 0.407500 0.010100
vt 0.446400 0.013500
vt 0.446300 0.012300
vt 0.487600 0.015300
vt 0.487400 0.014300
vt 0.528700 0.017000
vt 0.528500 0.016300
vt 0.339500 0.009400
vt 0.310000 0.009900
vt 0.339400 0.008500
vt 0.310000 0.009000
vt 0.895100 0.992000
vt 0.837600 0.992900
vt 0.895500 0.995500
vt 0.837700 0.995000
vt 0.780000 0.993800
vt 0.779800 0.994500
vt 0.943100 0.986700
vt 0.991100 0.981400
vt 0.943800 0.990100
vt 0.992100 0.984700
vt 0.740000 0.995100
vt 0.739900 0.995800
vt 0.700000 0.996400
vt 0.700000 0.997100
vt 0.564400 0.017400
vt 0.563400 0.015500
vt 0.600200 0.017800
vt 0.598300 0.014700
vt 0.312800 0.593400
vt 0.312700 0.592900
vt 0.329100 0.587600
vt 0.329400 0.588000
vt 0.296300 0.598700
vt 0.296300 0.598200
vt 0.312600 0.592300
vt 0.328800 0.587100
vt 0.296400 0.597600
vt 0.283300 0.601100
vt 0.283300 0.600600
vt 0.270300 0.603500
vt 0.270300 0.603000
vt 0.283300 0.600000
vt 0.270200 0.602400
vt 0.133700 0.600000
vt 0.146500 0.602300
vt 0.146400 0.602700
vt 0.133500 0.600400
vt 0.133900 0.599700
vt 0.146500 0.601900
vt 0.159200 0.604500
vt 0.159300 0.605000
vt 0.159200 0.604100
vt 0.169900 0.606300
vt 0.169900 0.606800
vt 0.169900 0.605900
vt 0.180600 0.608100
vt 0.180600 0.608600
vt 0.180600 0.607700
vt 0.189700 0.608800
vt 0.189600 0.609200
vt 0.189900 0.608300
vt 0.198900 0.609400
vt 0.198600 0.609900
vt 0.199100 0.609000
vt 0.214000 0.609700
vt 0.213900 0.610100
vt 0.214100 0.609200
vt 0.229100 0.609900
vt 0.229200 0.610400
vt 0.229100 0.609500
vt 0.260600 0.605600
vt 0.260400 0.605100
vt 0.250800 0.607700
vt 0.250600 0.607300
vt 0.260300 0.604600
vt 0.250400 0.606800
vt 0.316100 0.603200
vt 0.334100 0.597800
vt 0.298200 0.608500
vt 0.285000 0.610800
vt 0.271800 0.613200
vt 0.145300 0.611100
vt 0.158200 0.613400
vt 0.132400 0.608800
vt 0.168800 0.615100
vt 0.179500 0.616900
vt 0.188700 0.617800
vt 0.197900 0.618600
vt 0.213100 0.619200
vt 0.228400 0.619700
vt 0.261900 0.615200
vt 0.252000 0.617300
vt 0.372200 0.924200
vt 0.370900 0.921400
vt 0.391500 0.912300
vt 0.391600 0.912400
vt 0.352700 0.936000
vt 0.350200 0.930500
vt 0.369600 0.918700
vt 0.391500 0.912300
vt 0.347700 0.925100
vt 0.331300 0.952200
vt 0.328600 0.941200
vt 0.309900 0.968500
vt 0.306900 0.951800
vt 0.325900 0.930100
vt 0.304000 0.935100
vt 0.068600 0.921600
vt 0.070300 0.919700
vt 0.094400 0.927200
vt 0.091300 0.930600
vt 0.045800 0.912600
vt 0.046300 0.912200
vt 0.072100 0.917900
vt 0.097400 0.923900
vt 0.046800 0.911800
vt 0.118400 0.951000
vt 0.120100 0.939700
vt 0.145900 0.952100
vt 0.145500 0.971300
vt 0.121900 0.928300
vt 0.146400 0.932800
vt 0.167500 0.970400
vt 0.168200 0.949200
vt 0.190500 0.946300
vt 0.189500 0.969500
vt 0.168900 0.928000
vt 0.191500 0.923100
vt 0.288300 0.967300
vt 0.286500 0.948100
vt 0.266800 0.966200
vt 0.266100 0.944300
vt 0.284700 0.928800
vt 0.265400 0.922500
vt 0.448900 0.383400
vt 0.440200 0.430800
vt 0.405200 0.428300
vt 0.407200 0.380800
vt 0.490700 0.386100
vt 0.475200 0.433200
vt 0.431500 0.478100
vt 0.403300 0.475800
vt 0.459700 0.480400
vt 0.379800 0.381500
vt 0.378400 0.427100
vt 0.351600 0.425900
vt 0.352400 0.382200
vt 0.377100 0.472600
vt 0.350900 0.469500
vt 0.386100 0.342800
vt 0.416000 0.343100
vt 0.356200 0.342500
vt 0.392500 0.304100
vt 0.424900 0.305400
vt 0.360100 0.302700
vt 0.451300 0.345700
vt 0.486600 0.348300
vt 0.453700 0.308000
vt 0.482600 0.310500
vt 0.527500 0.385000
vt 0.527600 0.348600
vt 0.568600 0.348800
vt 0.564400 0.383900
vt 0.527700 0.312100
vt 0.572800 0.313800
vt 0.392400 0.255600
vt 0.425000 0.255700
vt 0.359800 0.255500
vt 0.459400 0.255500
vt 0.493800 0.255300
vt 0.537300 0.256200
vt 0.580800 0.257200
vt 0.330800 0.427500
vt 0.331200 0.382800
vt 0.330400 0.472200
vt 0.310000 0.429200
vt 0.310000 0.383500
vt 0.310000 0.474900
vt 0.335000 0.302700
vt 0.333100 0.342800
vt 0.310000 0.343100
vt 0.310000 0.302700
vt 0.334900 0.255400
vt 0.310000 0.255300
vt 0.373600 0.493800
vt 0.347300 0.485600
vt 0.400000 0.501900
vt 0.415600 0.532000
vt 0.423600 0.505100
vt 0.447100 0.508200
vt 0.434600 0.536000
vt 0.795900 0.464900
vt 0.773400 0.470700
vt 0.750900 0.476600
vt 0.725400 0.480000
vt 0.700000 0.483400
vt 0.310000 0.486900
vt 0.328600 0.486300
vt 0.435400 0.557800
vt 0.421900 0.556400
vt 0.436100 0.579700
vt 0.428100 0.580800
vt 0.408400 0.555000
vt 0.420200 0.581900
vt 0.209500 0.966500
vt 0.209900 0.944400
vt 0.229300 0.942500
vt 0.229500 0.963500
vt 0.210300 0.922300
vt 0.229000 0.921500
vt 0.212900 0.649600
vt 0.228200 0.650000
vt 0.212700 0.650400
vt 0.228100 0.650700
vt 0.397300 0.561700
vt 0.409400 0.583800
vt 0.397600 0.561300
vt 0.409400 0.583600
vt 0.398300 0.561200
vt 0.410100 0.583900
vt 0.399100 0.561100
vt 0.410700 0.584200
vt 0.403700 0.558100
vt 0.415500 0.583100
vt 0.767300 0.423600
vt 0.769900 0.428600
vt 0.764800 0.418500
vt 0.776500 0.419700
vt 0.778600 0.424700
vt 0.774400 0.414700
vt 0.764500 0.417600
vt 0.764300 0.416600
vt 0.774100 0.413800
vt 0.773800 0.412900
vt 0.770100 0.428700
vt 0.770300 0.428900
vt 0.778900 0.424500
vt 0.779100 0.424300
vt 0.770500 0.429100
vt 0.770700 0.429200
vt 0.779400 0.424100
vt 0.779800 0.423900
vt 0.793800 0.430200
vt 0.781000 0.440600
vt 0.780300 0.440200
vt 0.792900 0.430100
vt 0.794800 0.430200
vt 0.781800 0.440900
vt 0.775300 0.434200
vt 0.780000 0.439100
vt 0.786300 0.426500
vt 0.792900 0.429100
vt 0.780100 0.439700
vt 0.792900 0.429600
vt 0.782000 0.441300
vt 0.794900 0.430500
vt 0.782200 0.441700
vt 0.795100 0.430700
vt 0.782800 0.442000
vt 0.795700 0.430800
vt 0.783400 0.442200
vt 0.796400 0.430800
vt 0.787300 0.443400
vt 0.800700 0.432000
vt 0.791200 0.444600
vt 0.805000 0.433300
vt 0.812200 0.435000
vt 0.804000 0.449900
vt 0.819300 0.436700
vt 0.816900 0.455200
vt 0.248100 0.964800
vt 0.247700 0.943400
vt 0.247200 0.922000
vt 0.240500 0.649600
vt 0.240600 0.649500
vt 0.240600 0.649400
vt 0.240600 0.649000
vt 0.240700 0.648400
vt 0.240600 0.647300
vt 0.240500 0.637600
vt 0.240400 0.628000
vt 0.240600 0.647900
vt 0.240000 0.609100
vt 0.239900 0.608600
vt 0.239700 0.608100
vt 0.240200 0.618500
vt 0.240800 0.650200
vt 0.241000 0.651000
vt 0.150600 0.908000
vt 0.170400 0.908000
vt 0.154800 0.883200
vt 0.171800 0.887900
vt 0.190100 0.907900
vt 0.188700 0.892700
vt 0.278400 0.884000
vt 0.281600 0.906400
vt 0.263900 0.903000
vt 0.262300 0.883600
vt 0.294500 0.884400
vt 0.299200 0.909800
vt 0.364800 0.895300
vt 0.386500 0.890300
vt 0.343200 0.900300
vt 0.360100 0.871900
vt 0.381600 0.868300
vt 0.338600 0.875500
vt 0.321200 0.905000
vt 0.316500 0.880000
vt 0.089500 0.872000
vt 0.080800 0.894900
vt 0.058200 0.890200
vt 0.069700 0.868600
vt 0.109300 0.875500
vt 0.103400 0.899700
vt 0.127000 0.903800
vt 0.132100 0.879300
vt 0.209600 0.891400
vt 0.209900 0.906900
vt 0.230400 0.890200
vt 0.229700 0.905800
vt 0.246800 0.904400
vt 0.246400 0.886900
vt 0.905500 0.611900
vt 0.906000 0.611400
vt 0.929300 0.624000
vt 0.929300 0.624000
vt 0.881600 0.599700
vt 0.882600 0.598800
vt 0.906400 0.610900
vt 0.929300 0.623900
vt 0.883500 0.597900
vt 0.376300 0.935500
vt 0.375800 0.934700
vt 0.392100 0.921100
vt 0.392800 0.921600
vt 0.359900 0.949500
vt 0.359500 0.948300
vt 0.375300 0.933900
vt 0.391500 0.920700
vt 0.359000 0.947200
vt 0.339300 0.966100
vt 0.339800 0.967100
vt 0.320100 0.986000
vt 0.319600 0.985100
vt 0.340300 0.968100
vt 0.320700 0.986800
vt 0.868700 0.571200
vt 0.867500 0.571700
vt 0.852400 0.544600
vt 0.853900 0.544400
vt 0.866200 0.572200
vt 0.850800 0.544700
vt 0.858500 0.518400
vt 0.859800 0.518500
vt 0.866200 0.492000
vt 0.867200 0.492400
vt 0.861000 0.518600
vt 0.868200 0.492800
vt 0.296100 0.990400
vt 0.295800 0.989600
vt 0.271500 0.994100
vt 0.271400 0.993300
vt 0.295400 0.988800
vt 0.271200 0.992500
vt 0.499500 0.549300
vt 0.500900 0.549100
vt 0.508600 0.569700
vt 0.507400 0.570100
vt 0.491700 0.528600
vt 0.493200 0.528400
vt 0.502300 0.548800
vt 0.509900 0.569300
vt 0.494700 0.528200
vt 0.209100 0.993400
vt 0.208900 0.992300
vt 0.229500 0.990400
vt 0.229700 0.991500
vt 0.188400 0.995400
vt 0.188300 0.994200
vt 0.208700 0.991200
vt 0.229200 0.989400
vt 0.188100 0.993000
vt 0.875300 0.471200
vt 0.876200 0.471900
vt 0.884400 0.450500
vt 0.885300 0.451300
vt 0.877100 0.472500
vt 0.886100 0.452200
vt 0.250600 0.992800
vt 0.250400 0.991800
vt 0.250200 0.990900
vt 0.493200 0.440100
vt 0.494100 0.440100
vt 0.476200 0.474100
vt 0.474300 0.474000
vt 0.512000 0.406200
vt 0.512100 0.406200
vt 0.495100 0.440200
vt 0.478100 0.474100
vt 0.512200 0.406300
vt 0.110300 0.967900
vt 0.110600 0.967200
vt 0.137300 0.988800
vt 0.136500 0.989700
vt 0.084100 0.946100
vt 0.084000 0.945500
vt 0.111000 0.966400
vt 0.138000 0.987900
vt 0.084000 0.945000
vt 0.483000 0.501300
vt 0.484700 0.501200
vt 0.486400 0.501200
vt 0.162500 0.992600
vt 0.162800 0.991500
vt 0.163000 0.990500
vt 0.539700 0.402000
vt 0.539700 0.402100
vt 0.567300 0.397800
vt 0.567300 0.397900
vt 0.539700 0.402100
vt 0.567300 0.398000
vt 0.063400 0.935200
vt 0.063800 0.934400
vt 0.042700 0.924300
vt 0.043600 0.923300
vt 0.064200 0.933600
vt 0.044400 0.922300
vt 0.837100 0.546600
vt 0.851100 0.580300
vt 0.865100 0.614000
vt 0.897800 0.622400
vt 0.930500 0.630800
vt 0.465100 0.504800
vt 0.467000 0.477200
vt 0.463200 0.532300
vt 0.840400 0.482900
vt 0.838700 0.514700
vt 0.314700 0.976800
vt 0.335300 0.959200
vt 0.355900 0.941600
vt 0.373700 0.929000
vt 0.391600 0.916500
vt 0.066400 0.927600
vt 0.045100 0.917500
vt 0.087600 0.937800
vt 0.114700 0.958700
vt 0.141700 0.979600
vt 0.165300 0.980400
vt 0.188800 0.981300
vt 0.269000 0.979300
vt 0.291900 0.978100
vt 0.533600 0.393500
vt 0.565800 0.390900
vt 0.501400 0.396100
vt 0.484200 0.436700
vt 0.209100 0.978900
vt 0.229300 0.976400
vt 0.467400 0.553600
vt 0.471700 0.574900
vt 0.851900 0.443600
vt 0.846100 0.463200
vt 0.249200 0.977900
vt 0.198100 0.654600
vt 0.187300 0.653600
vt 0.199000 0.659200
vt 0.187800 0.657200
vt 0.176500 0.652600
vt 0.176700 0.655300
vt 0.264000 0.655800
vt 0.253100 0.656300
vt 0.275000 0.655300
vt 0.263500 0.660300
vt 0.252300 0.661400
vt 0.274700 0.659200
vt 0.306300 0.648500
vt 0.323300 0.645200
vt 0.325100 0.650900
vt 0.308700 0.652800
vt 0.340300 0.641900
vt 0.341600 0.649000
vt 0.290600 0.651900
vt 0.291700 0.656000
vt 0.134000 0.647000
vt 0.137600 0.642900
vt 0.150700 0.646400
vt 0.147900 0.649700
vt 0.120000 0.644300
vt 0.124400 0.639400
vt 0.162300 0.652500
vt 0.163600 0.649500
vt 0.213900 0.660700
vt 0.213300 0.655600
vt 0.228400 0.656500
vt 0.228700 0.662200
vt 0.240800 0.656400
vt 0.240500 0.661800
vt 0.246000 0.832500
vt 0.246200 0.859700
vt 0.232500 0.861100
vt 0.234700 0.832000
vt 0.257300 0.833000
vt 0.259800 0.858300
vt 0.211700 0.861800
vt 0.190800 0.862500
vt 0.213700 0.832200
vt 0.192800 0.832400
vt 0.136300 0.819700
vt 0.134200 0.849500
vt 0.111800 0.845600
vt 0.114200 0.815700
vt 0.158500 0.823700
vt 0.156700 0.853500
vt 0.097100 0.814200
vt 0.093300 0.843100
vt 0.074800 0.840700
vt 0.080000 0.812800
vt 0.353100 0.818800
vt 0.356600 0.845400
vt 0.336700 0.848500
vt 0.334700 0.821500
vt 0.371500 0.816200
vt 0.376500 0.842200
vt 0.173700 0.858000
vt 0.175600 0.828100
vt 0.313200 0.825400
vt 0.314900 0.852700
vt 0.293100 0.856900
vt 0.291700 0.829400
vt 0.276500 0.857600
vt 0.274500 0.831200
vt 0.235000 0.825300
vt 0.246300 0.825100
vt 0.235200 0.818600
vt 0.246600 0.817700
vt 0.257700 0.824900
vt 0.258000 0.816800
vt 0.193000 0.827100
vt 0.214000 0.826200
vt 0.193200 0.821800
vt 0.214200 0.820200
vt 0.115500 0.809900
vt 0.138000 0.814200
vt 0.116800 0.804200
vt 0.139600 0.808700
vt 0.160400 0.818500
vt 0.162400 0.813200
vt 0.079500 0.805800
vt 0.097500 0.807800
vt 0.079100 0.798700
vt 0.097900 0.801400
vt 0.331800 0.812900
vt 0.350200 0.811200
vt 0.328900 0.804300
vt 0.347300 0.803600
vt 0.368600 0.809600
vt 0.365600 0.803000
vt 0.176700 0.822800
vt 0.177800 0.817500
vt 0.289600 0.819800
vt 0.310700 0.816400
vt 0.287400 0.810300
vt 0.308100 0.807300
vt 0.273600 0.822400
vt 0.272700 0.813500
vt 0.109700 0.683000
vt 0.125100 0.685300
vt 0.116200 0.723700
vt 0.099400 0.721700
vt 0.140500 0.687700
vt 0.133000 0.725600
vt 0.316300 0.694400
vt 0.333400 0.690600
vt 0.341600 0.730400
vt 0.323800 0.736000
vt 0.350500 0.686900
vt 0.359400 0.724900
vt 0.244700 0.742200
vt 0.242600 0.702000
vt 0.255000 0.702400
vt 0.257700 0.743500
vt 0.231700 0.740900
vt 0.230200 0.701600
vt 0.214500 0.738400
vt 0.214200 0.699500
vt 0.197300 0.735800
vt 0.198200 0.697500
vt 0.156900 0.690300
vt 0.151400 0.728100
vt 0.173200 0.693000
vt 0.169700 0.730700
vt 0.183500 0.733300
vt 0.185700 0.695200
vt 0.304600 0.739300
vt 0.298200 0.697600
vt 0.285400 0.742600
vt 0.280100 0.700900
vt 0.271500 0.743000
vt 0.267500 0.701700
vt 0.095200 0.739100
vt 0.112500 0.740400
vt 0.108700 0.757100
vt 0.091000 0.756400
vt 0.129700 0.741700
vt 0.126300 0.757800
vt 0.103300 0.779300
vt 0.121600 0.781000
vt 0.085100 0.777600
vt 0.323000 0.753600
vt 0.341800 0.748200
vt 0.342000 0.766000
vt 0.322100 0.771100
vt 0.360700 0.742800
vt 0.361900 0.760800
vt 0.344600 0.784800
vt 0.363800 0.781900
vt 0.325500 0.787700
vt 0.232500 0.759200
vt 0.245900 0.760600
vt 0.247100 0.778900
vt 0.233200 0.777500
vt 0.259300 0.761900
vt 0.261000 0.780400
vt 0.234200 0.798100
vt 0.246900 0.798300
vt 0.259500 0.798600
vt 0.146500 0.761500
vt 0.148900 0.744800
vt 0.168200 0.747900
vt 0.166600 0.765100
vt 0.143000 0.785100
vt 0.164500 0.789200
vt 0.180700 0.767800
vt 0.182100 0.750500
vt 0.196100 0.753200
vt 0.194800 0.770500
vt 0.179200 0.792700
vt 0.194000 0.796200
vt 0.283800 0.760600
vt 0.303400 0.757100
vt 0.302200 0.774900
vt 0.282300 0.778600
vt 0.305100 0.791100
vt 0.284800 0.794500
vt 0.271600 0.761300
vt 0.271600 0.779500
vt 0.272200 0.796500
vt 0.214000 0.774000
vt 0.214300 0.756200
vt 0.214100 0.797100
vt 0.822100 0.065200
vt 0.807000 0.065700
vt 0.807000 0.065800
vt 0.822100 0.065200
vt 0.822000 0.065200
vt 0.807000 0.065600
vt 0.791900 0.066300
vt 0.791900 0.066500
vt 0.791900 0.066100
vt 0.133000 0.055100
vt 0.133000 0.055000
vt 0.174900 0.051700
vt 0.174900 0.051700
vt 0.091200 0.058500
vt 0.091100 0.058400
vt 0.133000 0.055000
vt 0.174900 0.051600
vt 0.091100 0.058300
vt 0.212900 0.049800
vt 0.212900 0.050000
vt 0.213000 0.049600
vt 0.251000 0.048000
vt 0.251000 0.048400
vt 0.251100 0.047600
vt 0.660700 0.960500
vt 0.660700 0.960800
vt 0.621300 0.958300
vt 0.621400 0.958000
vt 0.660600 0.961000
vt 0.621300 0.958500
vt 0.055100 0.058900
vt 0.055100 0.058600
vt 0.019100 0.059300
vt 0.019100 0.058800
vt 0.055100 0.058300
vt 0.019100 0.058300
vt 0.564200 0.955000
vt 0.564200 0.955100
vt 0.507000 0.951900
vt 0.507000 0.951900
vt 0.564100 0.955200
vt 0.507000 0.951900
vt 0.461200 0.947500
vt 0.461200 0.947200
vt 0.461200 0.947700
vt 0.415500 0.943000
vt 0.415500 0.942500
vt 0.415500 0.943600
vt 0.280500 0.047100
vt 0.280500 0.047300
vt 0.280600 0.046800
vt 0.215100 0.054900
vt 0.214100 0.053200
vt 0.251700 0.051700
vt 0.252500 0.053300
vt 0.177800 0.056600
vt 0.176400 0.054700
vt 0.213000 0.051400
vt 0.251000 0.050100
vt 0.175000 0.052800
vt 0.134700 0.059400
vt 0.133900 0.057800
vt 0.091600 0.062200
vt 0.091500 0.061000
vt 0.133200 0.056300
vt 0.091300 0.059800
vt 0.055500 0.063300
vt 0.055400 0.061900
vt 0.019400 0.064500
vt 0.019300 0.062900
vt 0.055300 0.060500
vt 0.019200 0.061300
vt 0.564500 0.951500
vt 0.564400 0.952600
vt 0.507200 0.950100
vt 0.507300 0.949100
vt 0.621800 0.953900
vt 0.621600 0.955200
vt 0.564300 0.953800
vt 0.507100 0.951100
vt 0.621500 0.956500
vt 0.461700 0.943200
vt 0.461600 0.944500
vt 0.415900 0.938900
vt 0.416100 0.937400
vt 0.461400 0.945800
vt 0.415700 0.940500
vt 0.281300 0.051600
vt 0.280900 0.050200
vt 0.280500 0.048800
vt 0.660900 0.956600
vt 0.660800 0.957900
vt 0.660800 0.959200
vt 0.251000 0.049200
vt 0.280500 0.048000
vt 0.507000 0.951500
vt 0.461300 0.946500
vt 0.415600 0.941500
vt 0.019100 0.060300
vt 0.055200 0.059700
vt 0.091200 0.059100
vt 0.174900 0.052200
vt 0.212900 0.050700
vt 0.133100 0.055700
vt 0.660700 0.959900
vt 0.621400 0.957200
vt 0.564200 0.954400
vt 0.212100 0.012200
vt 0.212500 0.030900
vt 0.174100 0.033100
vt 0.173400 0.014700
vt 0.250800 0.009700
vt 0.250900 0.028700
vt 0.132300 0.016200
vt 0.132600 0.035600
vt 0.091100 0.038000
vt 0.091100 0.017800
vt 0.280500 0.028600
vt 0.280400 0.010300
vt 0.506100 0.970200
vt 0.563300 0.973000
vt 0.562500 0.990900
vt 0.505200 0.988600
vt 0.620600 0.975800
vt 0.619800 0.993100
vt 0.459400 0.965500
vt 0.457600 0.983300
vt 0.412700 0.960800
vt 0.409900 0.978100
vt 0.660300 0.977700
vt 0.659900 0.994500
vt 0.054800 0.038800
vt 0.054500 0.019400
vt 0.018500 0.039600
vt 0.017900 0.021000
vt 0.216200 0.056700
vt 0.178400 0.058500
vt 0.254000 0.055000
vt 0.217200 0.058500
vt 0.179000 0.060400
vt 0.255500 0.056700
vt 0.135200 0.061400
vt 0.092100 0.064300
vt 0.135700 0.063400
vt 0.092500 0.066400
vt 0.282000 0.053900
vt 0.282800 0.056300
vt 0.565000 0.949500
vt 0.622100 0.951300
vt 0.507800 0.947600
vt 0.565400 0.947400
vt 0.622500 0.948800
vt 0.508300 0.946100
vt 0.462100 0.941400
vt 0.462400 0.939700
vt 0.416300 0.935300
vt 0.416600 0.933200
vt 0.661100 0.954200
vt 0.661200 0.951700
vt 0.055500 0.065400
vt 0.018900 0.066500
vt 0.055500 0.067500
vt 0.018500 0.068600
vt 0.228100 0.533000
vt 0.252500 0.522600
vt 0.255200 0.530300
vt 0.232700 0.538000
vt 0.223400 0.528100
vt 0.249900 0.514900
vt 0.277000 0.512100
vt 0.277600 0.522500
vt 0.276400 0.501700
vt 0.648800 0.463500
vt 0.637500 0.459100
vt 0.639300 0.457200
vt 0.648900 0.460700
vt 0.648800 0.466200
vt 0.635700 0.461100
vt 0.626100 0.454800
vt 0.629600 0.453700
vt 0.622600 0.455900
vt 0.674400 0.467400
vt 0.674500 0.463300
vt 0.674400 0.471600
vt 0.293500 0.510800
vt 0.293800 0.521200
vt 0.293200 0.500300
vt 0.224900 0.562900
vt 0.224000 0.562500
vt 0.236200 0.541000
vt 0.237200 0.541900
vt 0.212700 0.584000
vt 0.211700 0.584100
vt 0.223000 0.562100
vt 0.235200 0.540100
vt 0.210800 0.584100
vt 0.674900 0.460300
vt 0.675100 0.459600
vt 0.649700 0.458000
vt 0.650200 0.457400
vt 0.675300 0.458800
vt 0.650600 0.456800
vt 0.294400 0.522600
vt 0.294500 0.523400
vt 0.279100 0.525000
vt 0.278700 0.524100
vt 0.294700 0.524200
vt 0.279400 0.525800
vt 0.258300 0.533900
vt 0.257600 0.533000
vt 0.256900 0.532100
vt 0.641500 0.453600
vt 0.640900 0.454200
vt 0.631700 0.451000
vt 0.632300 0.450400
vt 0.640400 0.454800
vt 0.631100 0.451600
vt 0.674600 0.462600
vt 0.674700 0.462000
vt 0.649200 0.460200
vt 0.649500 0.459700
vt 0.674800 0.461200
vt 0.649600 0.458900
vt 0.233500 0.538500
vt 0.255800 0.530700
vt 0.256300 0.531200
vt 0.234400 0.539000
vt 0.278000 0.523000
vt 0.278300 0.523400
vt 0.234800 0.539500
vt 0.256600 0.531700
vt 0.278500 0.523800
vt 0.639700 0.456700
vt 0.640100 0.456200
vt 0.630100 0.453200
vt 0.630600 0.452800
vt 0.640200 0.455500
vt 0.630900 0.452200
vt 0.294000 0.521600
vt 0.294200 0.522000
vt 0.294300 0.522300
vt 0.697500 0.054400
vt 0.697200 0.053500
vt 0.716000 0.057300
vt 0.715900 0.058100
vt 0.679000 0.050600
vt 0.678500 0.049700
vt 0.697000 0.052600
vt 0.716000 0.056400
vt 0.677900 0.048800
vt 0.731400 0.059600
vt 0.731300 0.060600
vt 0.746700 0.062800
vt 0.746600 0.064000
vt 0.731200 0.061600
vt 0.746500 0.065100
vt 0.878800 0.054000
vt 0.878700 0.053600
vt 0.891300 0.050400
vt 0.891100 0.050700
vt 0.866500 0.057400
vt 0.866200 0.056700
vt 0.878600 0.053100
vt 0.891400 0.050100
vt 0.865900 0.056000
vt 0.854700 0.060500
vt 0.854400 0.059700
vt 0.842900 0.063700
vt 0.842600 0.062600
vt 0.854100 0.058800
vt 0.842300 0.061600
vt 0.757100 0.063900
vt 0.757100 0.064900
vt 0.767500 0.065100
vt 0.767600 0.065800
vt 0.757100 0.065800
vt 0.767700 0.066500
vt 0.832500 0.064400
vt 0.832300 0.063500
vt 0.822000 0.064400
vt 0.832100 0.062600
vt 0.821900 0.063600
vt 0.806900 0.065200
vt 0.791800 0.066100
vt 0.806800 0.064700
vt 0.791800 0.065700
vt 0.843400 0.065300
vt 0.832900 0.065600
vt 0.832500 0.064800
vt 0.843000 0.064400
vt 0.843700 0.066300
vt 0.833200 0.066500
vt 0.822400 0.065900
vt 0.822800 0.066700
vt 0.843000 0.064000
vt 0.832500 0.064600
vt 0.767000 0.067400
vt 0.756400 0.067500
vt 0.756800 0.066400
vt 0.767400 0.066600
vt 0.766500 0.068300
vt 0.755900 0.068500
vt 0.745700 0.067500
vt 0.746100 0.066300
vt 0.745300 0.068700
vt 0.767500 0.066600
vt 0.756900 0.066100
vt 0.746300 0.065700
vt 0.866500 0.058500
vt 0.854900 0.061900
vt 0.854800 0.061000
vt 0.866600 0.057600
vt 0.866400 0.059300
vt 0.855000 0.062800
vt 0.866500 0.057500
vt 0.854700 0.060800
vt 0.890800 0.050300
vt 0.878600 0.054400
vt 0.878800 0.053800
vt 0.890900 0.050100
vt 0.890700 0.050600
vt 0.878500 0.055000
vt 0.891000 0.050400
vt 0.878800 0.053900
vt 0.731200 0.064000
vt 0.731300 0.062700
vt 0.731100 0.065200
vt 0.716600 0.060400
vt 0.716400 0.059100
vt 0.716800 0.061800
vt 0.731200 0.062200
vt 0.716200 0.058600
vt 0.698900 0.056200
vt 0.698500 0.055100
vt 0.699300 0.057200
vt 0.681200 0.051900
vt 0.680600 0.051100
vt 0.681700 0.052700
vt 0.698000 0.054700
vt 0.679800 0.050800
vt 0.679400 0.036400
vt 0.698800 0.040800
vt 0.696600 0.050900
vt 0.677000 0.047200
vt 0.681700 0.025600
vt 0.701100 0.030800
vt 0.718300 0.045200
vt 0.716100 0.054500
vt 0.720400 0.036000
vt 0.732600 0.047900
vt 0.731500 0.057700
vt 0.733800 0.038100
vt 0.747000 0.050500
vt 0.747000 0.060800
vt 0.747100 0.040200
vt 0.875300 0.035800
vt 0.877000 0.044000
vt 0.864200 0.046400
vt 0.862600 0.038200
vt 0.888100 0.033400
vt 0.889800 0.041500
vt 0.878700 0.052100
vt 0.865900 0.054600
vt 0.891400 0.049700
vt 0.851900 0.040000
vt 0.853100 0.048500
vt 0.841900 0.050600
vt 0.841300 0.041800
vt 0.854200 0.057000
vt 0.842400 0.059400
vt 0.832100 0.043000
vt 0.832100 0.052000
vt 0.822400 0.053400
vt 0.822800 0.044100
vt 0.832200 0.061000
vt 0.822000 0.062700
vt 0.807700 0.045100
vt 0.807300 0.054400
vt 0.792100 0.055400
vt 0.792500 0.046000
vt 0.806900 0.063700
vt 0.791700 0.064800
vt 0.757200 0.052200
vt 0.757300 0.062300
vt 0.757100 0.042100
vt 0.767400 0.053900
vt 0.767700 0.063800
vt 0.767000 0.044100
vt 0.677400 0.048000
vt 0.696800 0.051700
vt 0.716100 0.055500
vt 0.746800 0.061800
vt 0.731500 0.058600
vt 0.865900 0.055300
vt 0.878700 0.052600
vt 0.891400 0.049900
vt 0.842300 0.060500
vt 0.854100 0.057900
vt 0.767600 0.064400
vt 0.757200 0.063100
vt 0.821900 0.063100
vt 0.832100 0.061800
vt 0.791800 0.065300
vt 0.806800 0.064200
vt 0.294900 0.525100
vt 0.294700 0.531800
vt 0.279300 0.533500
vt 0.279900 0.526900
vt 0.294400 0.538600
vt 0.278700 0.540100
vt 0.675200 0.457400
vt 0.676000 0.450200
vt 0.650400 0.455500
vt 0.652000 0.447800
vt 0.676800 0.443100
vt 0.653600 0.440100
vt 0.641600 0.452400
vt 0.643800 0.444800
vt 0.632900 0.449200
vt 0.635600 0.441900
vt 0.646000 0.437300
vt 0.638300 0.434500
vt 0.259100 0.535000
vt 0.260900 0.541700
vt 0.242600 0.549900
vt 0.238300 0.543200
vt 0.262800 0.548300
vt 0.246900 0.556600
vt 0.225700 0.564000
vt 0.231600 0.568600
vt 0.220500 0.587300
vt 0.213100 0.584900
vt 0.237400 0.573200
vt 0.227900 0.589800
vt 0.212900 0.584400
vt 0.225300 0.563500
vt 0.237700 0.542500
vt 0.650500 0.456200
vt 0.675200 0.458100
vt 0.294800 0.524600
vt 0.279600 0.526400
vt 0.258700 0.534400
vt 0.641500 0.453000
vt 0.632600 0.449800
vt 0.298600 0.553500
vt 0.298200 0.554000
vt 0.286300 0.555300
vt 0.287100 0.554400
vt 0.297700 0.554600
vt 0.285400 0.556100
vt 0.274500 0.559800
vt 0.274200 0.560600
vt 0.262100 0.565900
vt 0.261900 0.565300
vt 0.273900 0.561300
vt 0.262300 0.566500
vt 0.251700 0.577800
vt 0.252100 0.578500
vt 0.242100 0.591200
vt 0.241600 0.590300
vt 0.252400 0.579300
vt 0.242600 0.592100
vt 0.678600 0.428300
vt 0.678200 0.427200
vt 0.657200 0.426300
vt 0.656400 0.425600
vt 0.677800 0.426200
vt 0.655500 0.424800
vt 0.651000 0.424300
vt 0.650700 0.423500
vt 0.644800 0.422400
vt 0.645000 0.421300
vt 0.650400 0.422600
vt 0.645200 0.420300
vt 0.294500 0.541700
vt 0.296600 0.547600
vt 0.283100 0.549000
vt 0.279000 0.543600
vt 0.264100 0.551600
vt 0.269300 0.555700
vt 0.255500 0.562400
vt 0.249200 0.559500
vt 0.239100 0.574200
vt 0.245400 0.576000
vt 0.235200 0.589600
vt 0.228900 0.588800
vt 0.677000 0.440500
vt 0.677800 0.434400
vt 0.654000 0.438300
vt 0.655600 0.432300
vt 0.646400 0.435400
vt 0.648700 0.429900
vt 0.638800 0.432500
vt 0.641800 0.427400
vt 0.294400 0.540200
vt 0.294500 0.540900
vt 0.279000 0.542700
vt 0.278900 0.541900
vt 0.263500 0.550000
vt 0.263800 0.550800
vt 0.248700 0.558800
vt 0.248100 0.558000
vt 0.238300 0.573700
vt 0.238700 0.573900
vt 0.228700 0.589100
vt 0.228500 0.589300
vt 0.676900 0.441800
vt 0.676900 0.441100
vt 0.653800 0.439200
vt 0.653900 0.438800
vt 0.646200 0.436400
vt 0.646300 0.435900
vt 0.638600 0.433500
vt 0.638700 0.433000
vt 0.294400 0.539400
vt 0.278800 0.541000
vt 0.263100 0.549200
vt 0.247500 0.557300
vt 0.237800 0.573400
vt 0.228200 0.589500
vt 0.676800 0.442500
vt 0.653700 0.439600
vt 0.646100 0.436800
vt 0.638400 0.434000
vt 0.617500 0.480400
vt 0.612700 0.516100
vt 0.581100 0.511100
vt 0.585500 0.473800
vt 0.649500 0.486900
vt 0.644300 0.521000
vt 0.607900 0.551700
vt 0.576700 0.548400
vt 0.639200 0.555100
vt 0.674700 0.488400
vt 0.672100 0.519900
vt 0.669600 0.551400
vt 0.601200 0.585700
vt 0.564000 0.588300
vt 0.638400 0.583100
vt 0.594400 0.619600
vt 0.551300 0.628200
vt 0.637600 0.611100
vt 0.669200 0.579800
vt 0.668800 0.608300
vt 0.591100 0.654600
vt 0.549300 0.663200
vt 0.632900 0.646100
vt 0.587800 0.689600
vt 0.547300 0.698100
vt 0.628300 0.681100
vt 0.507100 0.666200
vt 0.509800 0.632900
vt 0.504400 0.699500
vt 0.464900 0.669200
vt 0.468300 0.637600
vt 0.461500 0.700900
vt 0.666500 0.644300
vt 0.664200 0.680300
vt 0.583100 0.744500
vt 0.537400 0.755900
vt 0.628900 0.733000
vt 0.578400 0.799300
vt 0.527500 0.813700
vt 0.629400 0.784900
vt 0.495900 0.756100
vt 0.487400 0.812600
vt 0.454500 0.756200
vt 0.447400 0.811500
vt 0.664400 0.732100
vt 0.664700 0.783900
vt 0.576200 0.842700
vt 0.524600 0.853200
vt 0.627700 0.832200
vt 0.573900 0.886100
vt 0.521800 0.892800
vt 0.626000 0.879400
vt 0.481800 0.850900
vt 0.476100 0.889200
vt 0.438900 0.848500
vt 0.430500 0.885500
vt 0.663800 0.830600
vt 0.663000 0.877300
vt 0.192000 0.162700
vt 0.226200 0.162800
vt 0.227600 0.207100
vt 0.194900 0.206000
vt 0.189200 0.119400
vt 0.224800 0.118400
vt 0.260500 0.162800
vt 0.260400 0.208300
vt 0.260500 0.117400
vt 0.113100 0.160800
vt 0.152600 0.161700
vt 0.154900 0.203000
vt 0.114900 0.200000
vt 0.111300 0.121600
vt 0.150200 0.120500
vt 0.029000 0.160900
vt 0.071000 0.160900
vt 0.073100 0.200300
vt 0.031200 0.200700
vt 0.026800 0.121200
vt 0.069000 0.121400
vt 0.285200 0.117100
vt 0.285200 0.162600
vt 0.285200 0.208100
vt 0.258000 0.087000
vt 0.221000 0.088500
vt 0.184100 0.089900
vt 0.101900 0.094000
vt 0.143000 0.091900
vt 0.284000 0.086700
vt 0.569600 0.916800
vt 0.624200 0.914100
vt 0.515000 0.919500
vt 0.469300 0.914400
vt 0.423500 0.909400
vt 0.662100 0.914500
vt 0.062200 0.094500
vt 0.022600 0.094900
vt 0.212300 0.011200
vt 0.251000 0.008800
vt 0.173600 0.013500
vt 0.212500 0.010100
vt 0.251200 0.007900
vt 0.173800 0.012300
vt 0.132500 0.015200
vt 0.091300 0.017000
vt 0.132600 0.014300
vt 0.091500 0.016300
vt 0.280500 0.009400
vt 0.280600 0.008500
vt 0.562400 0.992900
vt 0.504800 0.992000
vt 0.620000 0.993800
vt 0.562300 0.995000
vt 0.504500 0.995500
vt 0.620200 0.994500
vt 0.456900 0.986700
vt 0.456200 0.990100
vt 0.408900 0.981400
vt 0.407900 0.984700
vt 0.660000 0.995100
vt 0.660100 0.995800
vt 0.055600 0.017400
vt 0.019800 0.017800
vt 0.056600 0.015500
vt 0.021700 0.014700
vt 0.691200 0.005600
vt 0.707500 0.010700
vt 0.707400 0.011200
vt 0.690900 0.006100
vt 0.691500 0.005200
vt 0.707700 0.010200
vt 0.723800 0.015800
vt 0.723900 0.016400
vt 0.723800 0.015300
vt 0.736800 0.018100
vt 0.736800 0.018700
vt 0.736900 0.017600
vt 0.749800 0.020400
vt 0.749800 0.021000
vt 0.749900 0.019900
vt 0.873000 0.019200
vt 0.872900 0.018800
vt 0.885600 0.016400
vt 0.885800 0.016800
vt 0.860200 0.021500
vt 0.860300 0.021100
vt 0.872900 0.018400
vt 0.885400 0.016100
vt 0.860300 0.020700
vt 0.849600 0.023400
vt 0.849600 0.023000
vt 0.839000 0.025300
vt 0.839000 0.024800
vt 0.849700 0.022500
vt 0.839000 0.024400
vt 0.830100 0.026000
vt 0.830000 0.025600
vt 0.821100 0.026700
vt 0.820900 0.026300
vt 0.829800 0.025100
vt 0.820700 0.025800
vt 0.805900 0.027100
vt 0.805800 0.026600
vt 0.790700 0.027400
vt 0.790800 0.027000
vt 0.805800 0.026200
vt 0.790800 0.026600
vt 0.759600 0.022500
vt 0.759500 0.023000
vt 0.759800 0.021900
vt 0.769500 0.024500
vt 0.769200 0.025000
vt 0.769700 0.024000
vt 0.686300 0.015800
vt 0.704200 0.021000
vt 0.722100 0.026200
vt 0.735300 0.028400
vt 0.748400 0.030600
vt 0.861400 0.029900
vt 0.874200 0.027500
vt 0.886900 0.025100
vt 0.840200 0.033600
vt 0.850800 0.031700
vt 0.822000 0.035400
vt 0.831100 0.034500
vt 0.791600 0.036700
vt 0.806800 0.036100
vt 0.758300 0.032600
vt 0.768100 0.034500
vt 0.631800 0.328900
vt 0.652400 0.337700
vt 0.651100 0.340500
vt 0.631700 0.328900
vt 0.631800 0.328800
vt 0.653600 0.335000
vt 0.673000 0.346600
vt 0.670600 0.352000
vt 0.675400 0.341200
vt 0.694600 0.357000
vt 0.692000 0.368000
vt 0.697200 0.346000
vt 0.716100 0.367400
vt 0.713400 0.384000
vt 0.718900 0.350800
vt 0.927200 0.341500
vt 0.951000 0.333800
vt 0.952800 0.335700
vt 0.930300 0.344800
vt 0.924100 0.338100
vt 0.949200 0.332000
vt 0.974800 0.326200
vt 0.975300 0.326600
vt 0.974300 0.325800
vt 0.876100 0.366500
vt 0.901700 0.354000
vt 0.903500 0.365200
vt 0.876700 0.385600
vt 0.875500 0.347400
vt 0.899800 0.342800
vt 0.831800 0.361100
vt 0.854000 0.363800
vt 0.854800 0.384900
vt 0.832900 0.384100
vt 0.830600 0.338100
vt 0.853100 0.342700
vt 0.736400 0.363500
vt 0.734700 0.382700
vt 0.738000 0.344400
vt 0.756600 0.359700
vt 0.756100 0.381400
vt 0.757100 0.338000
vt 0.214800 0.428300
vt 0.179900 0.430800
vt 0.171100 0.383400
vt 0.212900 0.380800
vt 0.216700 0.475800
vt 0.188600 0.478100
vt 0.144900 0.433300
vt 0.129400 0.386100
vt 0.160400 0.480400
vt 0.268400 0.425900
vt 0.241600 0.427100
vt 0.240300 0.381500
vt 0.267700 0.382200
vt 0.269200 0.469500
vt 0.243000 0.472700
vt 0.204000 0.343100
vt 0.233900 0.342800
vt 0.195100 0.305400
vt 0.227600 0.304100
vt 0.263800 0.342500
vt 0.260000 0.302700
vt 0.133400 0.348300
vt 0.168700 0.345700
vt 0.137500 0.310500
vt 0.166300 0.308000
vt 0.051400 0.348800
vt 0.092400 0.348600
vt 0.092500 0.385000
vt 0.055600 0.383900
vt 0.047300 0.313800
vt 0.092400 0.312200
vt 0.195000 0.255700
vt 0.227600 0.255600
vt 0.260200 0.255500
vt 0.126200 0.255300
vt 0.160600 0.255500
vt 0.039200 0.257200
vt 0.082700 0.256300
vt 0.288900 0.382800
vt 0.289200 0.427500
vt 0.289600 0.472200
vt 0.286900 0.342800
vt 0.285000 0.302700
vt 0.285100 0.255400
vt 0.272800 0.485600
vt 0.246400 0.493800
vt 0.220100 0.501900
vt 0.172900 0.508200
vt 0.196500 0.505100
vt 0.204400 0.532100
vt 0.185500 0.536000
vt 0.626600 0.470700
vt 0.604100 0.464900
vt 0.649100 0.476600
vt 0.674500 0.480000
vt 0.291400 0.486300
vt 0.198200 0.556400
vt 0.184700 0.557900
vt 0.211700 0.555000
vt 0.191900 0.580800
vt 0.184000 0.579700
vt 0.199900 0.582000
vt 0.793200 0.357600
vt 0.812500 0.359400
vt 0.813000 0.381300
vt 0.793100 0.378500
vt 0.793300 0.336700
vt 0.812000 0.337400
vt 0.807200 0.066400
vt 0.807500 0.067100
vt 0.792000 0.066800
vt 0.792200 0.067600
vt 0.210700 0.583900
vt 0.222800 0.561700
vt 0.210600 0.583600
vt 0.222500 0.561300
vt 0.210000 0.583900
vt 0.221800 0.561200
vt 0.209300 0.584200
vt 0.221000 0.561100
vt 0.204600 0.583100
vt 0.216300 0.558100
vt 0.630100 0.428600
vt 0.632600 0.423600
vt 0.621400 0.424700
vt 0.623500 0.419700
vt 0.635200 0.418600
vt 0.625600 0.414700
vt 0.635500 0.417600
vt 0.625900 0.413800
vt 0.635700 0.416600
vt 0.626200 0.412900
vt 0.629700 0.428900
vt 0.629900 0.428700
vt 0.620800 0.424300
vt 0.621100 0.424500
vt 0.629300 0.429200
vt 0.629500 0.429100
vt 0.620200 0.423900
vt 0.620500 0.424100
vt 0.619700 0.440200
vt 0.618900 0.440600
vt 0.606100 0.430200
vt 0.607000 0.430100
vt 0.618200 0.440900
vt 0.605200 0.430200
vt 0.620000 0.439100
vt 0.624600 0.434200
vt 0.607100 0.429100
vt 0.613700 0.426500
vt 0.619800 0.439700
vt 0.607100 0.429600
vt 0.618000 0.441300
vt 0.617800 0.441700
vt 0.605100 0.430500
vt 0.604900 0.430700
vt 0.617200 0.442000
vt 0.616600 0.442200
vt 0.604200 0.430800
vt 0.603500 0.430800
vt 0.612700 0.443400
vt 0.608800 0.444600
vt 0.599300 0.432000
vt 0.595000 0.433300
vt 0.595900 0.449900
vt 0.587800 0.435000
vt 0.583100 0.455300
vt 0.580700 0.436700
vt 0.774900 0.358600
vt 0.774600 0.379900
vt 0.775200 0.337300
vt 0.779700 0.066400
vt 0.779800 0.066500
vt 0.779700 0.066300
vt 0.779700 0.065900
vt 0.779600 0.065400
vt 0.779700 0.054700
vt 0.779700 0.064300
vt 0.779800 0.045000
vt 0.779700 0.064800
vt 0.780100 0.025800
vt 0.780000 0.026200
vt 0.780300 0.025300
vt 0.779900 0.035600
vt 0.779500 0.067100
vt 0.779300 0.067900
vt 0.851500 0.322800
vt 0.871200 0.322800
vt 0.831900 0.322900
vt 0.850000 0.302900
vt 0.866800 0.298100
vt 0.833200 0.307800
vt 0.758500 0.318600
vt 0.741000 0.322100
vt 0.744000 0.299900
vt 0.760000 0.299300
vt 0.723500 0.325600
vt 0.728000 0.300400
vt 0.636600 0.307000
vt 0.658200 0.311700
vt 0.641300 0.285100
vt 0.662700 0.288500
vt 0.679800 0.316500
vt 0.684100 0.291900
vt 0.701600 0.321100
vt 0.706000 0.296100
vt 0.962800 0.304400
vt 0.940400 0.309200
vt 0.931600 0.286500
vt 0.951300 0.283000
vt 0.918100 0.314100
vt 0.912000 0.290100
vt 0.889400 0.294100
vt 0.894600 0.318400
vt 0.812200 0.322100
vt 0.812400 0.306700
vt 0.792500 0.321200
vt 0.791700 0.305600
vt 0.775500 0.319900
vt 0.775800 0.302500
vt 0.470600 0.624000
vt 0.494000 0.611400
vt 0.494500 0.611900
vt 0.470700 0.624000
vt 0.470600 0.623900
vt 0.493500 0.610900
vt 0.517400 0.598800
vt 0.518300 0.599700
vt 0.516400 0.597900
vt 0.631200 0.337500
vt 0.647500 0.350900
vt 0.647000 0.351700
vt 0.630500 0.337900
vt 0.631900 0.337200
vt 0.648100 0.350200
vt 0.663900 0.364300
vt 0.663500 0.365400
vt 0.664300 0.363200
vt 0.703300 0.401400
vt 0.683600 0.382900
vt 0.684100 0.381900
vt 0.703800 0.400600
vt 0.702700 0.402300
vt 0.683100 0.383900
vt 0.547600 0.544600
vt 0.532500 0.571700
vt 0.531200 0.571200
vt 0.546100 0.544400
vt 0.549100 0.544700
vt 0.533700 0.572200
vt 0.540200 0.518500
vt 0.541400 0.518400
vt 0.538900 0.518600
vt 0.532800 0.492400
vt 0.533700 0.492000
vt 0.531800 0.492800
vt 0.727500 0.404900
vt 0.727200 0.405700
vt 0.727900 0.404100
vt 0.751800 0.408400
vt 0.751600 0.409200
vt 0.751900 0.407600
vt 0.111400 0.569800
vt 0.119200 0.549100
vt 0.120500 0.549400
vt 0.112700 0.570100
vt 0.110200 0.569400
vt 0.117800 0.548800
vt 0.126900 0.528400
vt 0.128300 0.528600
vt 0.125400 0.528300
vt 0.793400 0.405200
vt 0.813900 0.407000
vt 0.813700 0.408100
vt 0.793100 0.406200
vt 0.793700 0.404200
vt 0.814100 0.405800
vt 0.834300 0.408700
vt 0.834200 0.409900
vt 0.834500 0.407500
vt 0.523700 0.471900
vt 0.524600 0.471200
vt 0.522800 0.472500
vt 0.514700 0.451400
vt 0.515500 0.450500
vt 0.513900 0.452200
vt 0.772600 0.406800
vt 0.772400 0.407700
vt 0.772800 0.405900
vt 0.143900 0.474100
vt 0.125900 0.440200
vt 0.126900 0.440100
vt 0.145800 0.474100
vt 0.142000 0.474100
vt 0.124900 0.440200
vt 0.107900 0.406200
vt 0.108000 0.406200
vt 0.107900 0.406300
vt 0.885000 0.403000
vt 0.911300 0.381300
vt 0.911600 0.382000
vt 0.885700 0.403900
vt 0.884300 0.402100
vt 0.911000 0.380500
vt 0.937600 0.359600
vt 0.937600 0.360100
vt 0.937600 0.359000
vt 0.135400 0.501300
vt 0.137100 0.501300
vt 0.133700 0.501200
vt 0.859700 0.405800
vt 0.860000 0.406900
vt 0.859400 0.404800
vt 0.080300 0.402100
vt 0.080400 0.402000
vt 0.080300 0.402100
vt 0.052800 0.397900
vt 0.052800 0.397900
vt 0.052700 0.398000
vt 0.957600 0.348400
vt 0.958000 0.349200
vt 0.957200 0.347600
vt 0.977600 0.337200
vt 0.978500 0.338200
vt 0.976800 0.336200
vt 0.548900 0.580300
vt 0.562900 0.546600
vt 0.534800 0.614000
vt 0.502200 0.622400
vt 0.469500 0.630800
vt 0.153100 0.477200
vt 0.155000 0.504800
vt 0.156900 0.532300
vt 0.561300 0.514700
vt 0.559600 0.482900
vt 0.688000 0.375000
vt 0.708600 0.392300
vt 0.667400 0.357600
vt 0.649600 0.345300
vt 0.631800 0.333000
vt 0.976100 0.331400
vt 0.955000 0.341600
vt 0.933900 0.351900
vt 0.907200 0.372900
vt 0.880500 0.393800
vt 0.857100 0.394800
vt 0.833700 0.395800
vt 0.731300 0.393400
vt 0.754000 0.394500
vt 0.054200 0.390900
vt 0.086400 0.393500
vt 0.118700 0.396200
vt 0.135900 0.436700
vt 0.813600 0.393600
vt 0.793400 0.391300
vt 0.152600 0.553600
vt 0.148300 0.574900
vt 0.553900 0.463200
vt 0.548100 0.443600
vt 0.773700 0.392900
vt 0.832700 0.070100
vt 0.822000 0.071200
vt 0.843500 0.069000
vt 0.832200 0.073700
vt 0.821100 0.075700
vt 0.843300 0.071700
vt 0.767300 0.073300
vt 0.756500 0.072900
vt 0.768100 0.078400
vt 0.757000 0.077400
vt 0.745600 0.072500
vt 0.745900 0.076300
vt 0.695700 0.068500
vt 0.697500 0.062900
vt 0.714400 0.066000
vt 0.712000 0.070200
vt 0.679300 0.066800
vt 0.680500 0.059700
vt 0.729000 0.073300
vt 0.730000 0.069300
vt 0.869100 0.062700
vt 0.882100 0.059100
vt 0.885700 0.063100
vt 0.871800 0.066000
vt 0.895100 0.055500
vt 0.899600 0.060300
vt 0.856300 0.065800
vt 0.857600 0.068800
vt 0.791900 0.073300
vt 0.806900 0.072300
vt 0.806400 0.077400
vt 0.791600 0.079000
vt 0.779900 0.078700
vt 0.779600 0.073300
vt 0.789400 0.276700
vt 0.775800 0.275400
vt 0.775800 0.248400
vt 0.787000 0.247800
vt 0.762200 0.274200
vt 0.764500 0.249000
vt 0.810100 0.277300
vt 0.807800 0.247800
vt 0.830900 0.277800
vt 0.828700 0.247900
vt 0.909300 0.260400
vt 0.887000 0.264500
vt 0.884700 0.234900
vt 0.906700 0.230700
vt 0.864700 0.268600
vt 0.862700 0.239000
vt 0.946000 0.255300
vt 0.927700 0.257800
vt 0.923700 0.229100
vt 0.940700 0.227600
vt 0.685800 0.265000
vt 0.666000 0.262100
vt 0.669200 0.235700
vt 0.687500 0.238200
vt 0.646100 0.259100
vt 0.651000 0.233100
vt 0.847800 0.273200
vt 0.845700 0.243500
vt 0.729200 0.273000
vt 0.707500 0.269000
vt 0.708900 0.241900
vt 0.730300 0.245600
vt 0.745700 0.273600
vt 0.747400 0.247300
vt 0.775400 0.241100
vt 0.786700 0.241200
vt 0.764100 0.241000
vt 0.775000 0.233700
vt 0.786400 0.234500
vt 0.763700 0.232900
vt 0.807600 0.241900
vt 0.828400 0.242700
vt 0.807300 0.236000
vt 0.828200 0.237400
vt 0.883000 0.229400
vt 0.905300 0.225000
vt 0.860700 0.233800
vt 0.881400 0.224000
vt 0.904000 0.219300
vt 0.858800 0.228600
vt 0.923200 0.222800
vt 0.941100 0.220600
vt 0.922700 0.216400
vt 0.941500 0.213600
vt 0.672100 0.228100
vt 0.690300 0.229600
vt 0.653800 0.226600
vt 0.674900 0.220500
vt 0.693200 0.221000
vt 0.656700 0.220000
vt 0.844600 0.238200
vt 0.843500 0.233000
vt 0.711400 0.232900
vt 0.732400 0.236200
vt 0.713800 0.223800
vt 0.734500 0.226700
vt 0.748300 0.238600
vt 0.749100 0.229800
vt 0.903900 0.139200
vt 0.894800 0.101200
vt 0.910100 0.098700
vt 0.920700 0.137200
vt 0.887200 0.141200
vt 0.879500 0.103600
vt 0.679900 0.147700
vt 0.687800 0.108100
vt 0.704800 0.111700
vt 0.697700 0.153100
vt 0.662200 0.142300
vt 0.670800 0.104500
vt 0.765800 0.119200
vt 0.778100 0.118700
vt 0.776400 0.158700
vt 0.763500 0.160000
vt 0.790500 0.118200
vt 0.789300 0.157300
vt 0.806400 0.116000
vt 0.806400 0.154600
vt 0.822300 0.113800
vt 0.823400 0.151900
vt 0.869000 0.143900
vt 0.863300 0.106400
vt 0.850800 0.146600
vt 0.847100 0.109200
vt 0.834700 0.111500
vt 0.837100 0.149300
vt 0.722900 0.114800
vt 0.716800 0.156200
vt 0.740900 0.117900
vt 0.735900 0.159400
vt 0.753400 0.118500
vt 0.749700 0.159700
vt 0.911700 0.172400
vt 0.907800 0.155800
vt 0.924900 0.154400
vt 0.929200 0.171600
vt 0.894200 0.173300
vt 0.890700 0.157300
vt 0.899100 0.196300
vt 0.917200 0.194400
vt 0.935400 0.192600
vt 0.679900 0.183000
vt 0.679900 0.165400
vt 0.698700 0.170600
vt 0.699700 0.188000
vt 0.660000 0.178100
vt 0.661100 0.160200
vt 0.658300 0.199000
vt 0.677400 0.201800
vt 0.696400 0.204500
vt 0.679900 0.182600
vt 0.774300 0.195200
vt 0.775300 0.176900
vt 0.788700 0.175400
vt 0.788100 0.193600
vt 0.760500 0.196700
vt 0.762000 0.178400
vt 0.774700 0.214400
vt 0.787200 0.214100
vt 0.762100 0.214800
vt 0.852500 0.163700
vt 0.871600 0.160500
vt 0.874200 0.177000
vt 0.854200 0.180800
vt 0.856500 0.204700
vt 0.877800 0.200500
vt 0.824800 0.169200
vt 0.838600 0.166400
vt 0.840200 0.183600
vt 0.826100 0.186400
vt 0.841800 0.208300
vt 0.827200 0.211900
vt 0.719500 0.191600
vt 0.718100 0.173900
vt 0.737600 0.177300
vt 0.739300 0.195200
vt 0.716700 0.207700
vt 0.736900 0.210900
vt 0.749900 0.196000
vt 0.749800 0.177800
vt 0.749500 0.212900
vt 0.806700 0.172300
vt 0.807100 0.190000
vt 0.807200 0.213000
# num_vertices: 2618


g Object_Sweater_03C.jpg

usemtl mat_0-Sweater_03C.jpg

f 2/2 3/3 4/4
f 1/1 2/2 4/4
f 5/5 6/6 7/7
f 2/2 5/5 7/7
f 8/8 9/9 3/3
f 2/2 8/8 3/3
f 10/10 8/8 2/2
f 7/7 10/10 2/2
f 12/12 13/13 14/14
f 11/11 12/12 14/14
f 16/16 12/12 11/11
f 15/15 16/16 11/11
f 17/17 18/18 13/13
f 12/12 17/17 13/13
f 19/19 17/17 12/12
f 16/16 19/19 12/12
f 21/21 11/11 14/14
f 20/20 21/21 14/14
f 23/23 21/21 20/20
f 22/22 23/23 20/20
f 24/24 15/15 11/11
f 21/21 24/24 11/11
f 25/25 24/24 21/21
f 23/23 25/25 21/21
f 27/27 28/28 29/29
f 26/26 27/27 29/29
f 31/31 27/27 26/26
f 30/30 31/31 26/26
f 32/32 33/33 28/28
f 27/27 32/32 28/28
f 34/34 32/32 27/27
f 31/31 34/34 27/27
f 35/35 36/36 18/18
f 17/17 35/35 18/18
f 37/37 35/35 17/17
f 19/19 37/37 17/17
f 38/38 39/39 36/36
f 35/35 38/38 36/36
f 40/40 38/38 35/35
f 37/37 40/40 35/35
f 42/42 43/43 44/44
f 41/41 42/42 44/44
f 46/46 42/42 41/41
f 45/45 46/46 41/41
f 26/26 29/29 43/43
f 42/42 26/26 43/43
f 30/30 26/26 42/42
f 46/46 30/30 42/42
f 48/48 41/41 44/44
f 47/47 48/48 44/44
f 50/50 48/48 47/47
f 49/49 50/50 47/47
f 51/51 45/45 41/41
f 48/48 51/51 41/41
f 52/52 51/51 48/48
f 50/50 52/52 48/48
f 54/54 23/23 22/22
f 53/53 54/54 22/22
f 56/56 54/54 53/53
f 55/55 56/56 53/53
f 57/57 25/25 23/23
f 54/54 57/57 23/23
f 58/58 57/57 54/54
f 56/56 58/58 54/54
f 60/60 61/61 62/62
f 59/59 60/60 62/62
f 64/64 60/60 59/59
f 63/63 64/64 59/59
f 65/65 66/66 61/61
f 60/60 65/65 61/61
f 67/67 65/65 60/60
f 64/64 67/67 60/60
f 68/68 69/69 66/66
f 65/65 68/68 66/66
f 70/70 68/68 65/65
f 67/67 70/70 65/65
f 71/71 72/72 69/69
f 68/68 71/71 69/69
f 73/73 71/71 68/68
f 70/70 73/73 68/68
f 74/74 75/75 72/72
f 71/71 74/74 72/72
f 76/76 74/74 71/71
f 73/73 76/76 71/71
f 77/77 78/78 75/75
f 74/74 77/77 75/75
f 79/79 77/77 74/74
f 76/76 79/79 74/74
f 81/81 82/82 83/83
f 80/80 81/81 83/83
f 85/85 81/81 80/80
f 84/84 85/85 80/80
f 86/86 87/87 82/82
f 81/81 86/86 82/82
f 88/88 86/86 81/81
f 85/85 88/88 81/81
f 90/90 91/91 92/92
f 89/89 90/90 92/92
f 94/94 90/90 89/89
f 93/93 94/94 89/89
f 80/80 83/83 91/91
f 90/90 80/80 91/91
f 84/84 80/80 90/90
f 94/94 84/84 90/90
f 96/96 97/97 98/98
f 95/95 96/96 98/98
f 100/100 96/96 95/95
f 99/99 100/100 95/95
f 59/59 62/62 97/97
f 96/96 59/59 97/97
f 63/63 59/59 96/96
f 100/100 63/63 96/96
f 101/101 102/102 87/87
f 86/86 101/101 87/87
f 103/103 101/101 86/86
f 88/88 103/103 86/86
f 104/104 105/105 102/102
f 101/101 104/104 102/102
f 106/106 104/104 101/101
f 103/103 106/106 101/101
f 107/107 108/108 63/63
f 100/100 107/107 63/63
f 109/109 107/107 100/100
f 99/99 109/109 100/100
f 53/53 22/22 108/108
f 107/107 53/53 108/108
f 55/55 53/53 107/107
f 109/109 55/55 107/107
f 110/110 111/111 84/84
f 94/94 110/110 84/84
f 112/112 110/110 94/94
f 93/93 112/112 94/94
f 47/47 44/44 111/111
f 110/110 47/47 111/111
f 49/49 47/47 110/110
f 112/112 49/49 110/110
f 113/113 114/114 79/79
f 76/76 113/113 79/79
f 115/115 113/113 76/76
f 73/73 115/115 76/76
f 36/36 39/39 114/114
f 113/113 36/36 114/114
f 18/18 36/36 113/113
f 115/115 18/18 113/113
f 116/116 117/117 67/67
f 64/64 116/116 67/67
f 108/108 116/116 64/64
f 63/63 108/108 64/64
f 20/20 14/14 117/117
f 116/116 20/20 117/117
f 22/22 20/20 116/116
f 108/108 22/22 116/116
f 118/118 115/115 73/73
f 70/70 118/118 73/73
f 117/117 118/118 70/70
f 67/67 117/117 70/70
f 13/13 18/18 115/115
f 118/118 13/13 115/115
f 14/14 13/13 118/118
f 117/117 14/14 118/118
f 119/119 120/120 106/106
f 103/103 119/119 106/106
f 121/121 119/119 103/103
f 88/88 121/121 103/103
f 28/28 33/33 120/120
f 119/119 28/28 120/120
f 29/29 28/28 119/119
f 121/121 29/29 119/119
f 122/122 121/121 88/88
f 85/85 122/122 88/88
f 111/111 122/122 85/85
f 84/84 111/111 85/85
f 43/43 29/29 121/121
f 122/122 43/43 121/121
f 44/44 43/43 122/122
f 111/111 44/44 122/122
f 124/124 125/125 126/126
f 123/123 124/124 126/126
f 24/24 124/124 123/123
f 15/15 24/24 123/123
f 127/127 128/128 125/125
f 124/124 127/127 125/125
f 25/25 127/127 124/124
f 24/24 25/25 124/124
f 130/130 131/131 132/132
f 129/129 130/130 132/132
f 16/16 130/130 129/129
f 19/19 16/16 129/129
f 123/123 126/126 131/131
f 130/130 123/123 131/131
f 15/15 123/123 130/130
f 16/16 15/15 130/130
f 133/133 127/127 25/25
f 57/57 133/133 25/25
f 134/134 133/133 57/57
f 58/58 134/134 57/57
f 135/135 128/128 127/127
f 133/133 135/135 127/127
f 136/136 135/135 133/133
f 134/134 136/136 133/133
f 138/138 139/139 140/140
f 137/137 138/138 140/140
f 142/142 138/138 137/137
f 141/141 142/142 137/137
f 46/46 45/45 139/139
f 138/138 46/46 139/139
f 30/30 46/46 138/138
f 142/142 30/30 138/138
f 143/143 139/139 45/45
f 51/51 143/143 45/45
f 144/144 143/143 51/51
f 52/52 144/144 51/51
f 145/145 140/140 139/139
f 143/143 145/145 139/139
f 146/146 145/145 143/143
f 144/144 146/146 143/143
f 148/148 142/142 141/141
f 147/147 148/148 141/141
f 150/150 148/148 147/147
f 149/149 150/150 147/147
f 31/31 30/30 142/142
f 148/148 31/31 142/142
f 34/34 31/31 148/148
f 150/150 34/34 148/148
f 152/152 129/129 132/132
f 151/151 152/152 132/132
f 154/154 152/152 151/151
f 153/153 154/154 151/151
f 37/37 19/19 129/129
f 152/152 37/37 129/129
f 40/40 37/37 152/152
f 154/154 40/40 152/152
f 156/156 61/61 66/66
f 155/155 156/156 66/66
f 158/158 156/156 155/155
f 157/157 158/158 155/155
f 159/159 62/62 61/61
f 156/156 159/159 61/61
f 160/160 159/159 156/156
f 158/158 160/160 156/156
f 162/162 69/69 72/72
f 161/161 162/162 72/72
f 164/164 162/162 161/161
f 163/163 164/164 161/161
f 155/155 66/66 69/69
f 162/162 155/155 69/69
f 157/157 155/155 162/162
f 164/164 157/157 162/162
f 165/165 97/97 62/62
f 159/159 165/165 62/62
f 166/166 165/165 159/159
f 160/160 166/166 159/159
f 167/167 98/98 97/97
f 165/165 167/167 97/97
f 168/168 167/167 165/165
f 166/166 168/168 165/165
f 170/170 82/82 87/87
f 169/169 170/170 87/87
f 172/172 170/170 169/169
f 171/171 172/172 169/169
f 173/173 83/83 82/82
f 170/170 173/173 82/82
f 174/174 173/173 170/170
f 172/172 174/174 170/170
f 176/176 173/173 174/174
f 175/175 176/176 174/174
f 178/178 176/176 175/175
f 177/177 178/178 175/175
f 91/91 83/83 173/173
f 176/176 91/91 173/173
f 92/92 91/91 176/176
f 178/178 92/92 176/176
f 180/180 102/102 105/105
f 179/179 180/180 105/105
f 182/182 180/180 179/179
f 181/181 182/182 179/179
f 169/169 87/87 102/102
f 180/180 169/169 102/102
f 171/171 169/169 180/180
f 182/182 171/171 180/180
f 184/184 75/75 78/78
f 183/183 184/184 78/78
f 186/186 184/184 183/183
f 185/185 186/186 183/183
f 161/161 72/72 75/75
f 184/184 161/161 75/75
f 163/163 161/161 184/184
f 186/186 163/163 184/184
f 188/188 189/189 190/190
f 187/187 188/188 190/190
f 192/192 188/188 187/187
f 191/191 192/192 187/187
f 193/193 194/194 189/189
f 188/188 193/193 189/189
f 195/195 193/193 188/188
f 192/192 195/195 188/188
f 197/197 198/198 199/199
f 196/196 197/197 199/199
f 201/201 197/197 196/196
f 200/200 201/201 196/196
f 202/202 203/203 198/198
f 197/197 202/202 198/198
f 204/204 202/202 197/197
f 201/201 204/204 197/197
f 206/206 207/207 208/208
f 205/205 206/206 208/208
f 198/198 206/206 205/205
f 199/199 198/198 205/205
f 209/209 210/210 207/207
f 206/206 209/209 207/207
f 203/203 209/209 206/206
f 198/198 203/203 206/206
f 212/212 192/192 191/191
f 211/211 212/212 191/191
f 214/214 212/212 211/211
f 213/213 214/214 211/211
f 215/215 195/195 192/192
f 212/212 215/215 192/192
f 216/216 215/215 212/212
f 214/214 216/216 212/212
f 218/218 219/219 220/220
f 217/217 218/218 220/220
f 222/222 218/218 217/217
f 221/221 222/222 217/217
f 223/223 224/224 219/219
f 218/218 223/223 219/219
f 225/225 223/223 218/218
f 222/222 225/225 218/218
f 227/227 228/228 229/229
f 226/226 227/227 229/229
f 231/231 227/227 226/226
f 230/230 231/231 226/226
f 232/232 233/233 228/228
f 227/227 232/232 228/228
f 234/234 232/232 227/227
f 231/231 234/234 227/227
f 236/236 237/237 238/238
f 235/235 236/236 238/238
f 240/240 236/236 235/235
f 239/239 240/240 235/235
f 241/241 242/242 237/237
f 236/236 241/241 237/237
f 243/243 241/241 236/236
f 240/240 243/243 236/236
f 244/244 245/245 239/239
f 235/235 244/244 239/239
f 246/246 244/244 235/235
f 238/238 246/246 235/235
f 217/217 220/220 245/245
f 244/244 217/217 245/245
f 221/221 217/217 244/244
f 246/246 221/221 244/244
f 248/248 249/249 250/250
f 247/247 248/248 250/250
f 252/252 248/248 247/247
f 251/251 252/252 247/247
f 232/232 234/234 249/249
f 248/248 232/232 249/249
f 233/233 232/232 248/248
f 252/252 233/233 248/248
f 254/254 255/255 256/256
f 253/253 254/254 256/256
f 258/258 254/254 253/253
f 257/257 258/258 253/253
f 205/205 208/208 255/255
f 254/254 205/205 255/255
f 199/199 205/205 254/254
f 258/258 199/199 254/254
f 259/259 260/260 229/229
f 228/228 259/259 229/229
f 261/261 259/259 228/228
f 233/233 261/261 228/228
f 253/253 256/256 260/260
f 259/259 253/253 260/260
f 257/257 253/253 259/259
f 261/261 257/257 259/259
f 263/263 264/264 265/265
f 262/262 263/263 265/265
f 267/267 263/263 262/262
f 266/266 267/267 262/262
f 187/187 190/190 264/264
f 263/263 187/187 264/264
f 191/191 187/187 263/263
f 267/267 191/191 263/263
f 268/268 269/269 221/221
f 246/246 268/268 221/221
f 270/270 268/268 246/246
f 238/238 270/270 246/246
f 262/262 265/265 269/269
f 268/268 262/262 269/269
f 266/266 262/262 268/268
f 270/270 266/266 268/268
f 272/272 258/258 257/257
f 271/271 272/272 257/257
f 274/274 272/272 271/271
f 273/273 274/274 271/271
f 196/196 199/199 258/258
f 272/272 196/196 258/258
f 200/200 196/196 272/272
f 274/274 200/200 272/272
f 275/275 261/261 233/233
f 252/252 275/275 233/233
f 276/276 275/275 252/252
f 251/251 276/276 252/252
f 271/271 257/257 261/261
f 275/275 271/271 261/261
f 273/273 271/271 275/275
f 276/276 273/273 275/275
f 278/278 267/267 266/266
f 277/277 278/278 266/266
f 280/280 278/278 277/277
f 279/279 280/280 277/277
f 211/211 191/191 267/267
f 278/278 211/211 267/267
f 213/213 211/211 278/278
f 280/280 213/213 278/278
f 281/281 270/270 238/238
f 237/237 281/281 238/238
f 282/282 281/281 237/237
f 242/242 282/282 237/237
f 277/277 266/266 270/270
f 281/281 277/277 270/270
f 279/279 277/277 281/281
f 282/282 279/279 281/281
f 284/284 285/285 286/286
f 283/283 284/284 286/286
f 288/288 284/284 283/283
f 287/287 288/288 283/283
f 289/289 290/290 285/285
f 284/284 289/289 285/285
f 291/291 289/289 284/284
f 288/288 291/291 284/284
f 292/292 293/293 287/287
f 283/283 292/292 287/287
f 294/294 292/292 283/283
f 286/286 294/294 283/283
f 295/295 296/296 293/293
f 292/292 295/295 293/293
f 297/297 295/295 292/292
f 294/294 297/297 292/292
f 299/299 300/300 301/301
f 298/298 299/299 301/301
f 303/303 299/299 298/298
f 302/302 303/303 298/298
f 304/304 305/305 300/300
f 299/299 304/304 300/300
f 306/306 304/304 299/299
f 303/303 306/306 299/299
f 307/307 308/308 305/305
f 304/304 307/307 305/305
f 309/309 307/307 304/304
f 306/306 309/309 304/304
f 310/310 311/311 308/308
f 307/307 310/310 308/308
f 312/312 310/310 307/307
f 309/309 312/312 307/307
f 313/313 314/314 296/296
f 295/295 313/313 296/296
f 315/315 313/313 295/295
f 297/297 315/315 295/295
f 316/316 317/317 314/314
f 313/313 316/316 314/314
f 318/318 316/316 313/313
f 315/315 318/318 313/313
f 319/319 320/320 311/311
f 310/310 319/319 311/311
f 321/321 319/319 310/310
f 312/312 321/321 310/310
f 322/322 4/4 320/320
f 319/319 322/322 320/320
f 323/323 322/322 319/319
f 321/321 323/323 319/319
f 4/4 322/322 325/325
f 324/324 4/4 325/325
f 326/326 325/325 322/322
f 323/323 326/326 322/322
f 327/327 325/325 328/328
f 6/6 327/327 328/328
f 329/329 328/328 325/325
f 326/326 329/329 325/325
f 331/331 332/332 333/333
f 330/330 331/331 333/333
f 334/334 331/331 330/330
f 9/9 334/334 330/330
f 335/335 336/336 332/332
f 331/331 335/335 332/332
f 337/337 335/335 331/331
f 334/334 337/337 331/331
f 338/338 339/339 311/311
f 320/320 338/338 311/311
f 3/3 338/338 320/320
f 4/4 3/3 320/320
f 330/330 333/333 339/339
f 338/338 330/330 339/339
f 9/9 330/330 338/338
f 3/3 9/9 338/338
f 341/341 342/342 343/343
f 340/340 341/341 343/343
f 345/345 341/341 340/340
f 344/344 345/345 340/340
f 346/346 347/347 342/342
f 341/341 346/346 342/342
f 348/348 346/346 341/341
f 345/345 348/348 341/341
f 349/349 350/350 318/318
f 315/315 349/349 318/318
f 351/351 349/349 315/315
f 297/297 351/351 315/315
f 340/340 343/343 350/350
f 349/349 340/340 350/350
f 344/344 340/340 349/349
f 351/351 344/344 349/349
f 353/353 354/354 355/355
f 352/352 353/353 355/355
f 332/332 353/353 352/352
f 333/333 332/332 352/352
f 356/356 357/357 354/354
f 353/353 356/356 354/354
f 336/336 356/356 353/353
f 332/332 336/336 353/353
f 358/358 359/359 305/305
f 308/308 358/358 305/305
f 339/339 358/358 308/308
f 311/311 339/339 308/308
f 352/352 355/355 359/359
f 358/358 352/352 359/359
f 333/333 352/352 358/358
f 339/339 333/333 358/358
f 361/361 362/362 363/363
f 360/360 361/361 363/363
f 354/354 361/361 360/360
f 355/355 354/354 360/360
f 364/364 365/365 362/362
f 361/361 364/364 362/362
f 357/357 364/364 361/361
f 354/354 357/357 361/361
f 366/366 367/367 301/301
f 300/300 366/366 301/301
f 359/359 366/366 300/300
f 305/305 359/359 300/300
f 360/360 363/363 367/367
f 366/366 360/360 367/367
f 355/355 360/360 366/366
f 359/359 355/355 366/366
f 369/369 345/345 344/344
f 368/368 369/369 344/344
f 371/371 369/369 368/368
f 370/370 371/371 368/368
f 372/372 348/348 345/345
f 369/369 372/372 345/345
f 373/373 372/372 369/369
f 371/371 373/373 369/369
f 374/374 351/351 297/297
f 294/294 374/374 297/297
f 375/375 374/374 294/294
f 286/286 375/375 294/294
f 368/368 344/344 351/351
f 374/374 368/368 351/351
f 370/370 368/368 374/374
f 375/375 370/370 374/374
f 377/377 371/371 370/370
f 376/376 377/377 370/370
f 379/379 377/377 376/376
f 378/378 379/379 376/376
f 380/380 373/373 371/371
f 377/377 380/380 371/371
f 381/381 380/380 377/377
f 379/379 381/381 377/377
f 382/382 375/375 286/286
f 285/285 382/382 286/286
f 383/383 382/382 285/285
f 290/290 383/383 285/285
f 376/376 370/370 375/375
f 382/382 376/376 375/375
f 378/378 376/376 382/382
f 383/383 378/378 382/382
f 385/385 386/386 387/387
f 384/384 385/385 387/387
f 389/389 385/385 384/384
f 388/388 389/389 384/384
f 390/390 391/391 386/386
f 385/385 390/390 386/386
f 392/392 390/390 385/385
f 389/389 392/392 385/385
f 394/394 389/389 388/388
f 393/393 394/394 388/388
f 396/396 394/394 393/393
f 395/395 396/396 393/393
f 397/397 392/392 389/389
f 394/394 397/397 389/389
f 398/398 397/397 394/394
f 396/396 398/398 394/394
f 400/400 401/401 402/402
f 399/399 400/400 402/402
f 404/404 400/400 399/399
f 403/403 404/404 399/399
f 405/405 406/406 401/401
f 400/400 405/405 401/401
f 407/407 405/405 400/400
f 404/404 407/407 400/400
f 409/409 410/410 411/411
f 408/408 409/409 411/411
f 413/413 409/409 408/408
f 412/412 413/413 408/408
f 399/399 402/402 410/410
f 409/409 399/399 410/410
f 403/403 399/399 409/409
f 413/413 403/403 409/409
f 415/415 416/416 417/417
f 414/414 415/415 417/417
f 419/419 415/415 414/414
f 418/418 419/419 414/414
f 408/408 411/411 416/416
f 415/415 408/408 416/416
f 412/412 408/408 415/415
f 419/419 412/412 415/415
f 421/421 422/422 423/423
f 420/420 421/421 423/423
f 425/425 421/421 420/420
f 424/424 425/425 420/420
f 414/414 417/417 422/422
f 421/421 414/414 422/422
f 418/418 414/414 421/421
f 425/425 418/418 421/421
f 427/427 396/396 395/395
f 426/426 427/427 395/395
f 429/429 427/427 426/426
f 428/428 429/429 426/426
f 430/430 398/398 396/396
f 427/427 430/430 396/396
f 431/431 430/430 427/427
f 429/429 431/431 427/427
f 432/432 433/433 291/291
f 288/288 432/432 291/291
f 434/434 432/432 288/288
f 287/287 434/434 288/288
f 384/384 387/387 433/433
f 432/432 384/384 433/433
f 388/388 384/384 432/432
f 434/434 388/388 432/432
f 435/435 436/436 395/395
f 393/393 435/435 395/395
f 434/434 435/435 393/393
f 388/388 434/434 393/393
f 293/293 296/296 436/436
f 435/435 293/293 436/436
f 287/287 293/293 435/435
f 434/434 287/287 435/435
f 437/437 438/438 306/306
f 303/303 437/437 306/306
f 439/439 437/437 303/303
f 302/302 439/439 303/303
f 404/404 403/403 438/438
f 437/437 404/404 438/438
f 407/407 404/404 437/437
f 439/439 407/407 437/437
f 440/440 441/441 312/312
f 309/309 440/440 312/312
f 438/438 440/440 309/309
f 306/306 438/438 309/309
f 413/413 412/412 441/441
f 440/440 413/413 441/441
f 403/403 413/413 440/440
f 438/438 403/403 440/440
f 442/442 443/443 428/428
f 426/426 442/442 428/428
f 436/436 442/442 426/426
f 395/395 436/436 426/426
f 314/314 317/317 443/443
f 442/442 314/314 443/443
f 296/296 314/314 442/442
f 436/436 296/296 442/442
f 444/444 445/445 323/323
f 321/321 444/444 323/323
f 441/441 444/444 321/321
f 312/312 441/441 321/321
f 419/419 418/418 445/445
f 444/444 419/419 445/445
f 412/412 419/419 444/444
f 441/441 412/412 444/444
f 446/446 447/447 329/329
f 326/326 446/446 329/329
f 445/445 446/446 326/326
f 323/323 445/445 326/326
f 425/425 424/424 447/447
f 446/446 425/425 447/447
f 418/418 425/425 446/446
f 445/445 418/418 446/446
f 449/449 450/450 451/451
f 448/448 449/449 451/451
f 453/453 449/449 448/448
f 452/452 453/453 448/448
f 454/454 455/455 450/450
f 449/449 454/454 450/450
f 456/456 454/454 449/449
f 453/453 456/456 449/449
f 458/458 459/459 460/460
f 457/457 458/458 460/460
f 462/462 458/458 457/457
f 461/461 462/462 457/457
f 463/463 464/464 459/459
f 458/458 463/463 459/459
f 465/465 463/463 458/458
f 462/462 465/465 458/458
f 466/466 467/467 464/464
f 463/463 466/466 464/464
f 468/468 466/466 463/463
f 465/465 468/468 463/463
f 469/469 470/470 467/467
f 466/466 469/469 467/467
f 471/471 469/469 466/466
f 468/468 471/471 466/466
f 473/473 474/474 475/475
f 472/472 473/473 475/475
f 477/477 473/473 472/472
f 476/476 477/477 472/472
f 448/448 451/451 474/474
f 473/473 448/448 474/474
f 452/452 448/448 473/473
f 477/477 452/452 473/473
f 479/479 480/480 481/481
f 478/478 479/479 481/481
f 483/483 479/479 478/478
f 482/482 483/483 478/478
f 472/472 475/475 480/480
f 479/479 472/472 480/480
f 476/476 472/472 479/479
f 483/483 476/476 479/479
f 484/484 485/485 481/481
f 480/480 484/484 481/481
f 486/486 484/484 480/480
f 475/475 486/486 480/480
f 219/219 224/224 485/485
f 484/484 219/219 485/485
f 220/220 219/219 484/484
f 486/486 220/220 484/484
f 487/487 488/488 234/234
f 231/231 487/487 234/234
f 489/489 487/487 231/231
f 230/230 489/489 231/231
f 459/459 464/464 488/488
f 487/487 459/459 488/488
f 460/460 459/459 487/487
f 489/489 460/460 487/487
f 490/490 491/491 243/243
f 240/240 490/490 243/243
f 492/492 490/490 240/240
f 239/239 492/492 240/240
f 450/450 455/455 491/491
f 490/490 450/450 491/491
f 451/451 450/450 490/490
f 492/492 451/451 490/490
f 493/493 486/486 475/475
f 474/474 493/493 475/475
f 492/492 493/493 474/474
f 451/451 492/492 474/474
f 245/245 220/220 486/486
f 493/493 245/245 486/486
f 239/239 245/245 493/493
f 492/492 239/239 493/493
f 494/494 488/488 464/464
f 467/467 494/494 464/464
f 495/495 494/494 467/467
f 470/470 495/495 467/467
f 249/249 234/234 488/488
f 494/494 249/249 488/488
f 250/250 249/249 494/494
f 495/495 250/250 494/494
f 497/497 498/498 499/499
f 496/496 497/497 499/499
f 501/501 497/497 496/496
f 500/500 501/501 496/496
f 502/502 503/503 498/498
f 497/497 502/502 498/498
f 504/504 502/502 497/497
f 501/501 504/504 497/497
f 506/506 507/507 508/508
f 505/505 506/506 508/508
f 510/510 506/506 505/505
f 509/509 510/510 505/505
f 496/496 499/499 507/507
f 506/506 496/496 507/507
f 500/500 496/496 506/506
f 510/510 500/500 506/506
f 512/512 513/513 514/514
f 511/511 512/512 514/514
f 516/516 512/512 511/511
f 515/515 516/516 511/511
f 505/505 508/508 513/513
f 512/512 505/505 513/513
f 509/509 505/505 512/512
f 516/516 509/509 512/512
f 518/518 519/519 520/520
f 517/517 518/518 520/520
f 522/522 518/518 517/517
f 521/521 522/522 517/517
f 523/523 524/524 519/519
f 518/518 523/523 519/519
f 525/525 523/523 518/518
f 522/522 525/525 518/518
f 526/526 527/527 524/524
f 523/523 526/526 524/524
f 528/528 526/526 523/523
f 525/525 528/528 523/523
f 529/529 530/530 527/527
f 526/526 529/529 527/527
f 531/531 529/529 526/526
f 528/528 531/531 526/526
f 533/533 534/534 535/535
f 532/532 533/533 535/535
f 498/498 533/533 532/532
f 499/499 498/498 532/532
f 536/536 537/537 534/534
f 533/533 536/536 534/534
f 503/503 536/536 533/533
f 498/498 503/503 533/533
f 539/539 540/540 541/541
f 538/538 539/539 541/541
f 507/507 539/539 538/538
f 508/508 507/507 538/538
f 532/532 535/535 540/540
f 539/539 532/532 540/540
f 499/499 532/532 539/539
f 507/507 499/499 539/539
f 543/543 544/544 545/545
f 542/542 543/543 545/545
f 513/513 543/543 542/542
f 514/514 513/513 542/542
f 538/538 541/541 544/544
f 543/543 538/538 544/544
f 508/508 538/538 543/543
f 513/513 508/508 543/543
f 547/547 548/548 549/549
f 546/546 547/547 549/549
f 519/519 547/547 546/546
f 520/520 519/519 546/546
f 550/550 551/551 548/548
f 547/547 550/550 548/548
f 524/524 550/550 547/547
f 519/519 524/524 547/547
f 552/552 553/553 551/551
f 550/550 552/552 551/551
f 527/527 552/552 550/550
f 524/524 527/527 550/550
f 554/554 555/555 553/553
f 552/552 554/554 553/553
f 530/530 554/554 552/552
f 527/527 530/530 552/552
f 557/557 558/558 559/559
f 556/556 557/557 559/559
f 534/534 557/557 556/556
f 535/535 534/534 556/556
f 560/560 561/561 558/558
f 557/557 560/560 558/558
f 537/537 560/560 557/557
f 534/534 537/537 557/557
f 563/563 564/564 565/565
f 562/562 563/563 565/565
f 540/540 563/563 562/562
f 541/541 540/540 562/562
f 556/556 559/559 564/564
f 563/563 556/556 564/564
f 535/535 556/556 563/563
f 540/540 535/535 563/563
f 567/567 568/568 569/569
f 566/566 567/567 569/569
f 544/544 567/567 566/566
f 545/545 544/544 566/566
f 562/562 565/565 568/568
f 567/567 562/562 568/568
f 541/541 562/562 567/567
f 544/544 541/541 567/567
f 571/571 572/572 573/573
f 570/570 571/571 573/573
f 548/548 571/571 570/570
f 549/549 548/548 570/570
f 574/574 575/575 572/572
f 571/571 574/574 572/572
f 551/551 574/574 571/571
f 548/548 551/551 571/571
f 576/576 577/577 575/575
f 574/574 576/576 575/575
f 553/553 576/576 574/574
f 551/551 553/553 574/574
f 578/578 579/579 577/577
f 576/576 578/578 577/577
f 555/555 578/578 576/576
f 553/553 555/555 576/576
f 581/581 453/453 452/452
f 580/580 581/581 452/452
f 558/558 581/581 580/580
f 559/559 558/558 580/580
f 582/582 456/456 453/453
f 581/581 582/582 453/453
f 561/561 582/582 581/581
f 558/558 561/561 581/581
f 584/584 477/477 476/476
f 583/583 584/584 476/476
f 564/564 584/584 583/583
f 565/565 564/564 583/583
f 580/580 452/452 477/477
f 584/584 580/580 477/477
f 559/559 580/580 584/584
f 564/564 559/559 584/584
f 586/586 483/483 482/482
f 585/585 586/586 482/482
f 568/568 586/586 585/585
f 569/569 568/568 585/585
f 583/583 476/476 483/483
f 586/586 583/583 483/483
f 565/565 583/583 586/586
f 568/568 565/565 586/586
f 588/588 462/462 461/461
f 587/587 588/588 461/461
f 572/572 588/588 587/587
f 573/573 572/572 587/587
f 589/589 465/465 462/462
f 588/588 589/589 462/462
f 575/575 589/589 588/588
f 572/572 575/575 588/588
f 590/590 468/468 465/465
f 589/589 590/590 465/465
f 577/577 590/590 589/589
f 575/575 577/577 589/589
f 591/591 471/471 468/468
f 590/590 591/591 468/468
f 579/579 591/591 590/590
f 577/577 579/579 590/590
f 593/593 594/594 595/595
f 592/592 593/593 595/595
f 597/597 593/593 592/592
f 596/596 597/597 592/592
f 598/598 599/599 594/594
f 593/593 598/598 594/594
f 600/600 598/598 593/593
f 597/597 600/600 593/593
f 601/601 602/602 599/599
f 598/598 601/601 599/599
f 603/603 601/601 598/598
f 600/600 603/603 598/598
f 604/604 605/605 602/602
f 601/601 604/604 602/602
f 606/606 604/604 601/601
f 603/603 606/606 601/601
f 608/608 597/597 596/596
f 607/607 608/608 596/596
f 610/610 608/608 607/607
f 609/609 610/610 607/607
f 611/611 600/600 597/597
f 608/608 611/611 597/597
f 612/612 611/611 608/608
f 610/610 612/612 608/608
f 613/613 603/603 600/600
f 611/611 613/613 600/600
f 614/614 613/613 611/611
f 612/612 614/614 611/611
f 615/615 606/606 603/603
f 613/613 615/615 603/603
f 616/616 615/615 613/613
f 614/614 616/616 613/613
f 618/618 610/610 609/609
f 617/617 618/618 609/609
f 620/620 618/618 617/617
f 619/619 620/620 617/617
f 621/621 612/612 610/610
f 618/618 621/621 610/610
f 622/622 621/621 618/618
f 620/620 622/622 618/618
f 624/624 617/617 609/609
f 623/623 624/624 609/609
f 626/626 624/624 623/623
f 625/625 626/626 623/623
f 627/627 619/619 617/617
f 624/624 627/627 617/617
f 628/628 627/627 624/624
f 626/626 628/628 624/624
f 629/629 614/614 612/612
f 621/621 629/629 612/612
f 630/630 629/629 621/621
f 622/622 630/630 621/621
f 631/631 616/616 614/614
f 629/629 631/631 614/614
f 632/632 631/631 629/629
f 630/630 632/632 629/629
f 634/634 620/620 619/619
f 633/633 634/634 619/619
f 636/636 634/634 633/633
f 635/635 636/636 633/633
f 637/637 622/622 620/620
f 634/634 637/637 620/620
f 638/638 637/637 634/634
f 636/636 638/638 634/634
f 639/639 633/633 619/619
f 627/627 639/639 619/619
f 640/640 639/639 627/627
f 628/628 640/640 627/627
f 641/641 635/635 633/633
f 639/639 641/641 633/633
f 642/642 641/641 639/639
f 640/640 642/642 639/639
f 643/643 630/630 622/622
f 637/637 643/643 622/622
f 644/644 643/643 637/637
f 638/638 644/644 637/637
f 645/645 632/632 630/630
f 643/643 645/645 630/630
f 646/646 645/645 643/643
f 644/644 646/646 643/643
f 648/648 636/636 635/635
f 647/647 648/648 635/635
f 650/650 648/648 647/647
f 649/649 650/650 647/647
f 651/651 638/638 636/636
f 648/648 651/651 636/636
f 652/652 651/651 648/648
f 650/650 652/652 648/648
f 653/653 647/647 635/635
f 641/641 653/653 635/635
f 654/654 653/653 641/641
f 642/642 654/654 641/641
f 655/655 649/649 647/647
f 653/653 655/655 647/647
f 656/656 655/655 653/653
f 654/654 656/656 653/653
f 657/657 644/644 638/638
f 651/651 657/657 638/638
f 658/658 657/657 651/651
f 652/652 658/658 651/651
f 659/659 646/646 644/644
f 657/657 659/659 644/644
f 660/660 659/659 657/657
f 658/658 660/660 657/657
f 662/662 663/663 664/664
f 661/661 662/662 664/664
f 666/666 662/662 661/661
f 665/665 666/666 661/661
f 667/667 668/668 663/663
f 662/662 667/667 663/663
f 669/669 667/667 662/662
f 666/666 669/669 662/662
f 671/671 672/672 673/673
f 670/670 671/671 673/673
f 663/663 671/671 670/670
f 664/664 663/663 670/670
f 674/674 675/675 672/672
f 671/671 674/674 672/672
f 668/668 674/674 671/671
f 663/663 668/668 671/671
f 677/677 678/678 679/679
f 676/676 677/677 679/679
f 672/672 677/677 676/676
f 673/673 672/672 676/676
f 680/680 681/681 678/678
f 677/677 680/680 678/678
f 675/675 680/680 677/677
f 672/672 675/675 677/677
f 682/682 683/683 669/669
f 666/666 682/682 669/669
f 684/684 682/682 666/666
f 665/665 684/684 666/666
f 685/685 686/686 683/683
f 682/682 685/685 683/683
f 687/687 685/685 682/682
f 684/684 687/687 682/682
f 688/688 689/689 160/160
f 158/158 688/688 160/160
f 690/690 688/688 158/158
f 157/157 690/690 158/158
f 667/667 669/669 689/689
f 688/688 667/667 689/689
f 668/668 667/667 688/688
f 690/690 668/668 688/688
f 691/691 692/692 675/675
f 674/674 691/691 675/675
f 690/690 691/691 674/674
f 668/668 690/690 674/674
f 164/164 163/163 692/692
f 691/691 164/164 692/692
f 157/157 164/164 691/691
f 690/690 157/157 691/691
f 693/693 694/694 168/168
f 166/166 693/693 168/168
f 689/689 693/693 166/166
f 160/160 689/689 166/166
f 683/683 686/686 694/694
f 693/693 683/683 694/694
f 669/669 683/683 693/693
f 689/689 669/669 693/693
f 696/696 172/172 171/171
f 695/695 696/696 171/171
f 650/650 696/696 695/695
f 652/652 650/650 695/695
f 697/697 174/174 172/172
f 696/696 697/697 172/172
f 649/649 697/697 696/696
f 650/650 649/649 696/696
f 698/698 175/175 174/174
f 697/697 698/698 174/174
f 655/655 698/698 697/697
f 649/649 655/655 697/697
f 699/699 177/177 175/175
f 698/698 699/699 175/175
f 656/656 699/699 698/698
f 655/655 656/656 698/698
f 701/701 182/182 181/181
f 700/700 701/701 181/181
f 658/658 701/701 700/700
f 660/660 658/658 700/700
f 695/695 171/171 182/182
f 701/701 695/695 182/182
f 652/652 695/695 701/701
f 658/658 652/652 701/701
f 702/702 680/680 675/675
f 692/692 702/702 675/675
f 186/186 702/702 692/692
f 163/163 186/186 692/692
f 703/703 681/681 680/680
f 702/702 703/703 680/680
f 185/185 703/703 702/702
f 186/186 185/185 702/702
f 705/705 125/125 128/128
f 704/704 705/705 128/128
f 707/707 705/705 704/704
f 706/706 707/707 704/704
f 708/708 126/126 125/125
f 705/705 708/708 125/125
f 709/709 708/708 705/705
f 707/707 709/709 705/705
f 710/710 131/131 126/126
f 708/708 710/710 126/126
f 711/711 710/710 708/708
f 709/709 711/711 708/708
f 712/712 132/132 131/131
f 710/710 712/712 131/131
f 713/713 712/712 710/710
f 711/711 713/713 710/710
f 714/714 704/704 128/128
f 135/135 714/714 128/128
f 715/715 714/714 135/135
f 136/136 715/715 135/135
f 716/716 706/706 704/704
f 714/714 716/716 704/704
f 717/717 716/716 714/714
f 715/715 717/717 714/714
f 719/719 137/137 140/140
f 718/718 719/719 140/140
f 721/721 719/719 718/718
f 720/720 721/721 718/718
f 722/722 141/141 137/137
f 719/719 722/722 137/137
f 723/723 722/722 719/719
f 721/721 723/723 719/719
f 724/724 718/718 140/140
f 145/145 724/724 140/140
f 725/725 724/724 145/145
f 146/146 725/725 145/145
f 726/726 720/720 718/718
f 724/724 726/726 718/718
f 727/727 726/726 724/724
f 725/725 727/727 724/724
f 728/728 147/147 141/141
f 722/722 728/728 141/141
f 729/729 728/728 722/722
f 723/723 729/729 722/722
f 730/730 149/149 147/147
f 728/728 730/730 147/147
f 731/731 730/730 728/728
f 729/729 731/731 728/728
f 732/732 151/151 132/132
f 712/712 732/732 132/132
f 733/733 732/732 712/712
f 713/713 733/733 712/712
f 734/734 153/153 151/151
f 732/732 734/734 151/151
f 735/735 734/734 732/732
f 733/733 735/735 732/732
f 737/737 738/738 739/739
f 736/736 737/737 739/739
f 741/741 737/737 736/736
f 740/740 741/741 736/736
f 742/742 743/743 738/738
f 737/737 742/742 738/738
f 744/744 742/742 737/737
f 741/741 744/744 737/737
f 746/746 741/741 740/740
f 745/745 746/746 740/740
f 748/748 746/746 745/745
f 747/747 748/748 745/745
f 749/749 744/744 741/741
f 746/746 749/749 741/741
f 750/750 749/749 746/746
f 748/748 750/750 746/746
f 752/752 753/753 754/754
f 751/751 752/752 754/754
f 756/756 752/752 751/751
f 755/755 756/756 751/751
f 757/757 758/758 753/753
f 752/752 757/757 753/753
f 759/759 757/757 752/752
f 756/756 759/759 752/752
f 760/760 761/761 758/758
f 757/757 760/760 758/758
f 762/762 760/760 757/757
f 759/759 762/762 757/757
f 763/763 764/764 761/761
f 760/760 763/763 761/761
f 765/765 763/763 760/760
f 762/762 765/765 760/760
f 766/766 767/767 764/764
f 763/763 766/766 764/764
f 768/768 766/766 763/763
f 765/765 768/768 763/763
f 769/769 770/770 767/767
f 766/766 769/769 767/767
f 771/771 769/769 766/766
f 768/768 771/771 766/766
f 772/772 773/773 770/770
f 769/769 772/772 770/770
f 774/774 772/772 769/769
f 771/771 774/774 769/769
f 775/775 776/776 773/773
f 772/772 775/775 773/773
f 777/777 775/775 772/772
f 774/774 777/777 772/772
f 779/779 748/748 747/747
f 778/778 779/779 747/747
f 781/781 779/779 778/778
f 780/780 781/781 778/778
f 782/782 750/750 748/748
f 779/779 782/782 748/748
f 783/783 782/782 779/779
f 781/781 783/783 779/779
f 784/784 785/785 391/391
f 390/390 784/784 391/391
f 786/786 784/784 390/390
f 392/392 786/786 390/390
f 736/736 739/739 785/785
f 784/784 736/736 785/785
f 740/740 736/736 784/784
f 786/786 740/740 784/784
f 787/787 786/786 392/392
f 397/397 787/787 392/392
f 788/788 787/787 397/397
f 398/398 788/788 397/397
f 745/745 740/740 786/786
f 787/787 745/745 786/786
f 747/747 745/745 787/787
f 788/788 747/747 787/787
f 789/789 790/790 402/402
f 401/401 789/789 402/402
f 791/791 789/789 401/401
f 406/406 791/791 401/401
f 753/753 758/758 790/790
f 789/789 753/753 790/790
f 754/754 753/753 789/789
f 791/791 754/754 789/789
f 792/792 793/793 411/411
f 410/410 792/792 411/411
f 790/790 792/792 410/410
f 402/402 790/790 410/410
f 761/761 764/764 793/793
f 792/792 761/761 793/793
f 758/758 761/761 792/792
f 790/790 758/758 792/792
f 794/794 795/795 417/417
f 416/416 794/794 417/417
f 793/793 794/794 416/416
f 411/411 793/793 416/416
f 767/767 770/770 795/795
f 794/794 767/767 795/795
f 764/764 767/767 794/794
f 793/793 764/764 794/794
f 796/796 797/797 423/423
f 422/422 796/796 423/423
f 795/795 796/796 422/422
f 417/417 795/795 422/422
f 773/773 776/776 797/797
f 796/796 773/773 797/797
f 770/770 773/773 796/796
f 795/795 770/770 796/796
f 798/798 788/788 398/398
f 430/430 798/798 398/398
f 799/799 798/798 430/430
f 431/431 799/799 430/430
f 778/778 747/747 788/788
f 798/798 778/778 788/788
f 780/780 778/778 798/798
f 799/799 780/780 798/798
f 801/801 802/802 803/803
f 800/800 801/801 803/803
f 805/805 801/801 800/800
f 804/804 805/805 800/800
f 806/806 807/807 802/802
f 801/801 806/806 802/802
f 808/808 806/806 801/801
f 805/805 808/808 801/801
f 810/810 805/805 804/804
f 809/809 810/810 804/804
f 812/812 810/810 809/809
f 811/811 812/812 809/809
f 813/813 808/808 805/805
f 810/810 813/813 805/805
f 814/814 813/813 810/810
f 812/812 814/814 810/810
f 816/816 817/817 818/818
f 815/815 816/816 818/818
f 820/820 816/816 815/815
f 819/819 820/820 815/815
f 821/821 822/822 817/817
f 816/816 821/821 817/817
f 823/823 821/821 816/816
f 820/820 823/823 816/816
f 825/825 826/826 827/827
f 824/824 825/825 827/827
f 817/817 825/825 824/824
f 818/818 817/817 824/824
f 828/828 829/829 826/826
f 825/825 828/828 826/826
f 822/822 828/828 825/825
f 817/817 822/822 825/825
f 831/831 832/832 833/833
f 830/830 831/831 833/833
f 826/826 831/831 830/830
f 827/827 826/826 830/830
f 834/834 835/835 832/832
f 831/831 834/834 832/832
f 829/829 834/834 831/831
f 826/826 829/829 831/831
f 837/837 812/812 811/811
f 836/836 837/837 811/811
f 839/839 837/837 836/836
f 838/838 839/839 836/836
f 840/840 814/814 812/812
f 837/837 840/840 812/812
f 841/841 840/840 837/837
f 839/839 841/841 837/837
f 843/843 844/844 845/845
f 842/842 843/843 845/845
f 847/847 843/843 842/842
f 846/846 847/847 842/842
f 848/848 849/849 844/844
f 843/843 848/848 844/844
f 850/850 848/848 843/843
f 847/847 850/850 843/843
f 852/852 853/853 854/854
f 851/851 852/852 854/854
f 844/844 852/852 851/851
f 845/845 844/844 851/851
f 855/855 856/856 853/853
f 852/852 855/855 853/853
f 849/849 855/855 852/852
f 844/844 849/849 852/852
f 857/857 858/858 845/845
f 851/851 857/857 845/845
f 859/859 857/857 851/851
f 854/854 859/859 851/851
f 860/860 861/861 858/858
f 857/857 860/860 858/858
f 862/862 860/860 857/857
f 859/859 862/862 857/857
f 863/863 864/864 846/846
f 842/842 863/863 846/846
f 858/858 863/863 842/842
f 845/845 858/858 842/842
f 865/865 866/866 864/864
f 863/863 865/865 864/864
f 861/861 865/865 863/863
f 858/858 861/861 863/863
f 868/868 869/869 870/870
f 867/867 868/868 870/870
f 864/864 868/868 867/867
f 846/846 864/864 867/867
f 871/871 872/872 869/869
f 868/868 871/871 869/869
f 866/866 871/871 868/868
f 864/864 866/866 868/868
f 873/873 874/874 861/861
f 860/860 873/873 861/861
f 875/875 873/873 860/860
f 862/862 875/875 860/860
f 661/661 664/664 874/874
f 873/873 661/661 874/874
f 665/665 661/661 873/873
f 875/875 665/665 873/873
f 876/876 877/877 866/866
f 865/865 876/876 866/866
f 874/874 876/876 865/865
f 861/861 874/874 865/865
f 670/670 673/673 877/877
f 876/876 670/670 877/877
f 664/664 670/670 876/876
f 874/874 664/664 876/876
f 878/878 879/879 872/872
f 871/871 878/878 872/872
f 877/877 878/878 871/871
f 866/866 877/877 871/871
f 676/676 679/679 879/879
f 878/878 676/676 879/879
f 673/673 676/676 878/878
f 877/877 673/673 878/878
f 880/880 881/881 854/854
f 853/853 880/880 854/854
f 882/882 880/880 853/853
f 856/856 882/882 853/853
f 883/883 884/884 881/881
f 880/880 883/883 881/881
f 885/885 883/883 880/880
f 882/882 885/885 880/880
f 887/887 888/888 889/889
f 886/886 887/887 889/889
f 859/859 887/887 886/886
f 862/862 859/859 886/886
f 881/881 884/884 888/888
f 887/887 881/881 888/888
f 854/854 881/881 887/887
f 859/859 854/854 887/887
f 890/890 891/891 687/687
f 684/684 890/890 687/687
f 875/875 890/890 684/684
f 665/665 875/875 684/684
f 886/886 889/889 891/891
f 890/890 886/886 891/891
f 862/862 886/886 890/890
f 875/875 862/862 890/890
f 892/892 893/893 856/856
f 855/855 892/892 856/856
f 894/894 892/892 855/855
f 849/849 894/894 855/855
f 193/193 195/195 893/893
f 892/892 193/193 893/893
f 194/194 193/193 892/892
f 894/894 194/194 892/892
f 896/896 897/897 898/898
f 895/895 896/896 898/898
f 894/894 896/896 895/895
f 194/194 894/894 895/895
f 848/848 850/850 897/897
f 896/896 848/848 897/897
f 849/849 848/848 896/896
f 894/894 849/849 896/896
f 900/900 202/202 204/204
f 899/899 900/900 204/204
f 594/594 900/900 899/899
f 595/595 594/594 899/899
f 901/901 203/203 202/202
f 900/900 901/901 202/202
f 599/599 901/901 900/900
f 594/594 599/599 900/900
f 902/902 209/209 203/203
f 901/901 902/902 203/203
f 602/602 902/902 901/901
f 599/599 602/602 901/901
f 903/903 210/210 209/209
f 902/902 903/903 209/209
f 605/605 903/903 902/902
f 602/602 605/605 902/902
f 905/905 215/215 216/216
f 904/904 905/905 216/216
f 882/882 905/905 904/904
f 885/885 882/882 904/904
f 893/893 195/195 215/215
f 905/905 893/893 215/215
f 856/856 893/893 905/905
f 882/882 856/856 905/905
f 907/907 895/895 898/898
f 906/906 907/907 898/898
f 909/909 907/907 906/906
f 908/908 909/909 906/906
f 910/910 194/194 895/895
f 907/907 910/910 895/895
f 911/911 910/910 907/907
f 909/909 911/911 907/907
f 913/913 914/914 915/915
f 912/912 913/913 915/915
f 832/832 913/913 912/912
f 833/833 832/832 912/912
f 916/916 917/917 914/914
f 913/913 916/916 914/914
f 835/835 916/916 913/913
f 832/832 835/835 913/913
f 918/918 334/334 9/9
f 8/8 918/918 9/9
f 919/919 918/918 8/8
f 10/10 919/919 8/8
f 920/920 337/337 334/334
f 918/918 920/920 334/334
f 921/921 920/920 918/918
f 919/919 921/921 918/918
f 922/922 923/923 225/225
f 222/222 922/922 225/225
f 269/269 922/922 222/222
f 221/221 269/269 222/222
f 924/924 925/925 923/923
f 922/922 924/924 923/923
f 265/265 924/924 922/922
f 269/269 265/265 922/922
f 926/926 927/927 925/925
f 924/924 926/926 925/925
f 264/264 926/926 924/924
f 265/265 264/264 924/924
f 928/928 929/929 927/927
f 926/926 928/928 927/927
f 190/190 928/928 926/926
f 264/264 190/190 926/926
f 930/930 931/931 929/929
f 928/928 930/930 929/929
f 189/189 930/930 928/928
f 190/190 189/189 928/928
f 910/910 911/911 931/931
f 930/930 910/910 931/931
f 194/194 910/910 930/930
f 189/189 194/194 930/930
f 932/932 933/933 555/555
f 554/554 932/932 555/555
f 934/934 932/932 554/554
f 530/530 934/934 554/554
f 935/935 936/936 933/933
f 932/932 935/935 933/933
f 937/937 935/935 932/932
f 934/934 937/937 932/932
f 938/938 934/934 530/530
f 529/529 938/938 530/530
f 939/939 938/938 529/529
f 531/531 939/939 529/529
f 940/940 937/937 934/934
f 938/938 940/940 934/934
f 941/941 940/940 938/938
f 939/939 941/941 938/938
f 942/942 943/943 579/579
f 578/578 942/942 579/579
f 933/933 942/942 578/578
f 555/555 933/933 578/578
f 944/944 945/945 943/943
f 942/942 944/944 943/943
f 936/936 944/944 942/942
f 933/933 936/936 942/942
f 946/946 947/947 471/471
f 591/591 946/946 471/471
f 943/943 946/946 591/591
f 579/579 943/943 591/591
f 948/948 949/949 947/947
f 946/946 948/948 947/947
f 945/945 948/948 946/946
f 943/943 945/945 946/946
f 951/951 952/952 953/953
f 950/950 951/951 953/953
f 955/955 951/951 950/950
f 954/954 955/955 950/950
f 247/247 250/250 952/952
f 951/951 247/247 952/952
f 251/251 247/247 951/951
f 955/955 251/251 951/951
f 956/956 957/957 470/470
f 469/469 956/956 470/470
f 947/947 956/956 469/469
f 471/471 947/947 469/469
f 958/958 959/959 957/957
f 956/956 958/958 957/957
f 949/949 958/958 956/956
f 947/947 949/949 956/956
f 960/960 495/495 470/470
f 957/957 960/960 470/470
f 961/961 960/960 957/957
f 959/959 961/961 957/957
f 952/952 250/250 495/495
f 960/960 952/952 495/495
f 953/953 952/952 960/960
f 961/961 953/953 960/960
f 962/962 276/276 251/251
f 955/955 962/962 251/251
f 963/963 962/962 955/955
f 954/954 963/963 955/955
f 964/964 273/273 276/276
f 962/962 964/964 276/276
f 965/965 964/964 962/962
f 963/963 965/965 962/962
f 966/966 274/274 273/273
f 964/964 966/966 273/273
f 967/967 966/966 964/964
f 965/965 967/967 964/964
f 968/968 200/200 274/274
f 966/966 968/968 274/274
f 969/969 968/968 966/966
f 967/967 969/969 966/966
f 970/970 201/201 200/200
f 968/968 970/970 200/200
f 971/971 970/970 968/968
f 969/969 971/971 968/968
f 972/972 204/204 201/201
f 970/970 972/972 201/201
f 973/973 972/972 970/970
f 971/971 973/973 970/970
f 975/975 972/972 973/973
f 974/974 975/975 973/973
f 977/977 975/975 974/974
f 976/976 977/977 974/974
f 899/899 204/204 972/972
f 975/975 899/899 972/972
f 595/595 899/899 975/975
f 977/977 595/595 975/975
f 979/979 839/839 838/838
f 978/978 979/979 838/838
f 914/914 979/979 978/978
f 915/915 914/914 978/978
f 980/980 841/841 839/839
f 979/979 980/980 839/839
f 917/917 980/980 979/979
f 914/914 917/917 979/979
f 982/982 7/7 6/6
f 981/981 982/982 6/6
f 350/350 982/982 981/981
f 318/318 350/350 981/981
f 983/983 10/10 7/7
f 982/982 983/983 7/7
f 343/343 983/983 982/982
f 350/350 343/343 982/982
f 984/984 981/981 6/6
f 328/328 984/984 6/6
f 985/985 984/984 328/328
f 329/329 985/985 328/328
f 316/316 318/318 981/981
f 984/984 316/316 981/981
f 317/317 316/316 984/984
f 985/985 317/317 984/984
f 987/987 429/429 428/428
f 986/986 987/987 428/428
f 420/420 987/987 986/986
f 424/424 420/420 986/986
f 988/988 431/431 429/429
f 987/987 988/988 429/429
f 423/423 988/988 987/987
f 420/420 423/423 987/987
f 989/989 443/443 317/317
f 985/985 989/989 317/317
f 447/447 989/989 985/985
f 329/329 447/447 985/985
f 986/986 428/428 443/443
f 989/989 986/986 443/443
f 424/424 986/986 989/989
f 447/447 424/424 989/989
f 991/991 781/781 780/780
f 990/990 991/991 780/780
f 775/775 991/991 990/990
f 776/776 775/775 990/990
f 992/992 783/783 781/781
f 991/991 992/992 781/781
f 777/777 992/992 991/991
f 775/775 777/777 991/991
f 993/993 799/799 431/431
f 988/988 993/993 431/431
f 797/797 993/993 988/988
f 423/423 797/797 988/988
f 990/990 780/780 799/799
f 993/993 990/990 799/799
f 776/776 990/990 993/993
f 797/797 776/776 993/993
f 994/994 919/919 10/10
f 983/983 994/994 10/10
f 342/342 994/994 983/983
f 343/343 342/342 983/983
f 995/995 921/921 919/919
f 994/994 995/995 919/919
f 347/347 995/995 994/994
f 342/342 347/347 994/994
f 997/997 834/834 829/829
f 996/996 997/997 829/829
f 999/999 997/997 996/996
f 998/998 999/999 996/996
f 1000/1000 835/835 834/834
f 997/997 1000/1000 834/834
f 1001/1001 1000/1000 997/997
f 999/999 1001/1001 997/997
f 1003/1003 1004/1004 1005/1005
f 1002/1002 1003/1003 1005/1005
f 1007/1007 1003/1003 1002/1002
f 1006/1006 1007/1007 1002/1002
f 840/840 841/841 1004/1004
f 1003/1003 840/840 1004/1004
f 814/814 840/840 1003/1003
f 1007/1007 814/814 1003/1003
f 1008/1008 1009/1009 807/807
f 806/806 1008/1008 807/807
f 1010/1010 1008/1008 806/806
f 808/808 1010/1010 806/806
f 1011/1011 1012/1012 1009/1009
f 1008/1008 1011/1011 1009/1009
f 1013/1013 1011/1011 1008/1008
f 1010/1010 1013/1013 1008/1008
f 1014/1014 1010/1010 808/808
f 813/813 1014/1014 808/808
f 1007/1007 1014/1014 813/813
f 814/814 1007/1007 813/813
f 1015/1015 1013/1013 1010/1010
f 1014/1014 1015/1015 1010/1010
f 1006/1006 1015/1015 1014/1014
f 1007/1007 1006/1006 1014/1014
f 1017/1017 1018/1018 1019/1019
f 1016/1016 1017/1017 1019/1019
f 1021/1021 1017/1017 1016/1016
f 1020/1020 1021/1021 1016/1016
f 821/821 823/823 1018/1018
f 1017/1017 821/821 1018/1018
f 822/822 821/821 1017/1017
f 1021/1021 822/822 1017/1017
f 1022/1022 1023/1023 998/998
f 996/996 1022/1022 998/998
f 828/828 1022/1022 996/996
f 829/829 828/828 996/996
f 1021/1021 1020/1020 1023/1023
f 1022/1022 1021/1021 1023/1023
f 822/822 1021/1021 1022/1022
f 828/828 822/822 1022/1022
f 1025/1025 1000/1000 1001/1001
f 1024/1024 1025/1025 1001/1001
f 1027/1027 1025/1025 1024/1024
f 1026/1026 1027/1027 1024/1024
f 916/916 835/835 1000/1000
f 1025/1025 916/916 1000/1000
f 917/917 916/916 1025/1025
f 1027/1027 917/917 1025/1025
f 1028/1028 1004/1004 841/841
f 980/980 1028/1028 841/841
f 1027/1027 1028/1028 980/980
f 917/917 1027/1027 980/980
f 1029/1029 1005/1005 1004/1004
f 1028/1028 1029/1029 1004/1004
f 1026/1026 1029/1029 1028/1028
f 1027/1027 1026/1026 1028/1028
f 1031/1031 1032/1032 1033/1033
f 1030/1030 1031/1031 1033/1033
f 1035/1035 1031/1031 1030/1030
f 1034/1034 1035/1035 1030/1030
f 1036/1036 1037/1037 1032/1032
f 1031/1031 1036/1036 1032/1032
f 1038/1038 1036/1036 1031/1031
f 1035/1035 1038/1038 1031/1031
f 1040/1040 1041/1041 1042/1042
f 1039/1039 1040/1040 1042/1042
f 1044/1044 1040/1040 1039/1039
f 1043/1043 1044/1044 1039/1039
f 1045/1045 1046/1046 1041/1041
f 1040/1040 1045/1045 1041/1041
f 1047/1047 1045/1045 1040/1040
f 1044/1044 1047/1047 1040/1040
f 1049/1049 1050/1050 1051/1051
f 1048/1048 1049/1049 1051/1051
f 1044/1044 1049/1049 1048/1048
f 1047/1047 1044/1044 1048/1048
f 1052/1052 1053/1053 1050/1050
f 1049/1049 1052/1052 1050/1050
f 1043/1043 1052/1052 1049/1049
f 1044/1044 1043/1043 1049/1049
f 1055/1055 1056/1056 1057/1057
f 1054/1054 1055/1055 1057/1057
f 1035/1035 1055/1055 1054/1054
f 1038/1038 1035/1035 1054/1054
f 1058/1058 1059/1059 1056/1056
f 1055/1055 1058/1058 1056/1056
f 1034/1034 1058/1058 1055/1055
f 1035/1035 1034/1034 1055/1055
f 1061/1061 1056/1056 1059/1059
f 1060/1060 1061/1061 1059/1059
f 1063/1063 1061/1061 1060/1060
f 1062/1062 1063/1063 1060/1060
f 1064/1064 1057/1057 1056/1056
f 1061/1061 1064/1064 1056/1056
f 1065/1065 1064/1064 1061/1061
f 1063/1063 1065/1065 1061/1061
f 1067/1067 1050/1050 1053/1053
f 1066/1066 1067/1067 1053/1053
f 1069/1069 1067/1067 1066/1066
f 1068/1068 1069/1069 1066/1066
f 1070/1070 1051/1051 1050/1050
f 1067/1067 1070/1070 1050/1050
f 1071/1071 1070/1070 1067/1067
f 1069/1069 1071/1071 1067/1067
f 1073/1073 1074/1074 1075/1075
f 1072/1072 1073/1073 1075/1075
f 1077/1077 1073/1073 1072/1072
f 1076/1076 1077/1077 1072/1072
f 1078/1078 1079/1079 1074/1074
f 1073/1073 1078/1078 1074/1074
f 1080/1080 1078/1078 1073/1073
f 1077/1077 1080/1080 1073/1073
f 1082/1082 1083/1083 1084/1084
f 1081/1081 1082/1082 1084/1084
f 1086/1086 1082/1082 1081/1081
f 1085/1085 1086/1086 1081/1081
f 1087/1087 1088/1088 1083/1083
f 1082/1082 1087/1087 1083/1083
f 1089/1089 1087/1087 1082/1082
f 1086/1086 1089/1089 1082/1082
f 1091/1091 1063/1063 1062/1062
f 1090/1090 1091/1091 1062/1062
f 1093/1093 1091/1091 1090/1090
f 1092/1092 1093/1093 1090/1090
f 1094/1094 1065/1065 1063/1063
f 1091/1091 1094/1094 1063/1063
f 1095/1095 1094/1094 1091/1091
f 1093/1093 1095/1095 1091/1091
f 1097/1097 1069/1069 1068/1068
f 1096/1096 1097/1097 1068/1068
f 1083/1083 1097/1097 1096/1096
f 1084/1084 1083/1083 1096/1096
f 1098/1098 1071/1071 1069/1069
f 1097/1097 1098/1098 1069/1069
f 1088/1088 1098/1098 1097/1097
f 1083/1083 1088/1088 1097/1097
f 1100/1100 1101/1101 1102/1102
f 1099/1099 1100/1100 1102/1102
f 1104/1104 1100/1100 1099/1099
f 1103/1103 1104/1104 1099/1099
f 1105/1105 1106/1106 1101/1101
f 1100/1100 1105/1105 1101/1101
f 1107/1107 1105/1105 1100/1100
f 1104/1104 1107/1107 1100/1100
f 1109/1109 1110/1110 1111/1111
f 1108/1108 1109/1109 1111/1111
f 1113/1113 1109/1109 1108/1108
f 1112/1112 1113/1113 1108/1108
f 1114/1114 1115/1115 1110/1110
f 1109/1109 1114/1114 1110/1110
f 1116/1116 1114/1114 1109/1109
f 1113/1113 1116/1116 1109/1109
f 1118/1118 1077/1077 1076/1076
f 1117/1117 1118/1118 1076/1076
f 1101/1101 1118/1118 1117/1117
f 1102/1102 1101/1101 1117/1117
f 1119/1119 1080/1080 1077/1077
f 1118/1118 1119/1119 1077/1077
f 1106/1106 1119/1119 1118/1118
f 1101/1101 1106/1106 1118/1118
f 1121/1121 1086/1086 1085/1085
f 1120/1120 1121/1121 1085/1085
f 1110/1110 1121/1121 1120/1120
f 1111/1111 1110/1110 1120/1120
f 1122/1122 1089/1089 1086/1086
f 1121/1121 1122/1122 1086/1086
f 1115/1115 1122/1122 1121/1121
f 1110/1110 1115/1115 1121/1121
f 1124/1124 1104/1104 1103/1103
f 1123/1123 1124/1124 1103/1103
f 1126/1126 1124/1124 1123/1123
f 1125/1125 1126/1126 1123/1123
f 1127/1127 1107/1107 1104/1104
f 1124/1124 1127/1127 1104/1104
f 1128/1128 1127/1127 1124/1124
f 1126/1126 1128/1128 1124/1124
f 1130/1130 1113/1113 1112/1112
f 1129/1129 1130/1130 1112/1112
f 1132/1132 1130/1130 1129/1129
f 1131/1131 1132/1132 1129/1129
f 1133/1133 1116/1116 1113/1113
f 1130/1130 1133/1133 1113/1113
f 1134/1134 1133/1133 1130/1130
f 1132/1132 1134/1134 1130/1130
f 1136/1136 607/607 596/596
f 1135/1135 1136/1136 596/596
f 1058/1058 1136/1136 1135/1135
f 1059/1059 1058/1058 1135/1135
f 1137/1137 609/609 607/607
f 1136/1136 1137/1137 607/607
f 1034/1034 1137/1137 1136/1136
f 1058/1058 1034/1034 1136/1136
f 1138/1138 623/623 609/609
f 1137/1137 1138/1138 609/609
f 1030/1030 1138/1138 1137/1137
f 1034/1034 1030/1030 1137/1137
f 1139/1139 625/625 623/623
f 1138/1138 1139/1139 623/623
f 1033/1033 1139/1139 1138/1138
f 1030/1030 1033/1033 1138/1138
f 1140/1140 1141/1141 1102/1102
f 1117/1117 1140/1140 1102/1102
f 1142/1142 1140/1140 1117/1117
f 1076/1076 1142/1142 1117/1117
f 897/897 850/850 1141/1141
f 1140/1140 897/897 1141/1141
f 898/898 897/897 1140/1140
f 1142/1142 898/898 1140/1140
f 1144/1144 592/592 595/595
f 1143/1143 1144/1144 595/595
f 1060/1060 1144/1144 1143/1143
f 1062/1062 1060/1060 1143/1143
f 1135/1135 596/596 592/592
f 1144/1144 1135/1135 592/592
f 1059/1059 1135/1135 1144/1144
f 1060/1060 1059/1059 1144/1144
f 1146/1146 1048/1048 1051/1051
f 1145/1145 1146/1146 1051/1051
f 809/809 1146/1146 1145/1145
f 811/811 809/809 1145/1145
f 1147/1147 1047/1047 1048/1048
f 1146/1146 1147/1147 1048/1048
f 804/804 1147/1147 1146/1146
f 809/809 804/804 1146/1146
f 1148/1148 1045/1045 1047/1047
f 1147/1147 1148/1148 1047/1047
f 800/800 1148/1148 1147/1147
f 804/804 800/800 1147/1147
f 1149/1149 1046/1046 1045/1045
f 1148/1148 1149/1149 1045/1045
f 803/803 1149/1149 1148/1148
f 800/800 803/803 1148/1148
f 1150/1150 1151/1151 819/819
f 815/815 1150/1150 819/819
f 1152/1152 1150/1150 815/815
f 818/818 1152/1152 815/815
f 1133/1133 1134/1134 1151/1151
f 1150/1150 1133/1133 1151/1151
f 1116/1116 1133/1133 1150/1150
f 1152/1152 1116/1116 1150/1150
f 1153/1153 1152/1152 818/818
f 824/824 1153/1153 818/818
f 1154/1154 1153/1153 824/824
f 827/827 1154/1154 824/824
f 1114/1114 1116/1116 1152/1152
f 1153/1153 1114/1114 1152/1152
f 1115/1115 1114/1114 1153/1153
f 1154/1154 1115/1115 1153/1153
f 1155/1155 1154/1154 827/827
f 830/830 1155/1155 827/827
f 1156/1156 1155/1155 830/830
f 833/833 1156/1156 830/830
f 1122/1122 1115/1115 1154/1154
f 1155/1155 1122/1122 1154/1154
f 1089/1089 1122/1122 1155/1155
f 1156/1156 1089/1089 1155/1155
f 1158/1158 1070/1070 1071/1071
f 1157/1157 1158/1158 1071/1071
f 836/836 1158/1158 1157/1157
f 838/838 836/836 1157/1157
f 1145/1145 1051/1051 1070/1070
f 1158/1158 1145/1145 1070/1070
f 811/811 1145/1145 1158/1158
f 836/836 811/811 1158/1158
f 1159/1159 1160/1160 1125/1125
f 1123/1123 1159/1159 1125/1125
f 1161/1161 1159/1159 1123/1123
f 1103/1103 1161/1161 1123/1123
f 867/867 870/870 1160/1160
f 1159/1159 867/867 1160/1160
f 846/846 867/867 1159/1159
f 1161/1161 846/846 1159/1159
f 1162/1162 1161/1161 1103/1103
f 1099/1099 1162/1162 1103/1103
f 1141/1141 1162/1162 1099/1099
f 1102/1102 1141/1141 1099/1099
f 847/847 846/846 1161/1161
f 1162/1162 847/847 1161/1161
f 850/850 847/847 1162/1162
f 1141/1141 850/850 1162/1162
f 1163/1163 1156/1156 833/833
f 912/912 1163/1163 833/833
f 1164/1164 1163/1163 912/912
f 915/915 1164/1164 912/912
f 1087/1087 1089/1089 1156/1156
f 1163/1163 1087/1087 1156/1156
f 1088/1088 1087/1087 1163/1163
f 1164/1164 1088/1088 1163/1163
f 1165/1165 1142/1142 1076/1076
f 1072/1072 1165/1165 1076/1076
f 1166/1166 1165/1165 1072/1072
f 1075/1075 1166/1166 1072/1072
f 906/906 898/898 1142/1142
f 1165/1165 906/906 1142/1142
f 908/908 906/906 1165/1165
f 1166/1166 908/908 1165/1165
f 1168/1168 977/977 976/976
f 1167/1167 1168/1168 976/976
f 1090/1090 1168/1168 1167/1167
f 1092/1092 1090/1090 1167/1167
f 1143/1143 595/595 977/977
f 1168/1168 1143/1143 977/977
f 1062/1062 1143/1143 1168/1168
f 1090/1090 1062/1062 1168/1168
f 1169/1169 1098/1098 1088/1088
f 1164/1164 1169/1169 1088/1088
f 978/978 1169/1169 1164/1164
f 915/915 978/978 1164/1164
f 1157/1157 1071/1071 1098/1098
f 1169/1169 1157/1157 1098/1098
f 838/838 1157/1157 1169/1169
f 978/978 838/838 1169/1169
f 1171/1171 335/335 337/337
f 1170/1170 1171/1171 337/337
f 1173/1173 1171/1171 1170/1170
f 1172/1172 1173/1173 1170/1170
f 1174/1174 336/336 335/335
f 1171/1171 1174/1174 335/335
f 1175/1175 1174/1174 1171/1171
f 1173/1173 1175/1175 1171/1171
f 1176/1176 1177/1177 347/347
f 346/346 1176/1176 347/347
f 1178/1178 1176/1176 346/346
f 348/348 1178/1178 346/346
f 1179/1179 1180/1180 1177/1177
f 1176/1176 1179/1179 1177/1177
f 1181/1181 1179/1179 1176/1176
f 1178/1178 1181/1181 1176/1176
f 1183/1183 1184/1184 1185/1185
f 1182/1182 1183/1183 1185/1185
f 380/380 1183/1183 1182/1182
f 373/373 380/380 1182/1182
f 1186/1186 1187/1187 1184/1184
f 1183/1183 1186/1186 1184/1184
f 381/381 1186/1186 1183/1183
f 380/380 381/381 1183/1183
f 1188/1188 1189/1189 1181/1181
f 1178/1178 1188/1188 1181/1181
f 372/372 1188/1188 1178/1178
f 348/348 372/372 1178/1178
f 1182/1182 1185/1185 1189/1189
f 1188/1188 1182/1182 1189/1189
f 373/373 1182/1182 1188/1188
f 372/372 373/373 1188/1188
f 1191/1191 1192/1192 1193/1193
f 1190/1190 1191/1191 1193/1193
f 1195/1195 1191/1191 1190/1190
f 1194/1194 1195/1195 1190/1190
f 364/364 357/357 1192/1192
f 1191/1191 364/364 1192/1192
f 365/365 364/364 1191/1191
f 1195/1195 365/365 1191/1191
f 1197/1197 1174/1174 1175/1175
f 1196/1196 1197/1197 1175/1175
f 1192/1192 1197/1197 1196/1196
f 1193/1193 1192/1192 1196/1196
f 356/356 336/336 1174/1174
f 1197/1197 356/356 1174/1174
f 357/357 356/356 1197/1197
f 1192/1192 357/357 1197/1197
f 1199/1199 1200/1200 1201/1201
f 1198/1198 1199/1199 1201/1201
f 1170/1170 1199/1199 1198/1198
f 1172/1172 1170/1170 1198/1198
f 920/920 921/921 1200/1200
f 1199/1199 920/920 1200/1200
f 337/337 920/920 1199/1199
f 1170/1170 337/337 1199/1199
f 1202/1202 1203/1203 1201/1201
f 1200/1200 1202/1202 1201/1201
f 995/995 1202/1202 1200/1200
f 921/921 995/995 1200/1200
f 1177/1177 1180/1180 1203/1203
f 1202/1202 1177/1177 1203/1203
f 347/347 1177/1177 1202/1202
f 995/995 347/347 1202/1202
f 1205/1205 1206/1206 1207/1207
f 1204/1204 1205/1205 1207/1207
f 1209/1209 1205/1205 1204/1204
f 1208/1208 1209/1209 1204/1204
f 1029/1029 1026/1026 1206/1206
f 1205/1205 1029/1029 1206/1206
f 1005/1005 1029/1029 1205/1205
f 1209/1209 1005/1005 1205/1205
f 1210/1210 1206/1206 1026/1026
f 1024/1024 1210/1210 1026/1026
f 1211/1211 1210/1210 1024/1024
f 1001/1001 1211/1211 1024/1024
f 1212/1212 1207/1207 1206/1206
f 1210/1210 1212/1212 1206/1206
f 1213/1213 1212/1212 1210/1210
f 1211/1211 1213/1213 1210/1210
f 1215/1215 1216/1216 1217/1217
f 1214/1214 1215/1215 1217/1217
f 1219/1219 1215/1215 1214/1214
f 1218/1218 1219/1219 1214/1214
f 1023/1023 1020/1020 1216/1216
f 1215/1215 1023/1023 1216/1216
f 998/998 1023/1023 1215/1215
f 1219/1219 998/998 1215/1215
f 1221/1221 1222/1222 1223/1223
f 1220/1220 1221/1221 1223/1223
f 1216/1216 1221/1221 1220/1220
f 1217/1217 1216/1216 1220/1220
f 1016/1016 1019/1019 1222/1222
f 1221/1221 1016/1016 1222/1222
f 1020/1020 1016/1016 1221/1221
f 1216/1216 1020/1020 1221/1221
f 1225/1225 1226/1226 1227/1227
f 1224/1224 1225/1225 1227/1227
f 1229/1229 1225/1225 1224/1224
f 1228/1228 1229/1229 1224/1224
f 1011/1011 1013/1013 1226/1226
f 1225/1225 1011/1011 1226/1226
f 1012/1012 1011/1011 1225/1225
f 1229/1229 1012/1012 1225/1225
f 1230/1230 1211/1211 1001/1001
f 999/999 1230/1230 1001/1001
f 1219/1219 1230/1230 999/999
f 998/998 1219/1219 999/999
f 1231/1231 1213/1213 1211/1211
f 1230/1230 1231/1231 1211/1211
f 1218/1218 1231/1231 1230/1230
f 1219/1219 1218/1218 1230/1230
f 1233/1233 1234/1234 1235/1235
f 1232/1232 1233/1233 1235/1235
f 1226/1226 1233/1233 1232/1232
f 1227/1227 1226/1226 1232/1232
f 1015/1015 1006/1006 1234/1234
f 1233/1233 1015/1015 1234/1234
f 1013/1013 1015/1015 1233/1233
f 1226/1226 1013/1013 1233/1233
f 1236/1236 1234/1234 1006/1006
f 1002/1002 1236/1236 1006/1006
f 1209/1209 1236/1236 1002/1002
f 1005/1005 1209/1209 1002/1002
f 1237/1237 1235/1235 1234/1234
f 1236/1236 1237/1237 1234/1234
f 1208/1208 1237/1237 1236/1236
f 1209/1209 1208/1208 1236/1236
f 1239/1239 1204/1204 1207/1207
f 1238/1238 1239/1239 1207/1207
f 1241/1241 1239/1239 1238/1238
f 1240/1240 1241/1241 1238/1238
f 1242/1242 1208/1208 1204/1204
f 1239/1239 1242/1242 1204/1204
f 1243/1243 1242/1242 1239/1239
f 1241/1241 1243/1243 1239/1239
f 1245/1245 1212/1212 1213/1213
f 1244/1244 1245/1245 1213/1213
f 1247/1247 1245/1245 1244/1244
f 1246/1246 1247/1247 1244/1244
f 1238/1238 1207/1207 1212/1212
f 1245/1245 1238/1238 1212/1212
f 1240/1240 1238/1238 1245/1245
f 1247/1247 1240/1240 1245/1245
f 1249/1249 1214/1214 1217/1217
f 1248/1248 1249/1249 1217/1217
f 1251/1251 1249/1249 1248/1248
f 1250/1250 1251/1251 1248/1248
f 1252/1252 1218/1218 1214/1214
f 1249/1249 1252/1252 1214/1214
f 1253/1253 1252/1252 1249/1249
f 1251/1251 1253/1253 1249/1249
f 1255/1255 1220/1220 1223/1223
f 1254/1254 1255/1255 1223/1223
f 1257/1257 1255/1255 1254/1254
f 1256/1256 1257/1257 1254/1254
f 1248/1248 1217/1217 1220/1220
f 1255/1255 1248/1248 1220/1220
f 1250/1250 1248/1248 1255/1255
f 1257/1257 1250/1250 1255/1255
f 1259/1259 1224/1224 1227/1227
f 1258/1258 1259/1259 1227/1227
f 1261/1261 1259/1259 1258/1258
f 1260/1260 1261/1261 1258/1258
f 1262/1262 1228/1228 1224/1224
f 1259/1259 1262/1262 1224/1224
f 1263/1263 1262/1262 1259/1259
f 1261/1261 1263/1263 1259/1259
f 1264/1264 1231/1231 1218/1218
f 1252/1252 1264/1264 1218/1218
f 1265/1265 1264/1264 1252/1252
f 1253/1253 1265/1265 1252/1252
f 1244/1244 1213/1213 1231/1231
f 1264/1264 1244/1244 1231/1231
f 1246/1246 1244/1244 1264/1264
f 1265/1265 1246/1246 1264/1264
f 1267/1267 1232/1232 1235/1235
f 1266/1266 1267/1267 1235/1235
f 1269/1269 1267/1267 1266/1266
f 1268/1268 1269/1269 1266/1266
f 1258/1258 1227/1227 1232/1232
f 1267/1267 1258/1258 1232/1232
f 1260/1260 1258/1258 1267/1267
f 1269/1269 1260/1260 1267/1267
f 1270/1270 1237/1237 1208/1208
f 1242/1242 1270/1270 1208/1208
f 1271/1271 1270/1270 1242/1242
f 1243/1243 1271/1271 1242/1242
f 1266/1266 1235/1235 1237/1237
f 1270/1270 1266/1266 1237/1237
f 1268/1268 1266/1266 1270/1270
f 1271/1271 1268/1268 1270/1270
f 1273/1273 1274/1274 1275/1275
f 1272/1272 1273/1273 1275/1275
f 1190/1190 1273/1273 1272/1272
f 1194/1194 1190/1190 1272/1272
f 1276/1276 1277/1277 1274/1274
f 1273/1273 1276/1276 1274/1274
f 1193/1193 1276/1276 1273/1273
f 1190/1190 1193/1193 1273/1273
f 1279/1279 1280/1280 1281/1281
f 1278/1278 1279/1279 1281/1281
f 1184/1184 1279/1279 1278/1278
f 1185/1185 1184/1184 1278/1278
f 1282/1282 1283/1283 1280/1280
f 1279/1279 1282/1282 1280/1280
f 1187/1187 1282/1282 1279/1279
f 1184/1184 1187/1187 1279/1279
f 1285/1285 1286/1286 1287/1287
f 1284/1284 1285/1285 1287/1287
f 1289/1289 1285/1285 1284/1284
f 1288/1288 1289/1289 1284/1284
f 1203/1203 1180/1180 1286/1286
f 1285/1285 1203/1203 1286/1286
f 1201/1201 1203/1203 1285/1285
f 1289/1289 1201/1201 1285/1285
f 1291/1291 1289/1289 1288/1288
f 1290/1290 1291/1291 1288/1288
f 1293/1293 1291/1291 1290/1290
f 1292/1292 1293/1293 1290/1290
f 1198/1198 1201/1201 1289/1289
f 1291/1291 1198/1198 1289/1289
f 1172/1172 1198/1198 1291/1291
f 1293/1293 1172/1172 1291/1291
f 1294/1294 1295/1295 1277/1277
f 1276/1276 1294/1294 1277/1277
f 1196/1196 1294/1294 1276/1276
f 1193/1193 1196/1196 1276/1276
f 1296/1296 1297/1297 1295/1295
f 1294/1294 1296/1296 1295/1295
f 1175/1175 1296/1296 1294/1294
f 1196/1196 1175/1175 1294/1294
f 1299/1299 1293/1293 1292/1292
f 1298/1298 1299/1299 1292/1292
f 1296/1296 1299/1299 1298/1298
f 1297/1297 1296/1296 1298/1298
f 1173/1173 1172/1172 1293/1293
f 1299/1299 1173/1173 1293/1293
f 1175/1175 1173/1173 1299/1299
f 1296/1296 1175/1175 1299/1299
f 1301/1301 1278/1278 1281/1281
f 1300/1300 1301/1301 1281/1281
f 1303/1303 1301/1301 1300/1300
f 1302/1302 1303/1303 1300/1300
f 1189/1189 1185/1185 1278/1278
f 1301/1301 1189/1189 1278/1278
f 1181/1181 1189/1189 1301/1301
f 1303/1303 1181/1181 1301/1301
f 1305/1305 1303/1303 1302/1302
f 1304/1304 1305/1305 1302/1302
f 1286/1286 1305/1305 1304/1304
f 1287/1287 1286/1286 1304/1304
f 1179/1179 1181/1181 1303/1303
f 1305/1305 1179/1179 1303/1303
f 1180/1180 1179/1179 1305/1305
f 1286/1286 1180/1180 1305/1305
f 1307/1307 1308/1308 1309/1309
f 1306/1306 1307/1307 1309/1309
f 1274/1274 1307/1307 1306/1306
f 1275/1275 1274/1274 1306/1306
f 1310/1310 1311/1311 1308/1308
f 1307/1307 1310/1310 1308/1308
f 1277/1277 1310/1310 1307/1307
f 1274/1274 1277/1277 1307/1307
f 1312/1312 1313/1313 1250/1250
f 1257/1257 1312/1312 1250/1250
f 1314/1314 1312/1312 1257/1257
f 1256/1256 1314/1314 1257/1257
f 1308/1308 1311/1311 1313/1313
f 1312/1312 1308/1308 1313/1313
f 1309/1309 1308/1308 1312/1312
f 1314/1314 1309/1309 1312/1312
f 1316/1316 1317/1317 1318/1318
f 1315/1315 1316/1316 1318/1318
f 1280/1280 1316/1316 1315/1315
f 1281/1281 1280/1280 1315/1315
f 1319/1319 1320/1320 1317/1317
f 1316/1316 1319/1319 1317/1317
f 1283/1283 1319/1319 1316/1316
f 1280/1280 1283/1283 1316/1316
f 1321/1321 1322/1322 1263/1263
f 1261/1261 1321/1321 1263/1263
f 1323/1323 1321/1321 1261/1261
f 1260/1260 1323/1323 1261/1261
f 1317/1317 1320/1320 1322/1322
f 1321/1321 1317/1317 1322/1322
f 1318/1318 1317/1317 1321/1321
f 1323/1323 1318/1318 1321/1321
f 1325/1325 1326/1326 1327/1327
f 1324/1324 1325/1325 1327/1327
f 1284/1284 1325/1325 1324/1324
f 1288/1288 1284/1284 1324/1324
f 1328/1328 1329/1329 1326/1326
f 1325/1325 1328/1328 1326/1326
f 1287/1287 1328/1328 1325/1325
f 1284/1284 1287/1287 1325/1325
f 1331/1331 1241/1241 1240/1240
f 1330/1330 1331/1331 1240/1240
f 1326/1326 1331/1331 1330/1330
f 1327/1327 1326/1326 1330/1330
f 1332/1332 1243/1243 1241/1241
f 1331/1331 1332/1332 1241/1241
f 1329/1329 1332/1332 1331/1331
f 1326/1326 1329/1329 1331/1331
f 1334/1334 1335/1335 1336/1336
f 1333/1333 1334/1334 1336/1336
f 1310/1310 1334/1334 1333/1333
f 1311/1311 1310/1310 1333/1333
f 1295/1295 1297/1297 1335/1335
f 1334/1334 1295/1295 1335/1335
f 1277/1277 1295/1295 1334/1334
f 1310/1310 1277/1277 1334/1334
f 1337/1337 1338/1338 1253/1253
f 1251/1251 1337/1337 1253/1253
f 1313/1313 1337/1337 1251/1251
f 1250/1250 1313/1313 1251/1251
f 1333/1333 1336/1336 1338/1338
f 1337/1337 1333/1333 1338/1338
f 1311/1311 1333/1333 1337/1337
f 1313/1313 1311/1311 1337/1337
f 1340/1340 1341/1341 1342/1342
f 1339/1339 1340/1340 1342/1342
f 1335/1335 1340/1340 1339/1339
f 1336/1336 1335/1335 1339/1339
f 1298/1298 1292/1292 1341/1341
f 1340/1340 1298/1298 1341/1341
f 1297/1297 1298/1298 1340/1340
f 1335/1335 1297/1297 1340/1340
f 1343/1343 1265/1265 1253/1253
f 1338/1338 1343/1343 1253/1253
f 1339/1339 1343/1343 1338/1338
f 1336/1336 1339/1339 1338/1338
f 1344/1344 1246/1246 1265/1265
f 1343/1343 1344/1344 1265/1265
f 1342/1342 1344/1344 1343/1343
f 1339/1339 1342/1342 1343/1343
f 1346/1346 1347/1347 1348/1348
f 1345/1345 1346/1346 1348/1348
f 1300/1300 1346/1346 1345/1345
f 1302/1302 1300/1300 1345/1345
f 1315/1315 1318/1318 1347/1347
f 1346/1346 1315/1315 1347/1347
f 1281/1281 1315/1315 1346/1346
f 1300/1300 1281/1281 1346/1346
f 1349/1349 1323/1323 1260/1260
f 1269/1269 1349/1349 1260/1260
f 1350/1350 1349/1349 1269/1269
f 1268/1268 1350/1350 1269/1269
f 1347/1347 1318/1318 1323/1323
f 1349/1349 1347/1347 1323/1323
f 1348/1348 1347/1347 1349/1349
f 1350/1350 1348/1348 1349/1349
f 1351/1351 1352/1352 1329/1329
f 1328/1328 1351/1351 1329/1329
f 1304/1304 1351/1351 1328/1328
f 1287/1287 1304/1304 1328/1328
f 1345/1345 1348/1348 1352/1352
f 1351/1351 1345/1345 1352/1352
f 1302/1302 1345/1345 1351/1351
f 1304/1304 1302/1302 1351/1351
f 1353/1353 1271/1271 1243/1243
f 1332/1332 1353/1353 1243/1243
f 1352/1352 1353/1353 1332/1332
f 1329/1329 1352/1352 1332/1332
f 1350/1350 1268/1268 1271/1271
f 1353/1353 1350/1350 1271/1271
f 1348/1348 1350/1350 1353/1353
f 1352/1352 1348/1348 1353/1353
f 1355/1355 1324/1324 1327/1327
f 1354/1354 1355/1355 1327/1327
f 1341/1341 1355/1355 1354/1354
f 1342/1342 1341/1341 1354/1354
f 1290/1290 1288/1288 1324/1324
f 1355/1355 1290/1290 1324/1324
f 1292/1292 1290/1290 1355/1355
f 1341/1341 1292/1292 1355/1355
f 1356/1356 1247/1247 1246/1246
f 1344/1344 1356/1356 1246/1246
f 1354/1354 1356/1356 1344/1344
f 1342/1342 1354/1354 1344/1344
f 1330/1330 1240/1240 1247/1247
f 1356/1356 1330/1330 1247/1247
f 1327/1327 1330/1330 1356/1356
f 1354/1354 1327/1327 1356/1356
f 1358/1358 1359/1359 1360/1360
f 1357/1357 1358/1358 1360/1360
f 1362/1362 1358/1358 1357/1357
f 1361/1361 1362/1362 1357/1357
f 1363/1363 1364/1364 1359/1359
f 1358/1358 1363/1363 1359/1359
f 1365/1365 1363/1363 1358/1358
f 1362/1362 1365/1365 1358/1358
f 1367/1367 1368/1368 1369/1369
f 1366/1366 1367/1367 1369/1369
f 1371/1371 1367/1367 1366/1366
f 1370/1370 1371/1371 1366/1366
f 1372/1372 1373/1373 1368/1368
f 1367/1367 1372/1372 1368/1368
f 1374/1374 1372/1372 1367/1367
f 1371/1371 1374/1374 1367/1367
f 1375/1375 1376/1376 1369/1369
f 1368/1368 1375/1375 1369/1369
f 1377/1377 1375/1375 1368/1368
f 1373/1373 1377/1377 1368/1368
f 1378/1378 1379/1379 1376/1376
f 1375/1375 1378/1378 1376/1376
f 1380/1380 1378/1378 1375/1375
f 1377/1377 1380/1380 1375/1375
f 1382/1382 1383/1383 1384/1384
f 1381/1381 1382/1382 1384/1384
f 32/32 1382/1382 1381/1381
f 33/33 32/32 1381/1381
f 1385/1385 1386/1386 1383/1383
f 1382/1382 1385/1385 1383/1383
f 34/34 1385/1385 1382/1382
f 32/32 34/34 1382/1382
f 1388/1388 1371/1371 1370/1370
f 1387/1387 1388/1388 1370/1370
f 1390/1390 1388/1388 1387/1387
f 1389/1389 1390/1390 1387/1387
f 1391/1391 1374/1374 1371/1371
f 1388/1388 1391/1391 1371/1371
f 1392/1392 1391/1391 1388/1388
f 1390/1390 1392/1392 1388/1388
f 1394/1394 1395/1395 1396/1396
f 1393/1393 1394/1394 1396/1396
f 1383/1383 1394/1394 1393/1393
f 1384/1384 1383/1383 1393/1393
f 1397/1397 1398/1398 1395/1395
f 1394/1394 1397/1397 1395/1395
f 1386/1386 1397/1397 1394/1394
f 1383/1383 1386/1386 1394/1394
f 1399/1399 1400/1400 1396/1396
f 1395/1395 1399/1399 1396/1396
f 1401/1401 1399/1399 1395/1395
f 1398/1398 1401/1401 1395/1395
f 1402/1402 1403/1403 1400/1400
f 1399/1399 1402/1402 1400/1400
f 1404/1404 1402/1402 1399/1399
f 1401/1401 1404/1404 1399/1399
f 1405/1405 1406/1406 1379/1379
f 1378/1378 1405/1405 1379/1379
f 1407/1407 1405/1405 1378/1378
f 1380/1380 1407/1407 1378/1378
f 56/56 55/55 1406/1406
f 1405/1405 56/56 1406/1406
f 58/58 56/56 1405/1405
f 1407/1407 58/58 1405/1405
f 1409/1409 1410/1410 1411/1411
f 1408/1408 1409/1409 1411/1411
f 1413/1413 1409/1409 1408/1408
f 1412/1412 1413/1413 1408/1408
f 1414/1414 1415/1415 1410/1410
f 1409/1409 1414/1414 1410/1410
f 1416/1416 1414/1414 1409/1409
f 1413/1413 1416/1416 1409/1409
f 1418/1418 1413/1413 1412/1412
f 1417/1417 1418/1418 1412/1412
f 1420/1420 1418/1418 1417/1417
f 1419/1419 1420/1420 1417/1417
f 1421/1421 1416/1416 1413/1413
f 1418/1418 1421/1421 1413/1413
f 1422/1422 1421/1421 1418/1418
f 1420/1420 1422/1422 1418/1418
f 1424/1424 1420/1420 1419/1419
f 1423/1423 1424/1424 1419/1419
f 1426/1426 1424/1424 1423/1423
f 1425/1425 1426/1426 1423/1423
f 1427/1427 1422/1422 1420/1420
f 1424/1424 1427/1427 1420/1420
f 1428/1428 1427/1427 1424/1424
f 1426/1426 1428/1428 1424/1424
f 1430/1430 1431/1431 1432/1432
f 1429/1429 1430/1430 1432/1432
f 1434/1434 1430/1430 1429/1429
f 1433/1433 1434/1434 1429/1429
f 1435/1435 1436/1436 1431/1431
f 1430/1430 1435/1435 1431/1431
f 1437/1437 1435/1435 1430/1430
f 1434/1434 1437/1437 1430/1430
f 1439/1439 1440/1440 1441/1441
f 1438/1438 1439/1439 1441/1441
f 1431/1431 1439/1439 1438/1438
f 1432/1432 1431/1431 1438/1438
f 1442/1442 1443/1443 1440/1440
f 1439/1439 1442/1442 1440/1440
f 1436/1436 1442/1442 1439/1439
f 1431/1431 1436/1436 1439/1439
f 1445/1445 95/95 98/98
f 1444/1444 1445/1445 98/98
f 1410/1410 1445/1445 1444/1444
f 1411/1411 1410/1410 1444/1444
f 1446/1446 99/99 95/95
f 1445/1445 1446/1446 95/95
f 1415/1415 1446/1446 1445/1445
f 1410/1410 1415/1415 1445/1445
f 1448/1448 1434/1434 1433/1433
f 1447/1447 1448/1448 1433/1433
f 104/104 1448/1448 1447/1447
f 105/105 104/104 1447/1447
f 1449/1449 1437/1437 1434/1434
f 1448/1448 1449/1449 1434/1434
f 106/106 1449/1449 1448/1448
f 104/104 106/106 1448/1448
f 1451/1451 1446/1446 1415/1415
f 1450/1450 1451/1451 1415/1415
f 1406/1406 1451/1451 1450/1450
f 1379/1379 1406/1406 1450/1450
f 109/109 99/99 1446/1446
f 1451/1451 109/109 1446/1446
f 55/55 109/109 1451/1451
f 1406/1406 55/55 1451/1451
f 1453/1453 1442/1442 1436/1436
f 1452/1452 1453/1453 1436/1436
f 1400/1400 1453/1453 1452/1452
f 1396/1396 1400/1400 1452/1452
f 1454/1454 1443/1443 1442/1442
f 1453/1453 1454/1454 1442/1442
f 1403/1403 1454/1454 1453/1453
f 1400/1400 1403/1403 1453/1453
f 1456/1456 1427/1427 1428/1428
f 1455/1455 1456/1456 1428/1428
f 1387/1387 1456/1456 1455/1455
f 1389/1389 1387/1387 1455/1455
f 1457/1457 1422/1422 1427/1427
f 1456/1456 1457/1457 1427/1427
f 1370/1370 1457/1457 1456/1456
f 1387/1387 1370/1370 1456/1456
f 1459/1459 1414/1414 1416/1416
f 1458/1458 1459/1459 1416/1416
f 1376/1376 1459/1459 1458/1458
f 1369/1369 1376/1376 1458/1458
f 1450/1450 1415/1415 1414/1414
f 1459/1459 1450/1450 1414/1414
f 1379/1379 1450/1450 1459/1459
f 1376/1376 1379/1379 1459/1459
f 1460/1460 1421/1421 1422/1422
f 1457/1457 1460/1460 1422/1422
f 1366/1366 1460/1460 1457/1457
f 1370/1370 1366/1366 1457/1457
f 1458/1458 1416/1416 1421/1421
f 1460/1460 1458/1458 1421/1421
f 1369/1369 1458/1458 1460/1460
f 1366/1366 1369/1369 1460/1460
f 1461/1461 1449/1449 106/106
f 120/120 1461/1461 106/106
f 1381/1381 1461/1461 120/120
f 33/33 1381/1381 120/120
f 1462/1462 1437/1437 1449/1449
f 1461/1461 1462/1462 1449/1449
f 1384/1384 1462/1462 1461/1461
f 1381/1381 1384/1384 1461/1461
f 1463/1463 1435/1435 1437/1437
f 1462/1462 1463/1463 1437/1437
f 1393/1393 1463/1463 1462/1462
f 1384/1384 1393/1393 1462/1462
f 1452/1452 1436/1436 1435/1435
f 1463/1463 1452/1452 1435/1435
f 1396/1396 1452/1452 1463/1463
f 1393/1393 1396/1396 1463/1463
f 1465/1465 1466/1466 1467/1467
f 1464/1464 1465/1465 1467/1467
f 1469/1469 1465/1465 1464/1464
f 1468/1468 1469/1469 1464/1464
f 1377/1377 1373/1373 1466/1466
f 1465/1465 1377/1377 1466/1466
f 1380/1380 1377/1377 1465/1465
f 1469/1469 1380/1380 1465/1465
f 1471/1471 1472/1472 1473/1473
f 1470/1470 1471/1471 1473/1473
f 1466/1466 1471/1471 1470/1470
f 1467/1467 1466/1466 1470/1470
f 1372/1372 1374/1374 1472/1472
f 1471/1471 1372/1372 1472/1472
f 1373/1373 1372/1372 1471/1471
f 1466/1466 1373/1373 1471/1471
f 1474/1474 1407/1407 1380/1380
f 1469/1469 1474/1474 1380/1380
f 1475/1475 1474/1474 1469/1469
f 1468/1468 1475/1475 1469/1469
f 134/134 58/58 1407/1407
f 1474/1474 134/134 1407/1407
f 136/136 134/134 1474/1474
f 1475/1475 136/136 1474/1474
f 1477/1477 1478/1478 1479/1479
f 1476/1476 1477/1477 1479/1479
f 1397/1397 1477/1477 1476/1476
f 1398/1398 1397/1397 1476/1476
f 1480/1480 1481/1481 1478/1478
f 1477/1477 1480/1480 1478/1478
f 1386/1386 1480/1480 1477/1477
f 1397/1397 1386/1386 1477/1477
f 1482/1482 1401/1401 1398/1398
f 1476/1476 1482/1482 1398/1398
f 1483/1483 1482/1482 1476/1476
f 1479/1479 1483/1483 1476/1476
f 1484/1484 1404/1404 1401/1401
f 1482/1482 1484/1484 1401/1401
f 1485/1485 1484/1484 1482/1482
f 1483/1483 1485/1485 1482/1482
f 1486/1486 1487/1487 1481/1481
f 1480/1480 1486/1486 1481/1481
f 1385/1385 1486/1486 1480/1480
f 1386/1386 1385/1385 1480/1480
f 150/150 149/149 1487/1487
f 1486/1486 150/150 1487/1487
f 34/34 150/150 1486/1486
f 1385/1385 34/34 1486/1486
f 1488/1488 1489/1489 1473/1473
f 1472/1472 1488/1488 1473/1473
f 1391/1391 1488/1488 1472/1472
f 1374/1374 1391/1391 1472/1472
f 1490/1490 1491/1491 1489/1489
f 1488/1488 1490/1490 1489/1489
f 1392/1392 1490/1490 1488/1488
f 1391/1391 1392/1392 1488/1488
f 1492/1492 1493/1493 1412/1412
f 1408/1408 1492/1492 1412/1412
f 1494/1494 1492/1492 1408/1408
f 1411/1411 1494/1494 1408/1408
f 1495/1495 1496/1496 1493/1493
f 1492/1492 1495/1495 1493/1493
f 1497/1497 1495/1495 1492/1492
f 1494/1494 1497/1497 1492/1492
f 1498/1498 1499/1499 1419/1419
f 1417/1417 1498/1498 1419/1419
f 1493/1493 1498/1498 1417/1417
f 1412/1412 1493/1493 1417/1417
f 1500/1500 1501/1501 1499/1499
f 1498/1498 1500/1500 1499/1499
f 1496/1496 1500/1500 1498/1498
f 1493/1493 1496/1496 1498/1498
f 1502/1502 1494/1494 1411/1411
f 1444/1444 1502/1502 1411/1411
f 167/167 1502/1502 1444/1444
f 98/98 167/167 1444/1444
f 1503/1503 1497/1497 1494/1494
f 1502/1502 1503/1503 1494/1494
f 168/168 1503/1503 1502/1502
f 167/167 168/168 1502/1502
f 1504/1504 1505/1505 1433/1433
f 1429/1429 1504/1504 1433/1433
f 1506/1506 1504/1504 1429/1429
f 1432/1432 1506/1506 1429/1429
f 1507/1507 1508/1508 1505/1505
f 1504/1504 1507/1507 1505/1505
f 1509/1509 1507/1507 1504/1504
f 1506/1506 1509/1509 1504/1504
f 1510/1510 1511/1511 1509/1509
f 1506/1506 1510/1510 1509/1509
f 1438/1438 1510/1510 1506/1506
f 1432/1432 1438/1438 1506/1506
f 1512/1512 1513/1513 1511/1511
f 1510/1510 1512/1512 1511/1511
f 1441/1441 1512/1512 1510/1510
f 1438/1438 1441/1441 1510/1510
f 1514/1514 179/179 105/105
f 1447/1447 1514/1514 105/105
f 1505/1505 1514/1514 1447/1447
f 1433/1433 1505/1505 1447/1447
f 1515/1515 181/181 179/179
f 1514/1514 1515/1515 179/179
f 1508/1508 1515/1515 1514/1514
f 1505/1505 1508/1508 1514/1514
f 1516/1516 1517/1517 1425/1425
f 1423/1423 1516/1516 1425/1425
f 1499/1499 1516/1516 1423/1423
f 1419/1419 1499/1499 1423/1423
f 1518/1518 1519/1519 1517/1517
f 1516/1516 1518/1518 1517/1517
f 1501/1501 1518/1518 1516/1516
f 1499/1499 1501/1501 1516/1516
f 1521/1521 1522/1522 1523/1523
f 1520/1520 1521/1521 1523/1523
f 1525/1525 1521/1521 1520/1520
f 1524/1524 1525/1525 1520/1520
f 1526/1526 1527/1527 1522/1522
f 1521/1521 1526/1526 1522/1522
f 1528/1528 1526/1526 1521/1521
f 1525/1525 1528/1528 1521/1521
f 1530/1530 1531/1531 1532/1532
f 1529/1529 1530/1530 1532/1532
f 1534/1534 1530/1530 1529/1529
f 1533/1533 1534/1534 1529/1529
f 1535/1535 1536/1536 1531/1531
f 1530/1530 1535/1535 1531/1531
f 1537/1537 1535/1535 1530/1530
f 1534/1534 1537/1537 1530/1530
f 1538/1538 1539/1539 208/208
f 207/207 1538/1538 208/208
f 1540/1540 1538/1538 207/207
f 210/210 1540/1540 207/207
f 1529/1529 1532/1532 1539/1539
f 1538/1538 1529/1529 1539/1539
f 1533/1533 1529/1529 1538/1538
f 1540/1540 1533/1533 1538/1538
f 1541/1541 1542/1542 1527/1527
f 1526/1526 1541/1541 1527/1527
f 1543/1543 1541/1541 1526/1526
f 1528/1528 1543/1543 1526/1526
f 214/214 213/213 1542/1542
f 1541/1541 214/214 1542/1542
f 216/216 214/214 1541/1541
f 1543/1543 216/216 1541/1541
f 1545/1545 1546/1546 1547/1547
f 1544/1544 1545/1545 1547/1547
f 1549/1549 1545/1545 1544/1544
f 1548/1548 1549/1549 1544/1544
f 1550/1550 1551/1551 1546/1546
f 1545/1545 1550/1550 1546/1546
f 1552/1552 1550/1550 1545/1545
f 1549/1549 1552/1552 1545/1545
f 1554/1554 226/226 229/229
f 1553/1553 1554/1554 229/229
f 1556/1556 1554/1554 1553/1553
f 1555/1555 1556/1556 1553/1553
f 1557/1557 230/230 226/226
f 1554/1554 1557/1557 226/226
f 1558/1558 1557/1557 1554/1554
f 1556/1556 1558/1558 1554/1554
f 1560/1560 1561/1561 1562/1562
f 1559/1559 1560/1560 1562/1562
f 241/241 1560/1560 1559/1559
f 242/242 241/241 1559/1559
f 1563/1563 1564/1564 1561/1561
f 1560/1560 1563/1563 1561/1561
f 243/243 1563/1563 1560/1560
f 241/241 243/243 1560/1560
f 1566/1566 1561/1561 1564/1564
f 1565/1565 1566/1566 1564/1564
f 1546/1546 1566/1566 1565/1565
f 1547/1547 1546/1546 1565/1565
f 1567/1567 1562/1562 1561/1561
f 1566/1566 1567/1567 1561/1561
f 1551/1551 1567/1567 1566/1566
f 1546/1546 1551/1551 1566/1566
f 1569/1569 1570/1570 1571/1571
f 1568/1568 1569/1569 1571/1571
f 1556/1556 1569/1569 1568/1568
f 1558/1558 1556/1556 1568/1568
f 1572/1572 1573/1573 1570/1570
f 1569/1569 1572/1572 1570/1570
f 1555/1555 1572/1572 1569/1569
f 1556/1556 1555/1555 1569/1569
f 1574/1574 1575/1575 256/256
f 255/255 1574/1574 256/256
f 1539/1539 1574/1574 255/255
f 208/208 1539/1539 255/255
f 1576/1576 1577/1577 1575/1575
f 1574/1574 1576/1576 1575/1575
f 1532/1532 1576/1576 1574/1574
f 1539/1539 1532/1532 1574/1574
f 1578/1578 1553/1553 229/229
f 260/260 1578/1578 229/229
f 1575/1575 1578/1578 260/260
f 256/256 1575/1575 260/260
f 1579/1579 1555/1555 1553/1553
f 1578/1578 1579/1579 1553/1553
f 1577/1577 1579/1579 1578/1578
f 1575/1575 1577/1577 1578/1578
f 1581/1581 1582/1582 1583/1583
f 1580/1580 1581/1581 1583/1583
f 1522/1522 1581/1581 1580/1580
f 1523/1523 1522/1522 1580/1580
f 1584/1584 1585/1585 1582/1582
f 1581/1581 1584/1584 1582/1582
f 1527/1527 1584/1584 1581/1581
f 1522/1522 1527/1527 1581/1581
f 1587/1587 1567/1567 1551/1551
f 1586/1586 1587/1587 1551/1551
f 1582/1582 1587/1587 1586/1586
f 1583/1583 1582/1582 1586/1586
f 1588/1588 1562/1562 1567/1567
f 1587/1587 1588/1588 1567/1567
f 1585/1585 1588/1588 1587/1587
f 1582/1582 1585/1585 1587/1587
f 1589/1589 1590/1590 1577/1577
f 1576/1576 1589/1589 1577/1577
f 1531/1531 1589/1589 1576/1576
f 1532/1532 1531/1531 1576/1576
f 1591/1591 1592/1592 1590/1590
f 1589/1589 1591/1591 1590/1590
f 1536/1536 1591/1591 1589/1589
f 1531/1531 1536/1536 1589/1589
f 1593/1593 1572/1572 1555/1555
f 1579/1579 1593/1593 1555/1555
f 1590/1590 1593/1593 1579/1579
f 1577/1577 1590/1590 1579/1579
f 1594/1594 1573/1573 1572/1572
f 1593/1593 1594/1594 1572/1572
f 1592/1592 1594/1594 1593/1593
f 1590/1590 1592/1592 1593/1593
f 1595/1595 1596/1596 1585/1585
f 1584/1584 1595/1595 1585/1585
f 1542/1542 1595/1595 1584/1584
f 1527/1527 1542/1542 1584/1584
f 280/280 279/279 1596/1596
f 1595/1595 280/280 1596/1596
f 213/213 280/280 1595/1595
f 1542/1542 213/213 1595/1595
f 1597/1597 1559/1559 1562/1562
f 1588/1588 1597/1597 1562/1562
f 1596/1596 1597/1597 1588/1588
f 1585/1585 1596/1596 1588/1588
f 282/282 242/242 1559/1559
f 1597/1597 282/282 1559/1559
f 279/279 282/282 1597/1597
f 1596/1596 279/279 1597/1597
f 1599/1599 1600/1600 1601/1601
f 1598/1598 1599/1599 1601/1601
f 1603/1603 1599/1599 1598/1598
f 1602/1602 1603/1603 1598/1598
f 1604/1604 1605/1605 1600/1600
f 1599/1599 1604/1604 1600/1600
f 1606/1606 1604/1604 1599/1599
f 1603/1603 1606/1606 1599/1599
f 1608/1608 1600/1600 1605/1605
f 1607/1607 1608/1608 1605/1605
f 1610/1610 1608/1608 1607/1607
f 1609/1609 1610/1610 1607/1607
f 1611/1611 1601/1601 1600/1600
f 1608/1608 1611/1611 1600/1600
f 1612/1612 1611/1611 1608/1608
f 1610/1610 1612/1612 1608/1608
f 1614/1614 1615/1615 1616/1616
f 1613/1613 1614/1614 1616/1616
f 1618/1618 1614/1614 1613/1613
f 1617/1617 1618/1618 1613/1613
f 1619/1619 1620/1620 1615/1615
f 1614/1614 1619/1619 1615/1615
f 1621/1621 1619/1619 1614/1614
f 1618/1618 1621/1621 1614/1614
f 1623/1623 1618/1618 1617/1617
f 1622/1622 1623/1623 1617/1617
f 1625/1625 1623/1623 1622/1622
f 1624/1624 1625/1625 1622/1622
f 1626/1626 1621/1621 1618/1618
f 1623/1623 1626/1626 1618/1618
f 1627/1627 1626/1626 1623/1623
f 1625/1625 1627/1627 1623/1623
f 1629/1629 1610/1610 1609/1609
f 1628/1628 1629/1629 1609/1609
f 1631/1631 1629/1629 1628/1628
f 1630/1630 1631/1631 1628/1628
f 1632/1632 1612/1612 1610/1610
f 1629/1629 1632/1632 1610/1610
f 1633/1633 1632/1632 1629/1629
f 1631/1631 1633/1633 1629/1629
f 1635/1635 1625/1625 1624/1624
f 1634/1634 1635/1635 1624/1624
f 1636/1636 1635/1635 1634/1634
f 1360/1360 1636/1636 1634/1634
f 1637/1637 1627/1627 1625/1625
f 1635/1635 1637/1637 1625/1625
f 1638/1638 1637/1637 1635/1635
f 1636/1636 1638/1638 1635/1635
f 1639/1639 1636/1636 1360/1360
f 1359/1359 1639/1639 1360/1360
f 1640/1640 1639/1639 1359/1359
f 1364/1364 1640/1640 1359/1359
f 1641/1641 1638/1638 1636/1636
f 1639/1639 1641/1641 1636/1636
f 1642/1642 1641/1641 1639/1639
f 1640/1640 1642/1642 1639/1639
f 1644/1644 1645/1645 1646/1646
f 1643/1643 1644/1644 1646/1646
f 1648/1648 1644/1644 1643/1643
f 1647/1647 1648/1648 1643/1643
f 1649/1649 1361/1361 1645/1645
f 1644/1644 1649/1649 1645/1645
f 1650/1650 1649/1649 1644/1644
f 1648/1648 1650/1650 1644/1644
f 1652/1652 1634/1634 1624/1624
f 1651/1651 1652/1652 1624/1624
f 1645/1645 1652/1652 1651/1651
f 1646/1646 1645/1645 1651/1651
f 1357/1357 1360/1360 1634/1634
f 1652/1652 1357/1357 1634/1634
f 1361/1361 1357/1357 1652/1652
f 1645/1645 1361/1361 1652/1652
f 1654/1654 1655/1655 1656/1656
f 1653/1653 1654/1654 1656/1656
f 1658/1658 1654/1654 1653/1653
f 1657/1657 1658/1658 1653/1653
f 1659/1659 1660/1660 1655/1655
f 1654/1654 1659/1659 1655/1655
f 1661/1661 1659/1659 1654/1654
f 1658/1658 1661/1661 1654/1654
f 1663/1663 1632/1632 1633/1633
f 1662/1662 1663/1663 1633/1633
f 1655/1655 1663/1663 1662/1662
f 1656/1656 1655/1655 1662/1662
f 1664/1664 1612/1612 1632/1632
f 1663/1663 1664/1664 1632/1632
f 1660/1660 1664/1664 1663/1663
f 1655/1655 1660/1660 1663/1663
f 1666/1666 1667/1667 1668/1668
f 1665/1665 1666/1666 1668/1668
f 1670/1670 1666/1666 1665/1665
f 1669/1669 1670/1670 1665/1665
f 1643/1643 1646/1646 1667/1667
f 1666/1666 1643/1643 1667/1667
f 1647/1647 1643/1643 1666/1666
f 1670/1670 1647/1647 1666/1666
f 1672/1672 1622/1622 1617/1617
f 1671/1671 1672/1672 1617/1617
f 1667/1667 1672/1672 1671/1671
f 1668/1668 1667/1667 1671/1671
f 1651/1651 1624/1624 1622/1622
f 1672/1672 1651/1651 1622/1622
f 1646/1646 1651/1651 1672/1672
f 1667/1667 1646/1646 1672/1672
f 1674/1674 1675/1675 1676/1676
f 1673/1673 1674/1674 1676/1676
f 1678/1678 1674/1674 1673/1673
f 1677/1677 1678/1678 1673/1673
f 1665/1665 1668/1668 1675/1675
f 1674/1674 1665/1665 1675/1675
f 1669/1669 1665/1665 1674/1674
f 1678/1678 1669/1669 1674/1674
f 1680/1680 1613/1613 1616/1616
f 1679/1679 1680/1680 1616/1616
f 1675/1675 1680/1680 1679/1679
f 1676/1676 1675/1675 1679/1679
f 1671/1671 1617/1617 1613/1613
f 1680/1680 1671/1671 1613/1613
f 1668/1668 1671/1671 1680/1680
f 1675/1675 1668/1668 1680/1680
f 1681/1681 1682/1682 1660/1660
f 1659/1659 1681/1681 1660/1660
f 1683/1683 1681/1681 1659/1659
f 1661/1661 1683/1683 1659/1659
f 1684/1684 1685/1685 1682/1682
f 1681/1681 1684/1684 1682/1682
f 1686/1686 1684/1684 1681/1681
f 1683/1683 1686/1686 1681/1681
f 1687/1687 1611/1611 1612/1612
f 1664/1664 1687/1687 1612/1612
f 1682/1682 1687/1687 1664/1664
f 1660/1660 1682/1682 1664/1664
f 1688/1688 1601/1601 1611/1611
f 1687/1687 1688/1688 1611/1611
f 1685/1685 1688/1688 1687/1687
f 1682/1682 1685/1685 1687/1687
f 1689/1689 1690/1690 1685/1685
f 1684/1684 1689/1689 1685/1685
f 1691/1691 1689/1689 1684/1684
f 1686/1686 1691/1691 1684/1684
f 1692/1692 1693/1693 1690/1690
f 1689/1689 1692/1692 1690/1690
f 1694/1694 1692/1692 1689/1689
f 1691/1691 1694/1694 1689/1689
f 1695/1695 1598/1598 1601/1601
f 1688/1688 1695/1695 1601/1601
f 1690/1690 1695/1695 1688/1688
f 1685/1685 1690/1690 1688/1688
f 1696/1696 1602/1602 1598/1598
f 1695/1695 1696/1696 1598/1598
f 1693/1693 1696/1696 1695/1695
f 1690/1690 1693/1693 1695/1695
f 1698/1698 1699/1699 1700/1700
f 1697/1697 1698/1698 1700/1700
f 1702/1702 1698/1698 1697/1697
f 1701/1701 1702/1702 1697/1697
f 1703/1703 1704/1704 1699/1699
f 1698/1698 1703/1703 1699/1699
f 1705/1705 1703/1703 1698/1698
f 1702/1702 1705/1705 1698/1698
f 1706/1706 1707/1707 1704/1704
f 1703/1703 1706/1706 1704/1704
f 1708/1708 1706/1706 1703/1703
f 1705/1705 1708/1708 1703/1703
f 1709/1709 1710/1710 1707/1707
f 1706/1706 1709/1709 1707/1707
f 1711/1711 1709/1709 1706/1706
f 1708/1708 1711/1711 1706/1706
f 1713/1713 1714/1714 1715/1715
f 1712/1712 1713/1713 1715/1715
f 1717/1717 1713/1713 1712/1712
f 1716/1716 1717/1717 1712/1712
f 1718/1718 1719/1719 1714/1714
f 1713/1713 1718/1718 1714/1714
f 1720/1720 1718/1718 1713/1713
f 1717/1717 1720/1720 1713/1713
f 1722/1722 1723/1723 1724/1724
f 1721/1721 1722/1722 1724/1724
f 1714/1714 1722/1722 1721/1721
f 1715/1715 1714/1714 1721/1721
f 1725/1725 1726/1726 1723/1723
f 1722/1722 1725/1725 1723/1723
f 1719/1719 1725/1725 1722/1722
f 1714/1714 1719/1719 1722/1722
f 1728/1728 1729/1729 1730/1730
f 1727/1727 1728/1728 1730/1730
f 1723/1723 1728/1728 1727/1727
f 1724/1724 1723/1723 1727/1727
f 1731/1731 1732/1732 1729/1729
f 1728/1728 1731/1731 1729/1729
f 1726/1726 1731/1731 1728/1728
f 1723/1723 1726/1726 1728/1728
f 1734/1734 1735/1735 1736/1736
f 1733/1733 1734/1734 1736/1736
f 1729/1729 1734/1734 1733/1733
f 1730/1730 1729/1729 1733/1733
f 1737/1737 1738/1738 1735/1735
f 1734/1734 1737/1737 1735/1735
f 1732/1732 1737/1737 1734/1734
f 1729/1729 1732/1732 1734/1734
f 1739/1739 1740/1740 1710/1710
f 1709/1709 1739/1739 1710/1710
f 1741/1741 1739/1739 1709/1709
f 1711/1711 1741/1741 1709/1709
f 1742/1742 1743/1743 1740/1740
f 1739/1739 1742/1742 1740/1740
f 1744/1744 1742/1742 1739/1739
f 1741/1741 1744/1744 1739/1739
f 1746/1746 1604/1604 1606/1606
f 1745/1745 1746/1746 1606/1606
f 1699/1699 1746/1746 1745/1745
f 1700/1700 1699/1699 1745/1745
f 1747/1747 1605/1605 1604/1604
f 1746/1746 1747/1747 1604/1604
f 1704/1704 1747/1747 1746/1746
f 1699/1699 1704/1704 1746/1746
f 1749/1749 1707/1707 1710/1710
f 1748/1748 1749/1749 1710/1710
f 1607/1607 1749/1749 1748/1748
f 1609/1609 1607/1607 1748/1748
f 1747/1747 1704/1704 1707/1707
f 1749/1749 1747/1747 1707/1707
f 1605/1605 1747/1747 1749/1749
f 1607/1607 1605/1605 1749/1749
f 1751/1751 1619/1619 1621/1621
f 1750/1750 1751/1751 1621/1621
f 1718/1718 1751/1751 1750/1750
f 1719/1719 1718/1718 1750/1750
f 1752/1752 1620/1620 1619/1619
f 1751/1751 1752/1752 1619/1619
f 1720/1720 1752/1752 1751/1751
f 1718/1718 1720/1720 1751/1751
f 1754/1754 1626/1626 1627/1627
f 1753/1753 1754/1754 1627/1627
f 1725/1725 1754/1754 1753/1753
f 1726/1726 1725/1725 1753/1753
f 1750/1750 1621/1621 1626/1626
f 1754/1754 1750/1750 1626/1626
f 1719/1719 1750/1750 1754/1754
f 1725/1725 1719/1719 1754/1754
f 1756/1756 1740/1740 1743/1743
f 1755/1755 1756/1756 1743/1743
f 1628/1628 1756/1756 1755/1755
f 1630/1630 1628/1628 1755/1755
f 1748/1748 1710/1710 1740/1740
f 1756/1756 1748/1748 1740/1740
f 1609/1609 1748/1748 1756/1756
f 1628/1628 1609/1609 1756/1756
f 1758/1758 1637/1637 1638/1638
f 1757/1757 1758/1758 1638/1638
f 1731/1731 1758/1758 1757/1757
f 1732/1732 1731/1731 1757/1757
f 1753/1753 1627/1627 1637/1637
f 1758/1758 1753/1753 1637/1637
f 1726/1726 1753/1753 1758/1758
f 1731/1731 1726/1726 1758/1758
f 1760/1760 1641/1641 1642/1642
f 1759/1759 1760/1760 1642/1642
f 1737/1737 1760/1760 1759/1759
f 1738/1738 1737/1737 1759/1759
f 1757/1757 1638/1638 1641/1641
f 1760/1760 1757/1757 1641/1641
f 1732/1732 1757/1757 1760/1760
f 1737/1737 1732/1732 1760/1760
f 1762/1762 1763/1763 1764/1764
f 1761/1761 1762/1762 1764/1764
f 454/454 1762/1762 1761/1761
f 455/455 454/454 1761/1761
f 1765/1765 1766/1766 1763/1763
f 1762/1762 1765/1765 1763/1763
f 456/456 1765/1765 1762/1762
f 454/454 456/456 1762/1762
f 1768/1768 457/457 460/460
f 1767/1767 1768/1768 460/460
f 1770/1770 1768/1768 1767/1767
f 1769/1769 1770/1770 1767/1767
f 1771/1771 461/461 457/457
f 1768/1768 1771/1771 457/457
f 1772/1772 1771/1771 1768/1768
f 1770/1770 1772/1772 1768/1768
f 1774/1774 1770/1770 1769/1769
f 1773/1773 1774/1774 1769/1769
f 1776/1776 1774/1774 1773/1773
f 1775/1775 1776/1776 1773/1773
f 1777/1777 1772/1772 1770/1770
f 1774/1774 1777/1777 1770/1770
f 1778/1778 1777/1777 1774/1774
f 1776/1776 1778/1778 1774/1774
f 1780/1780 1781/1781 1782/1782
f 1779/1779 1780/1780 1782/1782
f 1763/1763 1780/1780 1779/1779
f 1764/1764 1763/1763 1779/1779
f 1783/1783 1784/1784 1781/1781
f 1780/1780 1783/1783 1781/1781
f 1766/1766 1783/1783 1780/1780
f 1763/1763 1766/1766 1780/1780
f 1786/1786 1787/1787 1788/1788
f 1785/1785 1786/1786 1788/1788
f 1781/1781 1786/1786 1785/1785
f 1782/1782 1781/1781 1785/1785
f 1789/1789 1790/1790 1787/1787
f 1786/1786 1789/1789 1787/1787
f 1784/1784 1789/1789 1786/1786
f 1781/1781 1784/1784 1786/1786
f 1792/1792 1785/1785 1788/1788
f 1791/1791 1792/1792 1788/1788
f 1544/1544 1792/1792 1791/1791
f 1548/1548 1544/1544 1791/1791
f 1793/1793 1782/1782 1785/1785
f 1792/1792 1793/1793 1785/1785
f 1547/1547 1793/1793 1792/1792
f 1544/1544 1547/1547 1792/1792
f 1795/1795 1557/1557 1558/1558
f 1794/1794 1795/1795 1558/1558
f 1767/1767 1795/1795 1794/1794
f 1769/1769 1767/1767 1794/1794
f 489/489 230/230 1557/1557
f 1795/1795 489/489 1557/1557
f 460/460 489/489 1795/1795
f 1767/1767 460/460 1795/1795
f 1796/1796 1563/1563 243/243
f 491/491 1796/1796 243/243
f 1761/1761 1796/1796 491/491
f 455/455 1761/1761 491/491
f 1797/1797 1564/1564 1563/1563
f 1796/1796 1797/1797 1563/1563
f 1764/1764 1797/1797 1796/1796
f 1761/1761 1764/1764 1796/1796
f 1798/1798 1779/1779 1782/1782
f 1793/1793 1798/1798 1782/1782
f 1565/1565 1798/1798 1793/1793
f 1547/1547 1565/1565 1793/1793
f 1797/1797 1764/1764 1779/1779
f 1798/1798 1797/1797 1779/1779
f 1564/1564 1797/1797 1798/1798
f 1565/1565 1564/1564 1798/1798
f 1799/1799 1773/1773 1769/1769
f 1794/1794 1799/1799 1769/1769
f 1568/1568 1799/1799 1794/1794
f 1558/1558 1568/1568 1794/1794
f 1800/1800 1775/1775 1773/1773
f 1799/1799 1800/1800 1773/1773
f 1571/1571 1800/1800 1799/1799
f 1568/1568 1571/1571 1799/1799
f 1802/1802 1803/1803 1804/1804
f 1801/1801 1802/1802 1804/1804
f 502/502 1802/1802 1801/1801
f 503/503 502/502 1801/1801
f 1805/1805 1806/1806 1803/1803
f 1802/1802 1805/1805 1803/1803
f 504/504 1805/1805 1802/1802
f 502/502 504/504 1802/1802
f 1808/1808 1809/1809 1810/1810
f 1807/1807 1808/1808 1810/1810
f 1803/1803 1808/1808 1807/1807
f 1804/1804 1803/1803 1807/1807
f 1811/1811 1812/1812 1809/1809
f 1808/1808 1811/1811 1809/1809
f 1806/1806 1811/1811 1808/1808
f 1803/1803 1806/1806 1808/1808
f 1814/1814 1815/1815 1816/1816
f 1813/1813 1814/1814 1816/1816
f 1809/1809 1814/1814 1813/1813
f 1810/1810 1809/1809 1813/1813
f 1817/1817 1818/1818 1815/1815
f 1814/1814 1817/1817 1815/1815
f 1812/1812 1817/1817 1814/1814
f 1809/1809 1812/1812 1814/1814
f 1820/1820 517/517 520/520
f 1819/1819 1820/1820 520/520
f 1822/1822 1820/1820 1819/1819
f 1821/1821 1822/1822 1819/1819
f 1823/1823 521/521 517/517
f 1820/1820 1823/1823 517/517
f 1824/1824 1823/1823 1820/1820
f 1822/1822 1824/1824 1820/1820
f 1826/1826 1822/1822 1821/1821
f 1825/1825 1826/1826 1821/1821
f 1828/1828 1826/1826 1825/1825
f 1827/1827 1828/1828 1825/1825
f 1829/1829 1824/1824 1822/1822
f 1826/1826 1829/1829 1822/1822
f 1830/1830 1829/1829 1826/1826
f 1828/1828 1830/1830 1826/1826
f 1832/1832 1833/1833 1834/1834
f 1831/1831 1832/1832 1834/1834
f 536/536 1832/1832 1831/1831
f 537/537 536/536 1831/1831
f 1801/1801 1804/1804 1833/1833
f 1832/1832 1801/1801 1833/1833
f 503/503 1801/1801 1832/1832
f 536/536 503/503 1832/1832
f 1836/1836 1837/1837 1838/1838
f 1835/1835 1836/1836 1838/1838
f 1833/1833 1836/1836 1835/1835
f 1834/1834 1833/1833 1835/1835
f 1807/1807 1810/1810 1837/1837
f 1836/1836 1807/1807 1837/1837
f 1804/1804 1807/1807 1836/1836
f 1833/1833 1804/1804 1836/1836
f 1840/1840 1841/1841 1842/1842
f 1839/1839 1840/1840 1842/1842
f 1837/1837 1840/1840 1839/1839
f 1838/1838 1837/1837 1839/1839
f 1813/1813 1816/1816 1841/1841
f 1840/1840 1813/1813 1841/1841
f 1810/1810 1813/1813 1840/1840
f 1837/1837 1810/1810 1840/1840
f 1844/1844 546/546 549/549
f 1843/1843 1844/1844 549/549
f 1846/1846 1844/1844 1843/1843
f 1845/1845 1846/1846 1843/1843
f 1819/1819 520/520 546/546
f 1844/1844 1819/1819 546/546
f 1821/1821 1819/1819 1844/1844
f 1846/1846 1821/1821 1844/1844
f 1848/1848 1846/1846 1845/1845
f 1847/1847 1848/1848 1845/1845
f 1850/1850 1848/1848 1847/1847
f 1849/1849 1850/1850 1847/1847
f 1825/1825 1821/1821 1846/1846
f 1848/1848 1825/1825 1846/1846
f 1827/1827 1825/1825 1848/1848
f 1850/1850 1827/1827 1848/1848
f 1852/1852 1853/1853 1854/1854
f 1851/1851 1852/1852 1854/1854
f 560/560 1852/1852 1851/1851
f 561/561 560/560 1851/1851
f 1831/1831 1834/1834 1853/1853
f 1852/1852 1831/1831 1853/1853
f 537/537 1831/1831 1852/1852
f 560/560 537/537 1852/1852
f 1856/1856 1857/1857 1858/1858
f 1855/1855 1856/1856 1858/1858
f 1853/1853 1856/1856 1855/1855
f 1854/1854 1853/1853 1855/1855
f 1835/1835 1838/1838 1857/1857
f 1856/1856 1835/1835 1857/1857
f 1834/1834 1835/1835 1856/1856
f 1853/1853 1834/1834 1856/1856
f 1860/1860 1861/1861 1862/1862
f 1859/1859 1860/1860 1862/1862
f 1857/1857 1860/1860 1859/1859
f 1858/1858 1857/1857 1859/1859
f 1839/1839 1842/1842 1861/1861
f 1860/1860 1839/1839 1861/1861
f 1838/1838 1839/1839 1860/1860
f 1857/1857 1838/1838 1860/1860
f 1864/1864 570/570 573/573
f 1863/1863 1864/1864 573/573
f 1866/1866 1864/1864 1863/1863
f 1865/1865 1866/1866 1863/1863
f 1843/1843 549/549 570/570
f 1864/1864 1843/1843 570/570
f 1845/1845 1843/1843 1864/1864
f 1866/1866 1845/1845 1864/1864
f 1868/1868 1866/1866 1865/1865
f 1867/1867 1868/1868 1865/1865
f 1870/1870 1868/1868 1867/1867
f 1869/1869 1870/1870 1867/1867
f 1847/1847 1845/1845 1866/1866
f 1868/1868 1847/1847 1866/1866
f 1849/1849 1847/1847 1868/1868
f 1870/1870 1849/1849 1868/1868
f 1871/1871 1872/1872 1766/1766
f 1765/1765 1871/1871 1766/1766
f 582/582 1871/1871 1765/1765
f 456/456 582/582 1765/1765
f 1851/1851 1854/1854 1872/1872
f 1871/1871 1851/1851 1872/1872
f 561/561 1851/1851 1871/1871
f 582/582 561/561 1871/1871
f 1873/1873 1874/1874 1784/1784
f 1783/1783 1873/1873 1784/1784
f 1872/1872 1873/1873 1783/1783
f 1766/1766 1872/1872 1783/1783
f 1855/1855 1858/1858 1874/1874
f 1873/1873 1855/1855 1874/1874
f 1854/1854 1855/1855 1873/1873
f 1872/1872 1854/1854 1873/1873
f 1875/1875 1876/1876 1790/1790
f 1789/1789 1875/1875 1790/1790
f 1874/1874 1875/1875 1789/1789
f 1784/1784 1874/1874 1789/1789
f 1859/1859 1862/1862 1876/1876
f 1875/1875 1859/1859 1876/1876
f 1858/1858 1859/1859 1875/1875
f 1874/1874 1858/1858 1875/1875
f 1877/1877 587/587 461/461
f 1771/1771 1877/1877 461/461
f 1878/1878 1877/1877 1771/1771
f 1772/1772 1878/1878 1771/1771
f 1863/1863 573/573 587/587
f 1877/1877 1863/1863 587/587
f 1865/1865 1863/1863 1877/1877
f 1878/1878 1865/1865 1877/1877
f 1879/1879 1878/1878 1772/1772
f 1777/1777 1879/1879 1772/1772
f 1880/1880 1879/1879 1777/1777
f 1778/1778 1880/1880 1777/1777
f 1867/1867 1865/1865 1878/1878
f 1879/1879 1867/1867 1878/1878
f 1869/1869 1867/1867 1879/1879
f 1880/1880 1869/1869 1879/1879
f 1882/1882 1883/1883 1884/1884
f 1881/1881 1882/1882 1884/1884
f 1886/1886 1882/1882 1881/1881
f 1885/1885 1886/1886 1881/1881
f 1887/1887 1888/1888 1883/1883
f 1882/1882 1887/1887 1883/1883
f 1889/1889 1887/1887 1882/1882
f 1886/1886 1889/1889 1882/1882
f 1891/1891 1886/1886 1885/1885
f 1890/1890 1891/1891 1885/1885
f 604/604 1891/1891 1890/1890
f 605/605 604/604 1890/1890
f 1892/1892 1889/1889 1886/1886
f 1891/1891 1892/1892 1886/1886
f 606/606 1892/1892 1891/1891
f 604/604 606/606 1891/1891
f 1893/1893 1894/1894 1888/1888
f 1887/1887 1893/1893 1888/1888
f 1895/1895 1893/1893 1887/1887
f 1889/1889 1895/1895 1887/1887
f 1896/1896 1897/1897 1894/1894
f 1893/1893 1896/1896 1894/1894
f 1898/1898 1896/1896 1893/1893
f 1895/1895 1898/1898 1893/1893
f 1899/1899 1895/1895 1889/1889
f 1892/1892 1899/1899 1889/1889
f 615/615 1899/1899 1892/1892
f 606/606 615/615 1892/1892
f 1900/1900 1898/1898 1895/1895
f 1899/1899 1900/1900 1895/1895
f 616/616 1900/1900 1899/1899
f 615/615 616/616 1899/1899
f 1901/1901 1902/1902 1897/1897
f 1896/1896 1901/1901 1897/1897
f 1903/1903 1901/1901 1896/1896
f 1898/1898 1903/1903 1896/1896
f 1904/1904 1905/1905 1902/1902
f 1901/1901 1904/1904 1902/1902
f 1906/1906 1904/1904 1901/1901
f 1903/1903 1906/1906 1901/1901
f 1907/1907 1908/1908 1897/1897
f 1902/1902 1907/1907 1897/1897
f 1909/1909 1907/1907 1902/1902
f 1905/1905 1909/1909 1902/1902
f 1910/1910 1911/1911 1908/1908
f 1907/1907 1910/1910 1908/1908
f 1912/1912 1910/1910 1907/1907
f 1909/1909 1912/1912 1907/1907
f 1913/1913 1903/1903 1898/1898
f 1900/1900 1913/1913 1898/1898
f 631/631 1913/1913 1900/1900
f 616/616 631/631 1900/1900
f 1914/1914 1906/1906 1903/1903
f 1913/1913 1914/1914 1903/1903
f 632/632 1914/1914 1913/1913
f 631/631 632/632 1913/1913
f 1915/1915 1916/1916 1905/1905
f 1904/1904 1915/1915 1905/1905
f 1917/1917 1915/1915 1904/1904
f 1906/1906 1917/1917 1904/1904
f 1918/1918 1919/1919 1916/1916
f 1915/1915 1918/1918 1916/1916
f 1920/1920 1918/1918 1915/1915
f 1917/1917 1920/1920 1915/1915
f 1921/1921 1909/1909 1905/1905
f 1916/1916 1921/1921 1905/1905
f 1922/1922 1921/1921 1916/1916
f 1919/1919 1922/1922 1916/1916
f 1923/1923 1912/1912 1909/1909
f 1921/1921 1923/1923 1909/1909
f 1924/1924 1923/1923 1921/1921
f 1922/1922 1924/1924 1921/1921
f 1925/1925 1917/1917 1906/1906
f 1914/1914 1925/1925 1906/1906
f 645/645 1925/1925 1914/1914
f 632/632 645/645 1914/1914
f 1926/1926 1920/1920 1917/1917
f 1925/1925 1926/1926 1917/1917
f 646/646 1926/1926 1925/1925
f 645/645 646/646 1925/1925
f 1927/1927 1928/1928 1919/1919
f 1918/1918 1927/1927 1919/1919
f 1929/1929 1927/1927 1918/1918
f 1920/1920 1929/1929 1918/1918
f 1930/1930 1931/1931 1928/1928
f 1927/1927 1930/1930 1928/1928
f 1932/1932 1930/1930 1927/1927
f 1929/1929 1932/1932 1927/1927
f 1933/1933 1922/1922 1919/1919
f 1928/1928 1933/1933 1919/1919
f 1934/1934 1933/1933 1928/1928
f 1931/1931 1934/1934 1928/1928
f 1935/1935 1924/1924 1922/1922
f 1933/1933 1935/1935 1922/1922
f 1936/1936 1935/1935 1933/1933
f 1934/1934 1936/1936 1933/1933
f 1937/1937 1929/1929 1920/1920
f 1926/1926 1937/1937 1920/1920
f 659/659 1937/1937 1926/1926
f 646/646 659/659 1926/1926
f 1938/1938 1932/1932 1929/1929
f 1937/1937 1938/1938 1929/1929
f 660/660 1938/1938 1937/1937
f 659/659 660/660 1937/1937
f 1940/1940 1941/1941 1942/1942
f 1939/1939 1940/1940 1942/1942
f 1944/1944 1940/1940 1939/1939
f 1943/1943 1944/1944 1939/1939
f 1945/1945 1946/1946 1941/1941
f 1940/1940 1945/1945 1941/1941
f 1947/1947 1945/1945 1940/1940
f 1944/1944 1947/1947 1940/1940
f 1949/1949 1950/1950 1951/1951
f 1948/1948 1949/1949 1951/1951
f 1953/1953 1949/1949 1948/1948
f 1952/1952 1953/1953 1948/1948
f 1939/1939 1942/1942 1950/1950
f 1949/1949 1939/1939 1950/1950
f 1943/1943 1939/1939 1949/1949
f 1953/1953 1943/1943 1949/1949
f 1955/1955 1956/1956 1957/1957
f 1954/1954 1955/1955 1957/1957
f 1959/1959 1955/1955 1954/1954
f 1958/1958 1959/1959 1954/1954
f 1948/1948 1951/1951 1956/1956
f 1955/1955 1948/1948 1956/1956
f 1952/1952 1948/1948 1955/1955
f 1959/1959 1952/1952 1955/1955
f 1961/1961 1945/1945 1947/1947
f 1960/1960 1961/1961 1947/1947
f 685/685 1961/1961 1960/1960
f 686/686 685/685 1960/1960
f 1962/1962 1946/1946 1945/1945
f 1961/1961 1962/1962 1945/1945
f 687/687 1962/1962 1961/1961
f 685/685 687/687 1961/1961
f 1964/1964 1495/1495 1497/1497
f 1963/1963 1964/1964 1497/1497
f 1944/1944 1964/1964 1963/1963
f 1947/1947 1944/1944 1963/1963
f 1965/1965 1496/1496 1495/1495
f 1964/1964 1965/1965 1495/1495
f 1943/1943 1965/1965 1964/1964
f 1944/1944 1943/1943 1964/1964
f 1967/1967 1953/1953 1952/1952
f 1966/1966 1967/1967 1952/1952
f 1500/1500 1967/1967 1966/1966
f 1501/1501 1500/1500 1966/1966
f 1965/1965 1943/1943 1953/1953
f 1967/1967 1965/1965 1953/1953
f 1496/1496 1965/1965 1967/1967
f 1500/1500 1496/1496 1967/1967
f 1968/1968 1503/1503 168/168
f 694/694 1968/1968 168/168
f 1960/1960 1968/1968 694/694
f 686/686 1960/1960 694/694
f 1963/1963 1497/1497 1503/1503
f 1968/1968 1963/1963 1503/1503
f 1947/1947 1963/1963 1968/1968
f 1960/1960 1947/1947 1968/1968
f 1969/1969 1970/1970 1508/1508
f 1507/1507 1969/1969 1508/1508
f 1971/1971 1969/1969 1507/1507
f 1509/1509 1971/1971 1507/1507
f 1930/1930 1932/1932 1970/1970
f 1969/1969 1930/1930 1970/1970
f 1931/1931 1930/1930 1969/1969
f 1971/1971 1931/1931 1969/1969
f 1972/1972 1971/1971 1509/1509
f 1511/1511 1972/1972 1509/1509
f 1973/1973 1972/1972 1511/1511
f 1513/1513 1973/1973 1511/1511
f 1934/1934 1931/1931 1971/1971
f 1972/1972 1934/1934 1971/1971
f 1936/1936 1934/1934 1972/1972
f 1973/1973 1936/1936 1972/1972
f 1974/1974 700/700 181/181
f 1515/1515 1974/1974 181/181
f 1970/1970 1974/1974 1515/1515
f 1508/1508 1970/1970 1515/1515
f 1938/1938 660/660 700/700
f 1974/1974 1938/1938 700/700
f 1932/1932 1938/1938 1974/1974
f 1970/1970 1932/1932 1974/1974
f 1975/1975 1966/1966 1952/1952
f 1959/1959 1975/1975 1952/1952
f 1976/1976 1975/1975 1959/1959
f 1958/1958 1976/1976 1959/1959
f 1518/1518 1501/1501 1966/1966
f 1975/1975 1518/1518 1966/1966
f 1519/1519 1518/1518 1975/1975
f 1976/1976 1519/1519 1975/1975
f 1977/1977 1978/1978 1468/1468
f 1464/1464 1977/1977 1468/1468
f 1979/1979 1977/1977 1464/1464
f 1467/1467 1979/1979 1464/1464
f 1980/1980 1981/1981 1978/1978
f 1977/1977 1980/1980 1978/1978
f 1982/1982 1980/1980 1977/1977
f 1979/1979 1982/1982 1977/1977
f 1983/1983 1979/1979 1467/1467
f 1470/1470 1983/1983 1467/1467
f 1984/1984 1983/1983 1470/1470
f 1473/1473 1984/1984 1470/1470
f 1985/1985 1982/1982 1979/1979
f 1983/1983 1985/1985 1979/1979
f 1986/1986 1985/1985 1983/1983
f 1984/1984 1986/1986 1983/1983
f 1987/1987 1475/1475 1468/1468
f 1978/1978 1987/1987 1468/1468
f 1988/1988 1987/1987 1978/1978
f 1981/1981 1988/1988 1978/1978
f 715/715 136/136 1475/1475
f 1987/1987 715/715 1475/1475
f 717/717 715/715 1987/1987
f 1988/1988 717/717 1987/1987
f 1989/1989 1990/1990 1479/1479
f 1478/1478 1989/1989 1479/1479
f 1991/1991 1989/1989 1478/1478
f 1481/1481 1991/1991 1478/1478
f 1992/1992 1993/1993 1990/1990
f 1989/1989 1992/1992 1990/1990
f 1994/1994 1992/1992 1989/1989
f 1991/1991 1994/1994 1989/1989
f 1995/1995 1483/1483 1479/1479
f 1990/1990 1995/1995 1479/1479
f 1996/1996 1995/1995 1990/1990
f 1993/1993 1996/1996 1990/1990
f 1997/1997 1485/1485 1483/1483
f 1995/1995 1997/1997 1483/1483
f 1998/1998 1997/1997 1995/1995
f 1996/1996 1998/1998 1995/1995
f 1999/1999 1991/1991 1481/1481
f 1487/1487 1999/1999 1481/1481
f 730/730 1999/1999 1487/1487
f 149/149 730/730 1487/1487
f 2000/2000 1994/1994 1991/1991
f 1999/1999 2000/2000 1991/1991
f 731/731 2000/2000 1999/1999
f 730/730 731/731 1999/1999
f 2001/2001 1984/1984 1473/1473
f 1489/1489 2001/2001 1473/1473
f 2002/2002 2001/2001 1489/1489
f 1491/1491 2002/2002 1489/1489
f 2003/2003 1986/1986 1984/1984
f 2001/2001 2003/2003 1984/1984
f 2004/2004 2003/2003 2001/2001
f 2002/2002 2004/2004 2001/2001
f 2006/2006 2007/2007 2008/2008
f 2005/2005 2006/2006 2008/2008
f 2010/2010 2006/2006 2005/2005
f 2009/2009 2010/2010 2005/2005
f 2011/2011 2012/2012 2007/2007
f 2006/2006 2011/2011 2007/2007
f 2013/2013 2011/2011 2006/2006
f 2010/2010 2013/2013 2006/2006
f 2014/2014 2015/2015 2012/2012
f 2011/2011 2014/2014 2012/2012
f 2016/2016 2014/2014 2011/2011
f 2013/2013 2016/2016 2011/2011
f 2017/2017 2018/2018 2015/2015
f 2014/2014 2017/2017 2015/2015
f 2019/2019 2017/2017 2014/2014
f 2016/2016 2019/2019 2014/2014
f 2021/2021 2022/2022 2023/2023
f 2020/2020 2021/2021 2023/2023
f 2025/2025 2021/2021 2020/2020
f 2024/2024 2025/2025 2020/2020
f 2026/2026 2027/2027 2022/2022
f 2021/2021 2026/2026 2022/2022
f 2028/2028 2026/2026 2021/2021
f 2025/2025 2028/2028 2021/2021
f 2030/2030 2025/2025 2024/2024
f 2029/2029 2030/2030 2024/2024
f 2032/2032 2030/2030 2029/2029
f 2031/2031 2032/2032 2029/2029
f 2033/2033 2028/2028 2025/2025
f 2030/2030 2033/2033 2025/2025
f 2034/2034 2033/2033 2030/2030
f 2032/2032 2034/2034 2030/2030
f 2036/2036 2032/2032 2031/2031
f 2035/2035 2036/2036 2031/2031
f 2038/2038 2036/2036 2035/2035
f 2037/2037 2038/2038 2035/2035
f 2039/2039 2034/2034 2032/2032
f 2036/2036 2039/2039 2032/2032
f 2040/2040 2039/2039 2036/2036
f 2038/2038 2040/2040 2036/2036
f 2042/2042 2038/2038 2037/2037
f 2041/2041 2042/2042 2037/2037
f 2044/2044 2042/2042 2041/2041
f 2043/2043 2044/2044 2041/2041
f 2045/2045 2040/2040 2038/2038
f 2042/2042 2045/2045 2038/2038
f 2046/2046 2045/2045 2042/2042
f 2044/2044 2046/2046 2042/2042
f 2047/2047 2048/2048 2018/2018
f 2017/2017 2047/2047 2018/2018
f 2049/2049 2047/2047 2017/2017
f 2019/2019 2049/2049 2017/2017
f 2050/2050 2051/2051 2048/2048
f 2047/2047 2050/2050 2048/2048
f 2052/2052 2050/2050 2047/2047
f 2049/2049 2052/2052 2047/2047
f 2054/2054 1702/1702 1701/1701
f 2053/2053 2054/2054 1701/1701
f 2007/2007 2054/2054 2053/2053
f 2008/2008 2007/2007 2053/2053
f 2055/2055 1705/1705 1702/1702
f 2054/2054 2055/2055 1702/1702
f 2012/2012 2055/2055 2054/2054
f 2007/2007 2012/2012 2054/2054
f 2056/2056 1708/1708 1705/1705
f 2055/2055 2056/2056 1705/1705
f 2015/2015 2056/2056 2055/2055
f 2012/2012 2015/2015 2055/2055
f 2057/2057 1711/1711 1708/1708
f 2056/2056 2057/2057 1708/1708
f 2018/2018 2057/2057 2056/2056
f 2015/2015 2018/2018 2056/2056
f 2059/2059 1712/1712 1715/1715
f 2058/2058 2059/2059 1715/1715
f 2020/2020 2059/2059 2058/2058
f 2024/2024 2020/2020 2058/2058
f 2060/2060 1716/1716 1712/1712
f 2059/2059 2060/2060 1712/1712
f 2023/2023 2060/2060 2059/2059
f 2020/2020 2023/2023 2059/2059
f 2062/2062 1721/1721 1724/1724
f 2061/2061 2062/2062 1724/1724
f 2029/2029 2062/2062 2061/2061
f 2031/2031 2029/2029 2061/2061
f 2058/2058 1715/1715 1721/1721
f 2062/2062 2058/2058 1721/1721
f 2024/2024 2058/2058 2062/2062
f 2029/2029 2024/2024 2062/2062
f 2064/2064 1727/1727 1730/1730
f 2063/2063 2064/2064 1730/1730
f 2035/2035 2064/2064 2063/2063
f 2037/2037 2035/2035 2063/2063
f 2061/2061 1724/1724 1727/1727
f 2064/2064 2061/2061 1727/1727
f 2031/2031 2061/2061 2064/2064
f 2035/2035 2031/2031 2064/2064
f 2066/2066 1733/1733 1736/1736
f 2065/2065 2066/2066 1736/1736
f 2041/2041 2066/2066 2065/2065
f 2043/2043 2041/2041 2065/2065
f 2063/2063 1730/1730 1733/1733
f 2066/2066 2063/2063 1733/1733
f 2037/2037 2063/2063 2066/2066
f 2041/2041 2037/2037 2066/2066
f 2067/2067 1741/1741 1711/1711
f 2057/2057 2067/2067 1711/1711
f 2048/2048 2067/2067 2057/2057
f 2018/2018 2048/2048 2057/2057
f 2068/2068 1744/1744 1741/1741
f 2067/2067 2068/2068 1741/1741
f 2051/2051 2068/2068 2067/2067
f 2048/2048 2051/2051 2067/2067
f 2070/2070 2071/2071 2072/2072
f 2069/2069 2070/2070 2072/2072
f 2074/2074 2070/2070 2069/2069
f 2073/2073 2074/2074 2069/2069
f 2075/2075 2076/2076 2071/2071
f 2070/2070 2075/2075 2071/2071
f 2077/2077 2075/2075 2070/2070
f 2074/2074 2077/2077 2070/2070
f 2078/2078 2079/2079 2076/2076
f 2075/2075 2078/2078 2076/2076
f 2080/2080 2078/2078 2075/2075
f 2077/2077 2080/2080 2075/2075
f 2081/2081 2082/2082 2079/2079
f 2078/2078 2081/2081 2079/2079
f 2083/2083 2081/2081 2078/2078
f 2080/2080 2083/2083 2078/2078
f 2085/2085 2086/2086 2087/2087
f 2084/2084 2085/2085 2087/2087
f 2089/2089 2085/2085 2084/2084
f 2088/2088 2089/2089 2084/2084
f 2090/2090 2091/2091 2086/2086
f 2085/2085 2090/2090 2086/2086
f 2092/2092 2090/2090 2085/2085
f 2089/2089 2092/2092 2085/2085
f 2094/2094 2095/2095 2096/2096
f 2093/2093 2094/2094 2096/2096
f 2098/2098 2094/2094 2093/2093
f 2097/2097 2098/2098 2093/2093
f 2084/2084 2087/2087 2095/2095
f 2094/2094 2084/2084 2095/2095
f 2088/2088 2084/2084 2094/2094
f 2098/2098 2088/2088 2094/2094
f 2100/2100 2101/2101 2102/2102
f 2099/2099 2100/2100 2102/2102
f 2104/2104 2100/2100 2099/2099
f 2103/2103 2104/2104 2099/2099
f 2093/2093 2096/2096 2101/2101
f 2100/2100 2093/2093 2101/2101
f 2097/2097 2093/2093 2100/2100
f 2104/2104 2097/2097 2100/2100
f 2105/2105 2106/2106 2082/2082
f 2081/2081 2105/2105 2082/2082
f 2107/2107 2105/2105 2081/2081
f 2083/2083 2107/2107 2081/2081
f 2108/2108 2109/2109 2106/2106
f 2105/2105 2108/2108 2106/2106
f 2110/2110 2108/2108 2105/2105
f 2107/2107 2110/2110 2105/2105
f 2112/2112 2113/2113 2114/2114
f 2111/2111 2112/2112 2114/2114
f 2116/2116 2112/2112 2111/2111
f 2115/2115 2116/2116 2111/2111
f 2117/2117 2118/2118 2113/2113
f 2112/2112 2117/2117 2113/2113
f 2119/2119 2117/2117 2112/2112
f 2116/2116 2119/2119 2112/2112
f 2121/2121 2122/2122 2123/2123
f 2120/2120 2121/2121 2123/2123
f 2125/2125 2121/2121 2120/2120
f 2124/2124 2125/2125 2120/2120
f 2111/2111 2114/2114 2122/2122
f 2121/2121 2111/2111 2122/2122
f 2115/2115 2111/2111 2121/2121
f 2125/2125 2115/2115 2121/2121
f 2127/2127 2122/2122 2114/2114
f 2126/2126 2127/2127 2114/2114
f 2129/2129 2127/2127 2126/2126
f 2128/2128 2129/2129 2126/2126
f 2130/2130 2123/2123 2122/2122
f 2127/2127 2130/2130 2122/2122
f 2131/2131 2130/2130 2127/2127
f 2129/2129 2131/2131 2127/2127
f 2133/2133 2113/2113 2118/2118
f 2132/2132 2133/2133 2118/2118
f 2135/2135 2133/2133 2132/2132
f 2134/2134 2135/2135 2132/2132
f 2126/2126 2114/2114 2113/2113
f 2133/2133 2126/2126 2113/2113
f 2128/2128 2126/2126 2133/2133
f 2135/2135 2128/2128 2133/2133
f 2137/2137 2138/2138 2139/2139
f 2136/2136 2137/2137 2139/2139
f 2141/2141 2137/2137 2136/2136
f 2140/2140 2141/2141 2136/2136
f 2132/2132 2118/2118 2138/2138
f 2137/2137 2132/2132 2138/2138
f 2134/2134 2132/2132 2137/2137
f 2141/2141 2134/2134 2137/2137
f 2143/2143 2129/2129 2128/2128
f 2142/2142 2143/2143 2128/2128
f 1941/1941 2143/2143 2142/2142
f 1942/1942 1941/1941 2142/2142
f 2144/2144 2131/2131 2129/2129
f 2143/2143 2144/2144 2129/2129
f 1946/1946 2144/2144 2143/2143
f 1941/1941 1946/1946 2143/2143
f 2146/2146 2135/2135 2134/2134
f 2145/2145 2146/2146 2134/2134
f 1950/1950 2146/2146 2145/2145
f 1951/1951 1950/1950 2145/2145
f 2142/2142 2128/2128 2135/2135
f 2146/2146 2142/2142 2135/2135
f 1942/1942 2142/2142 2146/2146
f 1950/1950 1942/1942 2146/2146
f 2148/2148 2141/2141 2140/2140
f 2147/2147 2148/2148 2140/2140
f 1956/1956 2148/2148 2147/2147
f 1957/1957 1956/1956 2147/2147
f 2145/2145 2134/2134 2141/2141
f 2148/2148 2145/2145 2141/2141
f 1951/1951 2145/2145 2148/2148
f 1956/1956 1951/1951 2148/2148
f 2150/2150 2120/2120 2123/2123
f 2149/2149 2150/2150 2123/2123
f 883/883 2150/2150 2149/2149
f 884/884 883/883 2149/2149
f 2151/2151 2124/2124 2120/2120
f 2150/2150 2151/2151 2120/2120
f 885/885 2151/2151 2150/2150
f 883/883 885/885 2150/2150
f 2152/2152 2153/2153 889/889
f 888/888 2152/2152 889/889
f 2149/2149 2152/2152 888/888
f 884/884 2149/2149 888/888
f 2130/2130 2131/2131 2153/2153
f 2152/2152 2130/2130 2153/2153
f 2123/2123 2130/2130 2152/2152
f 2149/2149 2123/2123 2152/2152
f 2154/2154 1962/1962 687/687
f 891/891 2154/2154 687/687
f 2153/2153 2154/2154 891/891
f 889/889 2153/2153 891/891
f 2144/2144 1946/1946 1962/1962
f 2154/2154 2144/2144 1962/1962
f 2131/2131 2144/2144 2154/2154
f 2153/2153 2131/2131 2154/2154
f 2156/2156 2125/2125 2124/2124
f 2155/2155 2156/2156 2124/2124
f 1525/1525 2156/2156 2155/2155
f 1528/1528 1525/1525 2155/2155
f 2157/2157 2115/2115 2125/2125
f 2156/2156 2157/2157 2125/2125
f 1524/1524 2157/2157 2156/2156
f 1525/1525 1524/1524 2156/2156
f 2159/2159 2160/2160 2161/2161
f 2158/2158 2159/2159 2161/2161
f 2116/2116 2159/2159 2158/2158
f 2119/2119 2116/2116 2158/2158
f 2157/2157 1524/1524 2160/2160
f 2159/2159 2157/2157 2160/2160
f 2115/2115 2157/2157 2159/2159
f 2116/2116 2115/2115 2159/2159
f 2162/2162 2163/2163 1537/1537
f 1534/1534 2162/2162 1537/1537
f 2164/2164 2162/2162 1534/1534
f 1533/1533 2164/2164 1534/1534
f 1881/1881 1884/1884 2163/2163
f 2162/2162 1881/1881 2163/2163
f 1885/1885 1881/1881 2162/2162
f 2164/2164 1885/1885 2162/2162
f 2165/2165 2164/2164 1533/1533
f 1540/1540 2165/2165 1533/1533
f 903/903 2165/2165 1540/1540
f 210/210 903/903 1540/1540
f 1890/1890 1885/1885 2164/2164
f 2165/2165 1890/1890 2164/2164
f 605/605 1890/1890 2165/2165
f 903/903 605/605 2165/2165
f 2166/2166 904/904 216/216
f 1543/1543 2166/2166 216/216
f 2155/2155 2166/2166 1543/1543
f 1528/1528 2155/2155 1543/1543
f 2151/2151 885/885 904/904
f 2166/2166 2151/2151 904/904
f 2124/2124 2151/2151 2166/2166
f 2155/2155 2124/2124 2166/2166
f 2167/2167 2168/2168 2161/2161
f 2160/2160 2167/2167 2161/2161
f 2169/2169 2167/2167 2160/2160
f 1524/1524 2169/2169 2160/2160
f 2170/2170 2171/2171 2168/2168
f 2167/2167 2170/2170 2168/2168
f 2172/2172 2170/2170 2167/2167
f 2169/2169 2172/2172 2167/2167
f 2174/2174 2175/2175 2176/2176
f 2173/2173 2174/2174 2176/2176
f 2178/2178 2174/2174 2173/2173
f 2177/2177 2178/2178 2173/2173
f 2099/2099 2102/2102 2175/2175
f 2174/2174 2099/2099 2175/2175
f 2103/2103 2099/2099 2174/2174
f 2178/2178 2103/2103 2174/2174
f 2179/2179 1362/1362 1361/1361
f 1649/1649 2179/2179 1361/1361
f 2180/2180 2179/2179 1649/1649
f 1650/1650 2180/2180 1649/1649
f 2181/2181 1365/1365 1362/1362
f 2179/2179 2181/2181 1362/1362
f 2182/2182 2181/2181 2179/2179
f 2180/2180 2182/2182 2179/2179
f 2184/2184 1550/1550 1552/1552
f 2183/2183 2184/2184 1552/1552
f 2186/2186 2184/2184 2183/2183
f 2185/2185 2186/2186 2183/2183
f 1586/1586 1551/1551 1550/1550
f 2184/2184 1586/1586 1550/1550
f 1583/1583 1586/1586 2184/2184
f 2186/2186 1583/1583 2184/2184
f 2188/2188 2186/2186 2185/2185
f 2187/2187 2188/2188 2185/2185
f 2190/2190 2188/2188 2187/2187
f 2189/2189 2190/2190 2187/2187
f 1580/1580 1583/1583 2186/2186
f 2188/2188 1580/1580 2186/2186
f 1523/1523 1580/1580 2188/2188
f 2190/2190 1523/1523 2188/2188
f 2192/2192 2190/2190 2189/2189
f 2191/2191 2192/2192 2189/2189
f 2169/2169 2192/2192 2191/2191
f 2172/2172 2169/2169 2191/2191
f 1520/1520 1523/1523 2190/2190
f 2192/2192 1520/1520 2190/2190
f 1524/1524 1520/1520 2192/2192
f 2169/2169 1524/1524 2192/2192
f 2194/2194 1850/1850 1849/1849
f 2193/2193 2194/2194 1849/1849
f 2196/2196 2194/2194 2193/2193
f 2195/2195 2196/2196 2193/2193
f 2197/2197 1827/1827 1850/1850
f 2194/2194 2197/2197 1850/1850
f 2198/2198 2197/2197 2194/2194
f 2196/2196 2198/2198 2194/2194
f 2199/2199 1828/1828 1827/1827
f 2197/2197 2199/2199 1827/1827
f 2200/2200 2199/2199 2197/2197
f 2198/2198 2200/2200 2197/2197
f 2201/2201 1830/1830 1828/1828
f 2199/2199 2201/2201 1828/1828
f 2202/2202 2201/2201 2199/2199
f 2200/2200 2202/2202 2199/2199
f 2204/2204 1870/1870 1869/1869
f 2203/2203 2204/2204 1869/1869
f 2206/2206 2204/2204 2203/2203
f 2205/2205 2206/2206 2203/2203
f 2193/2193 1849/1849 1870/1870
f 2204/2204 2193/2193 1870/1870
f 2195/2195 2193/2193 2204/2204
f 2206/2206 2195/2195 2204/2204
f 2208/2208 1880/1880 1778/1778
f 2207/2207 2208/2208 1778/1778
f 2210/2210 2208/2208 2207/2207
f 2209/2209 2210/2210 2207/2207
f 2203/2203 1869/1869 1880/1880
f 2208/2208 2203/2203 1880/1880
f 2205/2205 2203/2203 2208/2208
f 2210/2210 2205/2205 2208/2208
f 2212/2212 2213/2213 2214/2214
f 2211/2211 2212/2212 2214/2214
f 1570/1570 2212/2212 2211/2211
f 1571/1571 1570/1570 2211/2211
f 2215/2215 2216/2216 2213/2213
f 2212/2212 2215/2215 2213/2213
f 1573/1573 2215/2215 2212/2212
f 1570/1570 1573/1573 2212/2212
f 2218/2218 1776/1776 1775/1775
f 2217/2217 2218/2218 1775/1775
f 2220/2220 2218/2218 2217/2217
f 2219/2219 2220/2220 2217/2217
f 2207/2207 1778/1778 1776/1776
f 2218/2218 2207/2207 1776/1776
f 2209/2209 2207/2207 2218/2218
f 2220/2220 2209/2209 2218/2218
f 2221/2221 2217/2217 1775/1775
f 1800/1800 2221/2221 1775/1775
f 2211/2211 2221/2221 1800/1800
f 1571/1571 2211/2211 1800/1800
f 2222/2222 2219/2219 2217/2217
f 2221/2221 2222/2222 2217/2217
f 2214/2214 2222/2222 2221/2221
f 2211/2211 2214/2214 2221/2221
f 2223/2223 2215/2215 1573/1573
f 1594/1594 2223/2223 1573/1573
f 2224/2224 2223/2223 1594/1594
f 1592/1592 2224/2224 1594/1594
f 2225/2225 2216/2216 2215/2215
f 2223/2223 2225/2225 2215/2215
f 2226/2226 2225/2225 2223/2223
f 2224/2224 2226/2226 2223/2223
f 2227/2227 2224/2224 1592/1592
f 1591/1591 2227/2227 1592/1592
f 2228/2228 2227/2227 1591/1591
f 1536/1536 2228/2228 1591/1591
f 2229/2229 2226/2226 2224/2224
f 2227/2227 2229/2229 2224/2224
f 2230/2230 2229/2229 2227/2227
f 2228/2228 2230/2230 2227/2227
f 2231/2231 2228/2228 1536/1536
f 1535/1535 2231/2231 1536/1536
f 2232/2232 2231/2231 1535/1535
f 1537/1537 2232/2232 1535/1535
f 2233/2233 2230/2230 2228/2228
f 2231/2231 2233/2233 2228/2228
f 2234/2234 2233/2233 2231/2231
f 2232/2232 2234/2234 2231/2231
f 2235/2235 2236/2236 2234/2234
f 2232/2232 2235/2235 2234/2234
f 2163/2163 2235/2235 2232/2232
f 1537/1537 2163/2163 2232/2232
f 2237/2237 2238/2238 2236/2236
f 2235/2235 2237/2237 2236/2236
f 1884/1884 2237/2237 2235/2235
f 2163/2163 1884/1884 2235/2235
f 2239/2239 2240/2240 2109/2109
f 2108/2108 2239/2239 2109/2109
f 2241/2241 2239/2239 2108/2108
f 2110/2110 2241/2241 2108/2108
f 2173/2173 2176/2176 2240/2240
f 2239/2239 2173/2173 2240/2240
f 2177/2177 2173/2173 2239/2239
f 2241/2241 2177/2177 2239/2239
f 2242/2242 2243/2243 1364/1364
f 1363/1363 2242/2242 1364/1364
f 2244/2244 2242/2242 1363/1363
f 1365/1365 2244/2244 1363/1363
f 1662/1662 1633/1633 2243/2243
f 2242/2242 1662/1662 2243/2243
f 1656/1656 1662/1662 2242/2242
f 2244/2244 1656/1656 2242/2242
f 2245/2245 1640/1640 1364/1364
f 2243/2243 2245/2245 1364/1364
f 1631/1631 2245/2245 2243/2243
f 1633/1633 1631/1631 2243/2243
f 2246/2246 1642/1642 1640/1640
f 2245/2245 2246/2246 1640/1640
f 1630/1630 2246/2246 2245/2245
f 1631/1631 1630/1630 2245/2245
f 2247/2247 2248/2248 1743/1743
f 1742/1742 2247/2247 1743/1743
f 2249/2249 2247/2247 1742/1742
f 1744/1744 2249/2249 1742/1742
f 1735/1735 1738/1738 2248/2248
f 2247/2247 1735/1735 2248/2248
f 1736/1736 1735/1735 2247/2247
f 2249/2249 1736/1736 2247/2247
f 2250/2250 2246/2246 1630/1630
f 1755/1755 2250/2250 1630/1630
f 2248/2248 2250/2250 1755/1755
f 1743/1743 2248/2248 1755/1755
f 1759/1759 1642/1642 2246/2246
f 2250/2250 1759/1759 2246/2246
f 1738/1738 1759/1759 2250/2250
f 2248/2248 1738/1738 2250/2250
f 2251/2251 2252/2252 2051/2051
f 2050/2050 2251/2251 2051/2051
f 2253/2253 2251/2251 2050/2050
f 2052/2052 2253/2253 2050/2050
f 2044/2044 2043/2043 2252/2252
f 2251/2251 2044/2044 2252/2252
f 2046/2046 2044/2044 2251/2251
f 2253/2253 2046/2046 2251/2251
f 2254/2254 2249/2249 1744/1744
f 2068/2068 2254/2254 1744/1744
f 2252/2252 2254/2254 2068/2068
f 2051/2051 2252/2252 2068/2068
f 2065/2065 1736/1736 2249/2249
f 2254/2254 2065/2065 2249/2249
f 2043/2043 2065/2065 2254/2254
f 2252/2252 2043/2043 2254/2254
f 2255/2255 2244/2244 1365/1365
f 2181/2181 2255/2255 1365/1365
f 2256/2256 2255/2255 2181/2181
f 2182/2182 2256/2256 2181/2181
f 1653/1653 1656/1656 2244/2244
f 2255/2255 1653/1653 2244/2244
f 1657/1657 1653/1653 2255/2255
f 2256/2256 1657/1657 2255/2255
f 2257/2257 2258/2258 2097/2097
f 2104/2104 2257/2257 2097/2097
f 2259/2259 2257/2257 2104/2104
f 2103/2103 2259/2259 2104/2104
f 2260/2260 2261/2261 2258/2258
f 2257/2257 2260/2260 2258/2258
f 2262/2262 2260/2260 2257/2257
f 2259/2259 2262/2262 2257/2257
f 2264/2264 2265/2265 2266/2266
f 2263/2263 2264/2264 2266/2266
f 2107/2107 2264/2264 2263/2263
f 2110/2110 2107/2107 2263/2263
f 2267/2267 2268/2268 2265/2265
f 2264/2264 2267/2267 2265/2265
f 2083/2083 2267/2267 2264/2264
f 2107/2107 2083/2083 2264/2264
f 2270/2270 2074/2074 2073/2073
f 2269/2269 2270/2270 2073/2073
f 2272/2272 2270/2270 2269/2269
f 2271/2271 2272/2272 2269/2269
f 2273/2273 2077/2077 2074/2074
f 2270/2270 2273/2273 2074/2074
f 2274/2274 2273/2273 2270/2270
f 2272/2272 2274/2274 2270/2270
f 2275/2275 2080/2080 2077/2077
f 2273/2273 2275/2275 2077/2077
f 2276/2276 2275/2275 2273/2273
f 2274/2274 2276/2276 2273/2273
f 2267/2267 2083/2083 2080/2080
f 2275/2275 2267/2267 2080/2080
f 2268/2268 2267/2267 2275/2275
f 2276/2276 2268/2268 2275/2275
f 2278/2278 2279/2279 2280/2280
f 2277/2277 2278/2278 2280/2280
f 2089/2089 2278/2278 2277/2277
f 2092/2092 2089/2089 2277/2277
f 2281/2281 2282/2282 2279/2279
f 2278/2278 2281/2281 2279/2279
f 2088/2088 2281/2281 2278/2278
f 2089/2089 2088/2088 2278/2278
f 2284/2284 2258/2258 2261/2261
f 2283/2283 2284/2284 2261/2261
f 2281/2281 2284/2284 2283/2283
f 2282/2282 2281/2281 2283/2283
f 2098/2098 2097/2097 2258/2258
f 2284/2284 2098/2098 2258/2258
f 2088/2088 2098/2098 2284/2284
f 2281/2281 2088/2088 2284/2284
f 2285/2285 2286/2286 2262/2262
f 2259/2259 2285/2285 2262/2262
f 2178/2178 2285/2285 2259/2259
f 2103/2103 2178/2178 2259/2259
f 2287/2287 2288/2288 2286/2286
f 2285/2285 2287/2287 2286/2286
f 2177/2177 2287/2287 2285/2285
f 2178/2178 2177/2177 2285/2285
f 2289/2289 2241/2241 2110/2110
f 2263/2263 2289/2289 2110/2110
f 2290/2290 2289/2289 2263/2263
f 2266/2266 2290/2290 2263/2263
f 2287/2287 2177/2177 2241/2241
f 2289/2289 2287/2287 2241/2241
f 2288/2288 2287/2287 2289/2289
f 2290/2290 2288/2288 2289/2289
f 2292/2292 2293/2293 2294/2294
f 2291/2291 2292/2292 2294/2294
f 2296/2296 2292/2292 2291/2291
f 2295/2295 2296/2296 2291/2291
f 2297/2297 2298/2298 2293/2293
f 2292/2292 2297/2297 2293/2293
f 2299/2299 2297/2297 2292/2292
f 2296/2296 2299/2299 2292/2292
f 2301/2301 2302/2302 2303/2303
f 2300/2300 2301/2301 2303/2303
f 2305/2305 2301/2301 2300/2300
f 2304/2304 2305/2305 2300/2300
f 2306/2306 2307/2307 2302/2302
f 2301/2301 2306/2306 2302/2302
f 2308/2308 2306/2306 2301/2301
f 2305/2305 2308/2308 2301/2301
f 2310/2310 2311/2311 2312/2312
f 2309/2309 2310/2310 2312/2312
f 2314/2314 2310/2310 2309/2309
f 2313/2313 2314/2314 2309/2309
f 2306/2306 2308/2308 2311/2311
f 2310/2310 2306/2306 2311/2311
f 2307/2307 2306/2306 2310/2310
f 2314/2314 2307/2307 2310/2310
f 2316/2316 2317/2317 2318/2318
f 2315/2315 2316/2316 2318/2318
f 2320/2320 2316/2316 2315/2315
f 2319/2319 2320/2320 2315/2315
f 2297/2297 2299/2299 2317/2317
f 2316/2316 2297/2297 2317/2317
f 2298/2298 2297/2297 2316/2316
f 2320/2320 2298/2298 2316/2316
f 2321/2321 2322/2322 2319/2319
f 2315/2315 2321/2321 2319/2319
f 2323/2323 2321/2321 2315/2315
f 2318/2318 2323/2323 2315/2315
f 2324/2324 2325/2325 2322/2322
f 2321/2321 2324/2324 2322/2322
f 2326/2326 2324/2324 2321/2321
f 2323/2323 2326/2326 2321/2321
f 2327/2327 2328/2328 2313/2313
f 2309/2309 2327/2327 2313/2313
f 2329/2329 2327/2327 2309/2309
f 2312/2312 2329/2329 2309/2309
f 2330/2330 2331/2331 2328/2328
f 2327/2327 2330/2330 2328/2328
f 2332/2332 2330/2330 2327/2327
f 2329/2329 2332/2332 2327/2327
f 2334/2334 2335/2335 2336/2336
f 2333/2333 2334/2334 2336/2336
f 2338/2338 2334/2334 2333/2333
f 2337/2337 2338/2338 2333/2333
f 2339/2339 2340/2340 2335/2335
f 2334/2334 2339/2339 2335/2335
f 2341/2341 2339/2339 2334/2334
f 2338/2338 2341/2341 2334/2334
f 2343/2343 2344/2344 2345/2345
f 2342/2342 2343/2343 2345/2345
f 2347/2347 2343/2343 2342/2342
f 2346/2346 2347/2347 2342/2342
f 2348/2348 2349/2349 2344/2344
f 2343/2343 2348/2348 2344/2344
f 2350/2350 2348/2348 2343/2343
f 2347/2347 2350/2350 2343/2343
f 2351/2351 2352/2352 2325/2325
f 2324/2324 2351/2351 2325/2325
f 2353/2353 2351/2351 2324/2324
f 2326/2326 2353/2353 2324/2324
f 2354/2354 2355/2355 2352/2352
f 2351/2351 2354/2354 2352/2352
f 2356/2356 2354/2354 2351/2351
f 2353/2353 2356/2356 2351/2351
f 2357/2357 2358/2358 2331/2331
f 2330/2330 2357/2357 2331/2331
f 2359/2359 2357/2357 2330/2330
f 2332/2332 2359/2359 2330/2330
f 2342/2342 2345/2345 2358/2358
f 2357/2357 2342/2342 2358/2358
f 2346/2346 2342/2342 2357/2357
f 2359/2359 2346/2346 2357/2357
f 2361/2361 2362/2362 2363/2363
f 2360/2360 2361/2361 2363/2363
f 2365/2365 2361/2361 2360/2360
f 2364/2364 2365/2365 2360/2360
f 2366/2366 2367/2367 2362/2362
f 2361/2361 2366/2366 2362/2362
f 2368/2368 2366/2366 2361/2361
f 2365/2365 2368/2368 2361/2361
f 2370/2370 2371/2371 2372/2372
f 2369/2369 2370/2370 2372/2372
f 2374/2374 2370/2370 2369/2369
f 2373/2373 2374/2374 2369/2369
f 2375/2375 2376/2376 2371/2371
f 2370/2370 2375/2375 2371/2371
f 2377/2377 2375/2375 2370/2370
f 2374/2374 2377/2377 2370/2370
f 2378/2378 2379/2379 2340/2340
f 2339/2339 2378/2378 2340/2340
f 2380/2380 2378/2378 2339/2339
f 2341/2341 2380/2380 2339/2339
f 2360/2360 2363/2363 2379/2379
f 2378/2378 2360/2360 2379/2379
f 2364/2364 2360/2360 2378/2378
f 2380/2380 2364/2364 2378/2378
f 2381/2381 2382/2382 2349/2349
f 2348/2348 2381/2381 2349/2349
f 2383/2383 2381/2381 2348/2348
f 2350/2350 2383/2383 2348/2348
f 2369/2369 2372/2372 2382/2382
f 2381/2381 2369/2369 2382/2382
f 2373/2373 2369/2369 2381/2381
f 2383/2383 2373/2373 2381/2381
f 2384/2384 2385/2385 2367/2367
f 2366/2366 2384/2384 2367/2367
f 2386/2386 2384/2384 2366/2366
f 2368/2368 2386/2386 2366/2366
f 2387/2387 2388/2388 2385/2385
f 2384/2384 2387/2387 2385/2385
f 2389/2389 2387/2387 2384/2384
f 2386/2386 2389/2389 2384/2384
f 2390/2390 2391/2391 2376/2376
f 2375/2375 2390/2390 2376/2376
f 2392/2392 2390/2390 2375/2375
f 2377/2377 2392/2392 2375/2375
f 2393/2393 2394/2394 2391/2391
f 2390/2390 2393/2393 2391/2391
f 2395/2395 2393/2393 2390/2390
f 2392/2392 2395/2395 2390/2390
f 2396/2396 2397/2397 1888/1888
f 1894/1894 2396/2396 1888/1888
f 2398/2398 2396/2396 1894/1894
f 1897/1897 2398/2398 1894/1894
f 2320/2320 2319/2319 2397/2397
f 2396/2396 2320/2320 2397/2397
f 2298/2298 2320/2320 2396/2396
f 2398/2398 2298/2298 2396/2396
f 2399/2399 2398/2398 1897/1897
f 1908/1908 2399/2399 1897/1897
f 2400/2400 2399/2399 1908/1908
f 1911/1911 2400/2400 1908/1908
f 2293/2293 2298/2298 2398/2398
f 2399/2399 2293/2293 2398/2398
f 2294/2294 2293/2293 2399/2399
f 2400/2400 2294/2294 2399/2399
f 2402/2402 2379/2379 2363/2363
f 2401/2401 2402/2402 2363/2363
f 2158/2158 2402/2402 2401/2401
f 2119/2119 2158/2158 2401/2401
f 2403/2403 2340/2340 2379/2379
f 2402/2402 2403/2403 2379/2379
f 2161/2161 2403/2403 2402/2402
f 2158/2158 2161/2161 2402/2402
f 2404/2404 2405/2405 1884/1884
f 1883/1883 2404/2404 1884/1884
f 2397/2397 2404/2404 1883/1883
f 1888/1888 2397/2397 1883/1883
f 2322/2322 2325/2325 2405/2405
f 2404/2404 2322/2322 2405/2405
f 2319/2319 2322/2322 2404/2404
f 2397/2397 2319/2319 2404/2404
f 2406/2406 2407/2407 2312/2312
f 2311/2311 2406/2406 2312/2312
f 2408/2408 2406/2406 2311/2311
f 2308/2308 2408/2408 2311/2311
f 2079/2079 2082/2082 2407/2407
f 2406/2406 2079/2079 2407/2407
f 2076/2076 2079/2079 2406/2406
f 2408/2408 2076/2076 2406/2406
f 2409/2409 2408/2408 2308/2308
f 2305/2305 2409/2409 2308/2308
f 2410/2410 2409/2409 2305/2305
f 2304/2304 2410/2410 2305/2305
f 2071/2071 2076/2076 2408/2408
f 2409/2409 2071/2071 2408/2408
f 2072/2072 2071/2071 2409/2409
f 2410/2410 2072/2072 2409/2409
f 2412/2412 2086/2086 2091/2091
f 2411/2411 2412/2412 2091/2091
f 2392/2392 2412/2412 2411/2411
f 2395/2395 2392/2392 2411/2411
f 2413/2413 2087/2087 2086/2086
f 2412/2412 2413/2413 2086/2086
f 2377/2377 2413/2413 2412/2412
f 2392/2392 2377/2377 2412/2412
f 2414/2414 2095/2095 2087/2087
f 2413/2413 2414/2414 2087/2087
f 2374/2374 2414/2414 2413/2413
f 2377/2377 2374/2374 2413/2413
f 2415/2415 2096/2096 2095/2095
f 2414/2414 2415/2415 2095/2095
f 2373/2373 2415/2415 2414/2414
f 2374/2374 2373/2373 2414/2414
f 2416/2416 2101/2101 2096/2096
f 2415/2415 2416/2416 2096/2096
f 2383/2383 2416/2416 2415/2415
f 2373/2373 2383/2383 2415/2415
f 2417/2417 2102/2102 2101/2101
f 2416/2416 2417/2417 2101/2101
f 2350/2350 2417/2417 2416/2416
f 2383/2383 2350/2350 2416/2416
f 2418/2418 2419/2419 2332/2332
f 2329/2329 2418/2418 2332/2332
f 2407/2407 2418/2418 2329/2329
f 2312/2312 2407/2407 2329/2329
f 2106/2106 2109/2109 2419/2419
f 2418/2418 2106/2106 2419/2419
f 2082/2082 2106/2106 2418/2418
f 2407/2407 2082/2082 2418/2418
f 2421/2421 2385/2385 2388/2388
f 2420/2420 2421/2421 2388/2388
f 2138/2138 2421/2421 2420/2420
f 2139/2139 2138/2138 2420/2420
f 2422/2422 2367/2367 2385/2385
f 2421/2421 2422/2422 2385/2385
f 2118/2118 2422/2422 2421/2421
f 2138/2138 2118/2118 2421/2421
f 2423/2423 2362/2362 2367/2367
f 2422/2422 2423/2423 2367/2367
f 2117/2117 2423/2423 2422/2422
f 2118/2118 2117/2117 2422/2422
f 2401/2401 2363/2363 2362/2362
f 2423/2423 2401/2401 2362/2362
f 2119/2119 2401/2401 2423/2423
f 2117/2117 2119/2119 2423/2423
f 2424/2424 2175/2175 2102/2102
f 2417/2417 2424/2424 2102/2102
f 2347/2347 2424/2424 2417/2417
f 2350/2350 2347/2347 2417/2417
f 2425/2425 2176/2176 2175/2175
f 2424/2424 2425/2425 2175/2175
f 2346/2346 2425/2425 2424/2424
f 2347/2347 2346/2346 2424/2424
f 2426/2426 2335/2335 2340/2340
f 2403/2403 2426/2426 2340/2340
f 2168/2168 2426/2426 2403/2403
f 2161/2161 2168/2168 2403/2403
f 2427/2427 2336/2336 2335/2335
f 2426/2426 2427/2427 2335/2335
f 2171/2171 2427/2427 2426/2426
f 2168/2168 2171/2171 2426/2426
f 2428/2428 2429/2429 2238/2238
f 2237/2237 2428/2428 2238/2238
f 2405/2405 2428/2428 2237/2237
f 1884/1884 2405/2405 2237/2237
f 2352/2352 2355/2355 2429/2429
f 2428/2428 2352/2352 2429/2429
f 2325/2325 2352/2352 2428/2428
f 2405/2405 2325/2325 2428/2428
f 2430/2430 2425/2425 2346/2346
f 2359/2359 2430/2430 2346/2346
f 2419/2419 2430/2430 2359/2359
f 2332/2332 2419/2419 2359/2359
f 2240/2240 2176/2176 2425/2425
f 2430/2430 2240/2240 2425/2425
f 2109/2109 2240/2240 2430/2430
f 2419/2419 2109/2109 2430/2430
f 2431/2431 2432/2432 1650/1650
f 1648/1648 2431/2431 1650/1650
f 2433/2433 2431/2431 1648/1648
f 1647/1647 2433/2433 1648/1648
f 2434/2434 2435/2435 2432/2432
f 2431/2431 2434/2434 2432/2432
f 2436/2436 2434/2434 2431/2431
f 2433/2433 2436/2436 2431/2431
f 2438/2438 1658/1658 1657/1657
f 2437/2437 2438/2438 1657/1657
f 2440/2440 2438/2438 2437/2437
f 2439/2439 2440/2440 2437/2437
f 2441/2441 1661/1661 1658/1658
f 2438/2438 2441/2441 1658/1658
f 2442/2442 2441/2441 2438/2438
f 2440/2440 2442/2442 2438/2438
f 2444/2444 2445/2445 2446/2446
f 2443/2443 2444/2444 2446/2446
f 2448/2448 2444/2444 2443/2443
f 2447/2447 2448/2448 2443/2443
f 1691/1691 1686/1686 2445/2445
f 2444/2444 1691/1691 2445/2445
f 1694/1694 1691/1691 2444/2444
f 2448/2448 1694/1694 2444/2444
f 2450/2450 2441/2441 2442/2442
f 2449/2449 2450/2450 2442/2442
f 2445/2445 2450/2450 2449/2449
f 2446/2446 2445/2445 2449/2449
f 1683/1683 1661/1661 2441/2441
f 2450/2450 1683/1683 2441/2441
f 1686/1686 1683/1683 2450/2450
f 2445/2445 1686/1686 2450/2450
f 2452/2452 2453/2453 2454/2454
f 2451/2451 2452/2452 2454/2454
f 1678/1678 2452/2452 2451/2451
f 1669/1669 1678/1678 2451/2451
f 2455/2455 2456/2456 2453/2453
f 2452/2452 2455/2455 2453/2453
f 1677/1677 2455/2455 2452/2452
f 1678/1678 1677/1677 2452/2452
f 2457/2457 2458/2458 2436/2436
f 2433/2433 2457/2457 2436/2436
f 1670/1670 2457/2457 2433/2433
f 1647/1647 1670/1670 2433/2433
f 2451/2451 2454/2454 2458/2458
f 2457/2457 2451/2451 2458/2458
f 1669/1669 2451/2451 2457/2457
f 1670/1670 1669/1669 2457/2457
f 2460/2460 2461/2461 2462/2462
f 2459/2459 2460/2460 2462/2462
f 2180/2180 2460/2460 2459/2459
f 2182/2182 2180/2180 2459/2459
f 2432/2432 2435/2435 2461/2461
f 2460/2460 2432/2432 2461/2461
f 1650/1650 2432/2432 2460/2460
f 2180/2180 1650/1650 2460/2460
f 2464/2464 2459/2459 2462/2462
f 2463/2463 2464/2464 2462/2462
f 2437/2437 2464/2464 2463/2463
f 2439/2439 2437/2437 2463/2463
f 2256/2256 2182/2182 2459/2459
f 2464/2464 2256/2256 2459/2459
f 1657/1657 2256/2256 2464/2464
f 2437/2437 1657/1657 2464/2464
f 2466/2466 2467/2467 2468/2468
f 2465/2465 2466/2466 2468/2468
f 2290/2290 2466/2466 2465/2465
f 2288/2288 2290/2290 2465/2465
f 2469/2469 2470/2470 2467/2467
f 2466/2466 2469/2469 2467/2467
f 2266/2266 2469/2469 2466/2466
f 2290/2290 2266/2266 2466/2466
f 2471/2471 2286/2286 2288/2288
f 2465/2465 2471/2471 2288/2288
f 2472/2472 2471/2471 2465/2465
f 2468/2468 2472/2472 2465/2465
f 2473/2473 2262/2262 2286/2286
f 2471/2471 2473/2473 2286/2286
f 2474/2474 2473/2473 2471/2471
f 2472/2472 2474/2474 2471/2471
f 2476/2476 2477/2477 2478/2478
f 2475/2475 2476/2476 2478/2478
f 2283/2283 2476/2476 2475/2475
f 2282/2282 2283/2283 2475/2475
f 2479/2479 2480/2480 2477/2477
f 2476/2476 2479/2479 2477/2477
f 2261/2261 2479/2479 2476/2476
f 2283/2283 2261/2261 2476/2476
f 2482/2482 2483/2483 2484/2484
f 2481/2481 2482/2482 2484/2484
f 2279/2279 2482/2482 2481/2481
f 2280/2280 2279/2279 2481/2481
f 2475/2475 2478/2478 2483/2483
f 2482/2482 2475/2475 2483/2483
f 2282/2282 2475/2475 2482/2482
f 2279/2279 2282/2282 2482/2482
f 2486/2486 2487/2487 2488/2488
f 2485/2485 2486/2486 2488/2488
f 2272/2272 2486/2486 2485/2485
f 2274/2274 2272/2272 2485/2485
f 2489/2489 2490/2490 2487/2487
f 2486/2486 2489/2489 2487/2487
f 2271/2271 2489/2489 2486/2486
f 2272/2272 2271/2271 2486/2486
f 2491/2491 2260/2260 2262/2262
f 2473/2473 2491/2491 2262/2262
f 2492/2492 2491/2491 2473/2473
f 2474/2474 2492/2492 2473/2473
f 2479/2479 2261/2261 2260/2260
f 2491/2491 2479/2479 2260/2260
f 2480/2480 2479/2479 2491/2491
f 2492/2492 2480/2480 2491/2491
f 2494/2494 2495/2495 2496/2496
f 2493/2493 2494/2494 2496/2496
f 2276/2276 2494/2494 2493/2493
f 2268/2268 2276/2276 2493/2493
f 2485/2485 2488/2488 2495/2495
f 2494/2494 2485/2485 2495/2495
f 2274/2274 2485/2485 2494/2494
f 2276/2276 2274/2274 2494/2494
f 2497/2497 2265/2265 2268/2268
f 2493/2493 2497/2497 2268/2268
f 2498/2498 2497/2497 2493/2493
f 2496/2496 2498/2498 2493/2493
f 2469/2469 2266/2266 2265/2265
f 2497/2497 2469/2469 2265/2265
f 2470/2470 2469/2469 2497/2497
f 2498/2498 2470/2470 2497/2497
f 2499/2499 2500/2500 2468/2468
f 2467/2467 2499/2499 2468/2468
f 2501/2501 2499/2499 2467/2467
f 2470/2470 2501/2501 2467/2467
f 2502/2502 2503/2503 2500/2500
f 2499/2499 2502/2502 2500/2500
f 2504/2504 2502/2502 2499/2499
f 2501/2501 2504/2504 2499/2499
f 2505/2505 2506/2506 2474/2474
f 2472/2472 2505/2505 2474/2474
f 2500/2500 2505/2505 2472/2472
f 2468/2468 2500/2500 2472/2472
f 2507/2507 2508/2508 2506/2506
f 2505/2505 2507/2507 2506/2506
f 2503/2503 2507/2507 2505/2505
f 2500/2500 2503/2503 2505/2505
f 2509/2509 2510/2510 2478/2478
f 2477/2477 2509/2509 2478/2478
f 2511/2511 2509/2509 2477/2477
f 2480/2480 2511/2511 2477/2477
f 2512/2512 2513/2513 2510/2510
f 2509/2509 2512/2512 2510/2510
f 2514/2514 2512/2512 2509/2509
f 2511/2511 2514/2514 2509/2509
f 2515/2515 2516/2516 2484/2484
f 2483/2483 2515/2515 2484/2484
f 2510/2510 2515/2515 2483/2483
f 2478/2478 2510/2510 2483/2483
f 2517/2517 2518/2518 2516/2516
f 2515/2515 2517/2517 2516/2516
f 2513/2513 2517/2517 2515/2515
f 2510/2510 2513/2513 2515/2515
f 2519/2519 2520/2520 2488/2488
f 2487/2487 2519/2519 2488/2488
f 2521/2521 2519/2519 2487/2487
f 2490/2490 2521/2521 2487/2487
f 2522/2522 2523/2523 2520/2520
f 2519/2519 2522/2522 2520/2520
f 2524/2524 2522/2522 2519/2519
f 2521/2521 2524/2524 2519/2519
f 2525/2525 2511/2511 2480/2480
f 2492/2492 2525/2525 2480/2480
f 2506/2506 2525/2525 2492/2492
f 2474/2474 2506/2506 2492/2492
f 2526/2526 2514/2514 2511/2511
f 2525/2525 2526/2526 2511/2511
f 2508/2508 2526/2526 2525/2525
f 2506/2506 2508/2508 2525/2525
f 2527/2527 2528/2528 2496/2496
f 2495/2495 2527/2527 2496/2496
f 2520/2520 2527/2527 2495/2495
f 2488/2488 2520/2520 2495/2495
f 2529/2529 2530/2530 2528/2528
f 2527/2527 2529/2529 2528/2528
f 2523/2523 2529/2529 2527/2527
f 2520/2520 2523/2523 2527/2527
f 2531/2531 2501/2501 2470/2470
f 2498/2498 2531/2531 2470/2470
f 2528/2528 2531/2531 2498/2498
f 2496/2496 2528/2528 2498/2498
f 2532/2532 2504/2504 2501/2501
f 2531/2531 2532/2532 2501/2501
f 2530/2530 2532/2532 2531/2531
f 2528/2528 2530/2530 2531/2531
f 2534/2534 2535/2535 2536/2536
f 2533/2533 2534/2534 2536/2536
f 2538/2538 2534/2534 2533/2533
f 2537/2537 2538/2538 2533/2533
f 2453/2453 2456/2456 2535/2535
f 2534/2534 2453/2453 2535/2535
f 2454/2454 2453/2453 2534/2534
f 2538/2538 2454/2454 2534/2534
f 2540/2540 2541/2541 2542/2542
f 2539/2539 2540/2540 2542/2542
f 2544/2544 2540/2540 2539/2539
f 2543/2543 2544/2544 2539/2539
f 2443/2443 2446/2446 2541/2541
f 2540/2540 2443/2443 2541/2541
f 2447/2447 2443/2443 2540/2540
f 2544/2544 2447/2447 2540/2540
f 2546/2546 2547/2547 2548/2548
f 2545/2545 2546/2546 2548/2548
f 2463/2463 2546/2546 2545/2545
f 2439/2439 2463/2463 2545/2545
f 2549/2549 2550/2550 2547/2547
f 2546/2546 2549/2549 2547/2547
f 2462/2462 2549/2549 2546/2546
f 2463/2463 2462/2462 2546/2546
f 2551/2551 2552/2552 2550/2550
f 2549/2549 2551/2551 2550/2550
f 2461/2461 2551/2551 2549/2549
f 2462/2462 2461/2461 2549/2549
f 2553/2553 2554/2554 2552/2552
f 2551/2551 2553/2553 2552/2552
f 2435/2435 2553/2553 2551/2551
f 2461/2461 2435/2435 2551/2551
f 2556/2556 2538/2538 2537/2537
f 2555/2555 2556/2556 2537/2537
f 2558/2558 2556/2556 2555/2555
f 2557/2557 2558/2558 2555/2555
f 2458/2458 2454/2454 2538/2538
f 2556/2556 2458/2458 2538/2538
f 2436/2436 2458/2458 2556/2556
f 2558/2558 2436/2436 2556/2556
f 2559/2559 2560/2560 2554/2554
f 2553/2553 2559/2559 2554/2554
f 2434/2434 2559/2559 2553/2553
f 2435/2435 2434/2434 2553/2553
f 2558/2558 2557/2557 2560/2560
f 2559/2559 2558/2558 2560/2560
f 2436/2436 2558/2558 2559/2559
f 2434/2434 2436/2436 2559/2559
f 2561/2561 2562/2562 2542/2542
f 2541/2541 2561/2561 2542/2542
f 2449/2449 2561/2561 2541/2541
f 2446/2446 2449/2449 2541/2541
f 2563/2563 2564/2564 2562/2562
f 2561/2561 2563/2563 2562/2562
f 2442/2442 2563/2563 2561/2561
f 2449/2449 2442/2442 2561/2561
f 2565/2565 2566/2566 2564/2564
f 2563/2563 2565/2565 2564/2564
f 2440/2440 2565/2565 2563/2563
f 2442/2442 2440/2440 2563/2563
f 2545/2545 2548/2548 2566/2566
f 2565/2565 2545/2545 2566/2566
f 2439/2439 2545/2545 2565/2565
f 2440/2440 2439/2439 2565/2565
f 2568/2568 2569/2569 2570/2570
f 2567/2567 2568/2568 2570/2570
f 2572/2572 2568/2568 2567/2567
f 2571/2571 2572/2572 2567/2567
f 2533/2533 2536/2536 2569/2569
f 2568/2568 2533/2533 2569/2569
f 2537/2537 2533/2533 2568/2568
f 2572/2572 2537/2537 2568/2568
f 2574/2574 2517/2517 2513/2513
f 2573/2573 2574/2574 2513/2513
f 2567/2567 2574/2574 2573/2573
f 2571/2571 2567/2567 2573/2573
f 2575/2575 2518/2518 2517/2517
f 2574/2574 2575/2575 2517/2517
f 2570/2570 2575/2575 2574/2574
f 2567/2567 2570/2570 2574/2574
f 2577/2577 2578/2578 2579/2579
f 2576/2576 2577/2577 2579/2579
f 2581/2581 2577/2577 2576/2576
f 2580/2580 2581/2581 2576/2576
f 2539/2539 2542/2542 2578/2578
f 2577/2577 2539/2539 2578/2578
f 2543/2543 2539/2539 2577/2577
f 2581/2581 2543/2543 2577/2577
f 2583/2583 2522/2522 2524/2524
f 2582/2582 2583/2583 2524/2524
f 2576/2576 2583/2583 2582/2582
f 2580/2580 2576/2576 2582/2582
f 2584/2584 2523/2523 2522/2522
f 2583/2583 2584/2584 2522/2522
f 2579/2579 2584/2584 2583/2583
f 2585/2585 2579/2579 2583/2583
f 2587/2587 2588/2588 2589/2589
f 2586/2586 2587/2587 2589/2589
f 2591/2591 2587/2587 2586/2586
f 2590/2590 2591/2591 2586/2586
f 2547/2547 2550/2550 2588/2588
f 2587/2587 2547/2547 2588/2588
f 2548/2548 2547/2547 2587/2587
f 2591/2591 2548/2548 2587/2587
f 2592/2592 2593/2593 2503/2503
f 2502/2502 2592/2592 2503/2503
f 2594/2594 2592/2592 2502/2502
f 2504/2504 2594/2594 2502/2502
f 2586/2586 2589/2589 2593/2593
f 2592/2592 2586/2586 2593/2593
f 2590/2590 2586/2586 2592/2592
f 2594/2594 2590/2590 2592/2592
f 2596/2596 2597/2597 2598/2598
f 2595/2595 2596/2596 2598/2598
f 2555/2555 2596/2596 2595/2595
f 2557/2557 2555/2555 2595/2595
f 2572/2572 2571/2571 2597/2597
f 2596/2596 2572/2572 2597/2597
f 2537/2537 2572/2572 2596/2596
f 2555/2555 2537/2537 2596/2596
f 2600/2600 2512/2512 2514/2514
f 2599/2599 2600/2600 2514/2514
f 2597/2597 2600/2600 2599/2599
f 2598/2598 2597/2597 2599/2599
f 2573/2573 2513/2513 2512/2512
f 2600/2600 2573/2573 2512/2512
f 2571/2571 2573/2573 2600/2600
f 2597/2597 2571/2571 2600/2600
f 2602/2602 2603/2603 2604/2604
f 2601/2601 2602/2602 2604/2604
f 2560/2560 2602/2602 2601/2601
f 2554/2554 2560/2560 2601/2601
f 2595/2595 2598/2598 2603/2603
f 2602/2602 2595/2595 2603/2603
f 2557/2557 2595/2595 2602/2602
f 2560/2560 2557/2557 2602/2602
f 2605/2605 2599/2599 2514/2514
f 2526/2526 2605/2605 2514/2514
f 2606/2606 2605/2605 2526/2526
f 2508/2508 2606/2606 2526/2526
f 2603/2603 2598/2598 2599/2599
f 2605/2605 2603/2603 2599/2599
f 2604/2604 2603/2603 2605/2605
f 2606/2606 2604/2604 2605/2605
f 2608/2608 2609/2609 2610/2610
f 2607/2607 2608/2608 2610/2610
f 2578/2578 2608/2608 2607/2607
f 2579/2579 2578/2578 2607/2607
f 2562/2562 2564/2564 2609/2609
f 2608/2608 2562/2562 2609/2609
f 2542/2542 2562/2562 2608/2608
f 2578/2578 2542/2542 2608/2608
f 2611/2611 2529/2529 2523/2523
f 2584/2584 2611/2611 2523/2523
f 2607/2607 2611/2611 2584/2584
f 2579/2579 2607/2607 2584/2584
f 2612/2612 2530/2530 2529/2529
f 2611/2611 2612/2612 2529/2529
f 2610/2610 2612/2612 2611/2611
f 2607/2607 2610/2610 2611/2611
f 2614/2614 2591/2591 2590/2590
f 2613/2613 2614/2614 2590/2590
f 2609/2609 2614/2614 2613/2613
f 2610/2610 2609/2609 2613/2613
f 2566/2566 2548/2548 2591/2591
f 2614/2614 2566/2566 2591/2591
f 2564/2564 2566/2566 2614/2614
f 2609/2609 2564/2564 2614/2614
f 2615/2615 2594/2594 2504/2504
f 2532/2532 2615/2615 2504/2504
f 2612/2612 2615/2615 2532/2532
f 2530/2530 2612/2612 2532/2532
f 2613/2613 2590/2590 2594/2594
f 2615/2615 2613/2613 2594/2594
f 2610/2610 2613/2613 2615/2615
f 2612/2612 2610/2610 2615/2615
f 2616/2616 2617/2617 2589/2589
f 2588/2588 2616/2616 2589/2589
f 2552/2552 2616/2616 2588/2588
f 2550/2550 2552/2552 2588/2588
f 2601/2601 2604/2604 2617/2617
f 2616/2616 2601/2601 2617/2617
f 2554/2554 2601/2601 2616/2616
f 2552/2552 2554/2554 2616/2616
f 2618/2618 2606/2606 2508/2508
f 2507/2507 2618/2618 2508/2508
f 2593/2593 2618/2618 2507/2507
f 2503/2503 2593/2593 2507/2507
f 2617/2617 2604/2604 2606/2606
f 2618/2618 2617/2617 2606/2606
f 2589/2589 2617/2617 2618/2618
f 2593/2593 2589/2589 2618/2618

g Object_default-grey.jpg

usemtl mat_1-default-grey.jpg

# num_faces: 4736
