# Wavefront .obj file  -  created by SpaceDraw

# File created: 20-06-09, 11:21

mtllib Sword_GameAssset.mtl

#
# object Blade
#

v -0.999999 9.143449 0.688893
v -0.796954 6.273727 0.688892
v 0.796954 6.273727 0.782998
v 0.796954 3.404005 0.782998
v 4.0E-6 0.48934 1.004488
v 0.999999 0.48934 0.636849
v 0.0 6.273727 0.608436
v 0.999999 9.143449 0.782998
v -0.999995 0.48934 0.636849
v -0.796954 3.404005 0.782998
v 0.796954 3.404005 0.688892
v 0.796954 6.273727 0.688892
v -0.999995 0.48934 0.835041
v 2.0E-6 12.291042 0.608436
v 2.0E-6 12.291042 0.863455
v 0.0 6.273727 0.863455
v -0.796954 6.273727 0.782998
v -0.999999 9.143449 0.782998
v 0.999999 0.48934 0.835041
v 0.999999 9.143449 0.688893
v 0.0 3.404005 0.863455
v -0.796954 3.404005 0.688892
v 0.0 3.404005 0.608435
v 4.0E-6 0.48934 0.467402
v 0.846526 3.335293 0.735945
v 1.062201 0.489154 0.735945
v 0.846526 6.316262 0.735945
v -1.062201 9.297228 0.735945
v -0.846526 6.316262 0.735945
v -1.062197 0.489154 0.735945
v -0.846526 3.335293 0.735945
v 1.062201 9.297228 0.735945
v 4.0E-6 0.365523 1.004488
v 0.999999 0.365523 0.835041
v -0.999995 0.365523 0.835041
v 1.062201 0.365336 0.735945
v 0.999999 0.365523 0.636849
v 4.0E-6 0.365523 0.467402
v -1.062197 0.365336 0.735945
v -0.999995 0.365523 0.636849
v 0.959086 0.48934 0.835041
v 0.959086 0.365523 0.835041
v 0.764347 3.404005 0.782998
v 0.959086 0.48934 0.636849
v 0.959086 0.365523 0.636849
v 0.959085 9.281581 0.782998
v 0.764347 6.273727 0.782998
v 0.959085 9.281581 0.688893
v 0.764347 6.273727 0.688892
v 0.764347 3.404005 0.688892
v 1.018742 9.440714 0.735945
v -0.96316 0.48934 0.835041
v -0.96316 0.365523 0.835041
v -0.767599 3.404005 0.782998
v -0.767599 6.273727 0.782998
v -0.963165 9.267808 0.782998
v -0.963165 9.267808 0.688893
v -1.023075 9.426408 0.735945
v -0.767599 3.404005 0.688892
v -0.96316 0.48934 0.636849
v -0.96316 0.365523 0.636849
v -0.767599 6.273727 0.688892
v 0.043286 3.404005 0.839483
v 0.043347 0.48934 0.95747
v -0.043288 3.404005 0.839517
v -0.04334 0.48934 0.957528
v 0.043347 0.365523 0.95747
v -0.04334 0.365523 0.957528
v 0.035849 12.250015 0.842255
v 0.043286 6.273727 0.839483
v -0.035852 12.249999 0.842277
v -0.043288 6.273727 0.839517
v 0.043286 6.273727 0.632408
v 0.035849 12.250015 0.629636
v -0.043288 6.273727 0.632374
v -0.035852 12.249999 0.629614
v -0.043288 3.404005 0.632373
v 0.043286 3.404005 0.632408
v 0.029513 12.587215 0.735946
v -0.029514 12.587215 0.735946
v -0.04334 0.365523 0.514362
v -0.04334 0.48934 0.514362
v 0.043347 0.365523 0.51442
v 0.043347 0.48934 0.51442
v 0.804733 3.393223 0.775614
v 1.017486 0.489288 0.807183
v 0.804733 3.393223 0.696276
v 1.017486 0.489288 0.664707
v -1.020907 9.195137 0.767183
v -0.99188 9.343825 0.760446
v -1.020907 9.195137 0.704708
v -0.99188 9.343825 0.711445
v 1.020906 9.195137 0.767183
v 0.805217 6.280818 0.775155
v 1.020906 9.195137 0.704708
v 0.805217 6.280818 0.696736
v -0.805218 6.280818 0.775155
v -0.805218 6.280818 0.696736
v 1.0E-6 12.584642 0.682324
v 0.032363 12.435533 0.688125
v 1.0E-6 12.584642 0.789567
v 0.032363 12.435533 0.783767
v 0.987659 9.3578 0.760462
v 0.987659 9.3578 0.711429
v -1.017481 0.489288 0.664707
v -0.804734 3.393223 0.696276
v -1.017481 0.489288 0.807183
v -0.804734 3.393223 0.775614
v 1.017604 0.36547 0.806994
v 1.017604 0.36547 0.664896
v -0.032365 12.435547 0.78377
v -0.032365 12.435547 0.688121
v -1.0175999 0.36547 0.806994
v -1.0175999 0.36547 0.664896
v 0.839997 6.310661 0.729748
v 1.055675 9.281093 0.731008
v 0.839997 6.310661 0.742142
v 1.055675 9.281093 0.740882
v 0.839921 3.344449 0.742215
v 0.839921 3.344449 0.729676
v 1.055153 0.365358 0.724716
v 1.0551339 0.489175 0.724686
v 1.055153 0.365358 0.747174
v 1.0551339 0.489175 0.747204
v 1.013829 9.427609 0.73982
v 0.029964 12.563242 0.743504
v 1.013829 9.427609 0.732071
v 0.029964 12.563242 0.728388
v -0.029964 12.563244 0.728387
v -1.018145 9.413356 0.732073
v -0.029964 12.563244 0.743504
v -1.018145 9.413356 0.739818
v -0.839998 6.310661 0.729748
v -0.839921 3.344449 0.729676
v -0.839998 6.310661 0.742142
v -0.839921 3.344449 0.742215
v -1.055675 9.281093 0.740882
v -1.055675 9.281093 0.731008
v -1.05513 0.489175 0.724686
v -1.055148 0.365358 0.724716
v -1.05513 0.489175 0.747204
v -1.055148 0.365358 0.747174
v 0.041334 4.8388658 0.839483
v -1.2E-5 4.8388658 0.863455
v 0.730087 4.8388658 0.782998
v 0.730087 4.8388658 0.688892
v 0.761232 4.8388658 0.688892
v 0.768895 4.83702 0.775384
v 0.802311 4.827555 0.742178
v -0.761258 4.8388658 0.688892
v -0.76892 4.83702 0.696506
v -0.76892 4.83702 0.775384
v -0.761258 4.8388658 0.782998
v 0.041334 4.8388658 0.632408
v -1.2E-5 4.8388658 0.608436
v -0.733218 4.8388658 0.782998
v -0.802337 4.827555 0.729712
v -0.041361 4.8388658 0.839517
v 0.761232 4.8388658 0.782998
v 0.808584 4.825778 0.735945
v 0.802311 4.827555 0.729712
v 0.768895 4.83702 0.696506
v -0.808609 4.825778 0.735945
v -0.802337 4.827555 0.742178
v -0.041361 4.8388658 0.632374
v -0.733218 4.8388658 0.688892
v 0.0 12.791641 0.735946
v -2.221634 1.280212 0.65997
v 2.221587 1.280212 0.65997
v -2.221634 1.280212 0.811916
v 2.221587 1.280212 0.811916
v -6.0E-6 1.110253 0.250194
v -6.0E-6 1.110253 1.221693
v -2.221634 1.061006 0.65997
v 2.221587 1.061006 0.65997
v -2.221634 1.061006 0.811916
v 2.221587 1.061006 0.811916
v -6.0E-6 0.561007 0.250194
v -6.0E-6 0.561007 1.221693
v -2.221634 0.8418 0.659971
v 2.221587 0.8418 0.65997
v -2.221634 0.8418 0.811916
v 2.221587 0.8418 0.811916
v -6.0E-6 0.011763 0.250194
v -6.0E-6 0.011763 1.221693
v 1.133019 0.561005 0.585945
v 1.133019 0.561005 0.885945
v 1.133019 0.261005 0.885945
v 1.133019 0.261005 0.585945
v 1.133019 0.861005 0.585945
v 1.133019 0.861005 0.885945
v -1.133019 0.261005 0.585945
v -1.133019 0.261005 0.885945
v -1.133019 0.561005 0.885945
v -1.133019 0.561005 0.585945
v -1.133019 0.861005 0.885945
v -1.133019 0.861005 0.585945
v 1.792776 0.760896 0.622047
v 1.792776 0.760896 0.849841
v 1.792776 0.521838 0.849841
v 1.792776 0.521838 0.622047
v 1.792776 0.999954 0.622047
v 1.792776 0.999954 0.849841
v -1.792801 0.521838 0.622047
v -1.792801 0.521838 0.849841
v -1.792801 0.760896 0.849841
v -1.792801 0.760896 0.622047
v -1.792801 0.999954 0.849841
v -1.792801 0.999954 0.622047
v -2.221634 0.8418 0.795254
v -1.792801 0.521838 0.824861
v -1.133019 0.261005 0.853047
v 1.792776 0.521838 0.82486
v 2.221587 0.8418 0.795253
v 2.221587 1.061006 0.795253
v -1.792801 0.999954 0.82486
v -2.221634 1.280212 0.795254
v -9.0E-6 0.011766 1.19149
v -2.221634 1.061006 0.795254
v 1.133019 0.261005 0.853047
v 1.792776 0.999954 0.82486
v 1.133019 0.861005 0.853047
v -9.0E-6 1.110252 1.19149
v -1.133019 0.861005 0.853047
v 2.221587 1.280212 0.795253
v -1.133019 0.261005 0.614529
v -1.792801 0.521838 0.643751
v -9.0E-6 0.011766 0.266424
v 1.133019 0.261005 0.614529
v 1.792776 0.521838 0.643751
v -2.221634 1.061006 0.674448
v -2.221634 0.8418 0.674448
v -9.0E-6 1.110253 0.266424
v 1.133019 0.861005 0.614529
v 2.221587 1.280212 0.674447
v 2.221587 1.061006 0.674447
v 2.221587 0.8418 0.674447
v -1.133019 0.861005 0.614529
v -1.792801 0.999954 0.643751
v -2.221634 1.280212 0.674448
v 1.792776 0.999954 0.643751
v -2.221634 0.860232 0.795254
v -2.221634 0.860232 0.674448
v -2.221634 0.860232 0.811916
v 1.133019 0.286231 0.885945
v -6.0E-6 0.057947 1.221693
v -1.133019 0.286231 0.885945
v -1.133019 0.286231 0.585945
v -1.792801 0.541939 0.622047
v 1.133019 0.286231 0.585945
v -6.0E-6 0.057947 0.250194
v -1.792801 0.541939 0.849841
v -2.221634 0.860232 0.659971
v 2.221587 0.860232 0.795253
v 2.221587 0.860232 0.674447
v 1.792776 0.541939 0.849841
v 2.221587 0.860232 0.811916
v 1.792776 0.541939 0.622047
v 2.221587 0.860232 0.65997
v -2.209957 0.831431 0.673612
v -2.209957 0.831432 0.79606
v -2.209957 0.831432 0.812949
v -2.209957 1.274243 0.79606
v -2.209957 1.274243 0.673612
v -2.209957 0.850049 0.812949
v -2.209957 1.052838 0.812949
v -2.209957 0.850048 0.658938
v -2.209957 0.831431 0.658938
v -2.209957 1.274243 0.658938
v -2.209957 1.274243 0.812949
v -2.209957 1.052837 0.658938
v 2.209428 0.831003 0.796093
v 2.209428 0.831003 0.673577
v 2.209428 0.831003 0.812991
v 2.209428 0.849628 0.812991
v 2.209428 0.849628 0.658895
v 2.209428 0.831003 0.658895
v 2.209428 1.273997 0.796093
v 2.209428 1.273997 0.673577
v 2.209428 1.0525 0.812991
v 2.209428 1.273997 0.812991
v 2.209428 1.273997 0.658895
v 2.209428 1.0525 0.658895
v 2.221587 1.258598 0.674447
v 2.221587 1.258598 0.795253
v 2.209428 1.252157 0.812991
v 2.221587 1.258598 0.811916
v 1.792776 0.976382 0.849841
v -2.221634 1.258598 0.795254
v -2.221634 1.258598 0.674448
v 1.792776 0.976382 0.622047
v 2.209428 1.252157 0.658895
v -1.133019 0.831424 0.885945
v -1.792801 0.976382 0.849841
v -6.0E-6 1.056096 1.221693
v -1.792801 0.976382 0.622047
v -2.209957 1.252412 0.658938
v -2.221634 1.258598 0.65997
v 1.133019 0.831424 0.885945
v 2.221587 1.258598 0.65997
v -1.133019 0.831424 0.585945
v -2.209957 1.252412 0.812949
v -2.221634 1.258598 0.811916
v 1.133019 0.831424 0.585945
v -6.0E-6 1.056096 0.250194
v -1.158079 0.261006 0.733788
v -9.0E-6 0.011767 0.728957
v 1.158079 0.261006 0.733788
v 2.270723 0.860232 0.73485
v 2.270723 1.061006 0.73485
v -2.270772 0.860232 0.734851
v -2.270772 1.061006 0.73485
v -2.258836 0.831432 0.734836
v -1.832453 0.521838 0.734306
v 2.258296 0.831003 0.73483497
v 2.270723 0.8418 0.73485
v 1.832428 0.521838 0.734305
v 2.270723 1.258597 0.73485
v -2.270772 0.8418 0.734851
v 1.158079 0.861005 0.733787
v -9.0E-6 1.110252 0.728957
v -1.158079 0.861005 0.733787
v -2.270772 1.258597 0.73485
v 1.832428 0.999953 0.734305
v -2.270772 1.280212 0.734851
v -1.832453 0.999953 0.734305
v -2.258836 1.274243 0.734836
v 2.258296 1.273996 0.73483497
v 2.270723 1.280212 0.73485
v -9.0E-6 -0.40975899 0.512561
v 0.111818 -0.40975899 0.542525
v 0.193683 -0.40975899 0.624389
v 0.223647 -0.40975899 0.736218
v 0.193683 -0.40975899 0.848046
v 0.111818 -0.40975899 0.92991
v -9.0E-6 -0.40975899 0.959874
v -0.111837 -0.40975899 0.92991
v -0.193701 -0.40975899 0.848046
v -0.223665 -0.40975899 0.736218
v -0.193701 -0.40975899 0.624389
v -0.111837 -0.40975899 0.542525
v -9.0E-6 -0.979983 0.512561
v 0.111818 -0.979983 0.542525
v 0.193683 -0.979983 0.624389
v 0.223647 -0.979983 0.736218
v 0.193683 -0.979983 0.848046
v 0.111818 -0.979983 0.92991
v -9.0E-6 -0.979983 0.959874
v -0.111837 -0.979983 0.92991
v -0.193701 -0.979983 0.848046
v -0.223665 -0.979983 0.736218
v -0.193701 -0.979983 0.624389
v -0.111837 -0.979983 0.542525
v -9.0E-6 -1.550208 0.512561
v 0.111818 -1.550208 0.542525
v 0.193683 -1.550208 0.624389
v 0.223647 -1.550208 0.736218
v 0.193683 -1.550208 0.848046
v 0.111818 -1.550208 0.92991
v -9.0E-6 -1.550208 0.959874
v -0.111837 -1.550208 0.92991
v -0.193701 -1.550208 0.848046
v -0.223665 -1.550208 0.736218
v -0.193701 -1.550208 0.624389
v -0.111837 -1.550208 0.542525
v -9.0E-6 -2.120433 0.512561
v 0.111818 -2.120433 0.542525
v 0.193683 -2.120433 0.624389
v 0.223647 -2.120433 0.736217
v 0.193683 -2.120433 0.848046
v 0.111818 -2.120433 0.92991
v -9.0E-6 -2.120433 0.959874
v -0.111837 -2.120433 0.92991
v -0.193701 -2.120433 0.848046
v -0.223665 -2.120433 0.736218
v -0.193701 -2.120433 0.624389
v -0.111837 -2.120433 0.542525
v -9.0E-6 -2.690658 0.455383
v 0.140407 -2.690658 0.493008
v 0.2432 -2.690658 0.5958
v 0.280824 -2.690658 0.736217
v 0.2432 -2.690658 0.876635
v 0.140407 -2.690658 0.979427
v -9.0E-6 -2.690658 1.017052
v -0.140426 -2.690658 0.979427
v -0.243218 -2.690658 0.876635
v -0.280843 -2.690658 0.736218
v -0.243219 -2.690658 0.5958
v -0.140426 -2.690658 0.493008
v -9.0E-6 -2.690658 0.736218
v -9.0E-6 -2.640283 0.455383
v 0.140407 -2.640283 0.493008
v 0.2432 -2.640283 0.5958
v 0.187106 0.11009 0.412124
v -9.0E-6 0.11009 0.361987
v 0.324084 0.11009 0.549102
v -0.32410198 0.11009 0.923333
v -0.187124 0.11009 1.060311
v 0.374221 0.11009 0.736218
v 0.324084 0.11009 0.923333
v -0.37424 0.11009 0.736218
v -0.324103 0.11009 0.549102
v -9.0E-6 0.11009 1.110449
v 0.187106 0.11009 1.060311
v -0.187125 0.11009 0.412124
v 0.280824 -2.640283 0.736217
v 0.2432 -2.640283 0.876635
v -0.140426 -2.640283 0.493008
v -9.0E-6 -2.640283 1.017052
v 0.140407 -2.640283 0.979427
v -0.243218 -2.640283 0.876635
v -0.280843 -2.640283 0.736218
v -0.140426 -2.640283 0.979427
v -0.243219 -2.640283 0.5958
v -9.0E-6 -2.690658 0.512455
v 0.111871 -2.690658 0.542434
v -9.0E-6 -2.690658 0.95998
v 0.111871 -2.690658 0.930001
v -0.11189 -2.690658 0.930001
v -0.193793 -2.690658 0.848099
v -0.11189 -2.690658 0.542434
v -0.193793 -2.690658 0.624336
v 0.193774 -2.690658 0.848099
v 0.223753 -2.690658 0.736217
v 0.193774 -2.690658 0.624336
v -0.223771 -2.690658 0.736218
v 0.2432 -1.925509 0.5958
v 0.140407 -1.925509 0.493008
v 0.2432 -2.315357 0.5958
v 0.140407 -2.315357 0.493008
v 0.2432 -1.174907 0.5958
v 0.140407 -1.174907 0.493008
v 0.2432 -0.78506 0.5958
v 0.140407 -0.78506 0.493008
v 0.187106 -0.214835 0.412124
v 0.324084 -0.214835 0.549102
v 0.140407 -0.604683 0.493008
v 0.2432 -0.604683 0.5958
v 0.2432 -1.355284 0.5958
v 0.140407 -1.355284 0.493008
v 0.2432 -1.745132 0.5958
v 0.140407 -1.745132 0.493008
v 0.280824 -2.315357 0.736217
v 0.280824 -1.925509 0.736218
v -0.140426 -2.315357 0.493008
v -0.243219 -2.315357 0.5958
v -0.140426 -1.925509 0.493008
v -0.243219 -1.925509 0.5958
v -0.140426 -0.604683 0.979427
v -0.243218 -0.604683 0.876635
v -0.187124 -0.214835 1.060311
v -0.32410198 -0.214835 0.923333
v 0.2432 -0.785059 0.876635
v 0.280824 -0.785059 0.736218
v 0.2432 -1.174907 0.876635
v 0.280824 -1.174907 0.736218
v -0.140426 -1.745132 0.979427
v -9.0E-6 -1.745132 1.017052
v -0.140426 -1.355284 0.979427
v -9.0E-6 -1.355284 1.017052
v -9.0E-6 -1.745132 0.455383
v -0.140426 -1.745132 0.493008
v -9.0E-6 -1.355284 0.455383
v -0.140426 -1.355284 0.493008
v -9.0E-6 -2.315357 0.455383
v -9.0E-6 -1.925509 0.455383
v -0.280843 -1.925509 0.736218
v -0.280843 -2.315357 0.736218
v -0.280843 -0.604683 0.736218
v -0.37424 -0.214835 0.736218
v 0.280824 -1.355284 0.736218
v 0.280824 -1.745132 0.736218
v -0.243219 -0.604683 0.595801
v -0.140426 -0.604683 0.493008
v -0.324103 -0.214835 0.549102
v -0.187125 -0.214835 0.412124
v 0.280824 -0.604683 0.736218
v 0.2432 -0.604683 0.876635
v 0.374221 -0.214835 0.736218
v 0.324084 -0.214835 0.923333
v 0.140407 -1.745132 0.979427
v 0.140407 -1.355284 0.979427
v -0.140426 -0.78506 0.493008
v -0.243219 -0.78506 0.595801
v -0.140426 -1.174907 0.493008
v -0.243219 -1.174907 0.595801
v -9.0E-6 -0.214835 0.361986
v -9.0E-6 -0.604683 0.455383
v -0.243219 -1.355284 0.595801
v -0.280843 -1.355284 0.736218
v -0.243219 -1.745132 0.5958
v -0.280843 -1.745132 0.736218
v -0.243218 -1.355284 0.876635
v -0.243218 -1.745132 0.876635
v -9.0E-6 -0.604683 1.017052
v -9.0E-6 -0.214835 1.110449
v 0.2432 -1.925509 0.876635
v 0.2432 -2.315357 0.876635
v -0.140426 -0.785059 0.979427
v -9.0E-6 -0.785059 1.017052
v -0.140426 -1.174907 0.979427
v -9.0E-6 -1.174907 1.017052
v -0.280843 -1.174907 0.736218
v -0.243218 -1.174907 0.876635
v -0.280843 -0.785059 0.736218
v -0.243218 -0.785059 0.876635
v -9.0E-6 -1.925509 1.017052
v 0.140407 -1.925509 0.979427
v -9.0E-6 -2.315357 1.017052
v 0.140407 -2.315357 0.979427
v 0.140407 -0.785059 0.979427
v 0.140407 -1.174907 0.979427
v -0.243218 -2.315357 0.876635
v -0.140426 -2.315357 0.979427
v -0.243218 -1.925509 0.876635
v -0.140426 -1.925509 0.979427
v -9.0E-6 -1.174907 0.455383
v -9.0E-6 -0.78506 0.455383
v 0.2432 -1.745132 0.876635
v 0.2432 -1.355284 0.876635
v 0.140407 -0.604683 0.979427
v 0.187106 -0.214835 1.060311
v 0.197245 -0.395735 0.622332
v 0.113875 -0.395735 0.538963
v 0.197245 -0.423782 0.622332
v 0.113875 -0.423782 0.538963
v -0.113894 -2.134457 0.933472
v -9.0E-6 -2.134457 0.963988
v -0.113894 -2.10641 0.933472
v -9.0E-6 -2.10641 0.963988
v 0.113875 -1.564232 0.933472
v -9.0E-6 -1.564232 0.963988
v 0.113875 -1.536184 0.933472
v -9.0E-6 -1.536184 0.963988
v -0.113894 -0.994007 0.933473
v -0.197264 -0.994007 0.850103
v -0.113894 -0.96596 0.933473
v -0.197264 -0.96596 0.850103
v -0.113894 -0.395735 0.933473
v -0.197264 -0.395735 0.850103
v -0.113894 -0.423782 0.933473
v -0.197264 -0.423782 0.850103
v 0.197245 -1.564232 0.850103
v 0.197245 -1.536184 0.850103
v 0.197245 -0.994007 0.850103
v 0.22776 -0.994007 0.736218
v 0.197245 -0.96596 0.850103
v 0.22776 -0.96596 0.736218
v 0.197245 -2.10641 0.850102
v 0.22776 -2.10641 0.736217
v 0.197245 -2.134457 0.850102
v 0.22776 -2.134457 0.736217
v -0.197264 -1.536184 0.850103
v -0.113894 -1.536184 0.933472
v -0.197264 -1.564232 0.850103
v -0.113894 -1.564232 0.933472
v 0.197245 -2.134457 0.622332
v 0.113875 -2.134457 0.538963
v 0.197245 -2.10641 0.622332
v 0.113875 -2.10641 0.538962
v -0.113894 -1.564232 0.538963
v -9.0E-6 -1.564232 0.508447
v -0.113894 -1.536184 0.538963
v -9.0E-6 -1.536184 0.508447
v 0.197245 -0.994007 0.622332
v 0.197245 -0.96596 0.622332
v -0.227779 -0.423782 0.736218
v -0.197264 -0.423782 0.622333
v -0.227779 -0.395735 0.736218
v -0.197264 -0.395735 0.622333
v -0.197264 -2.10641 0.622332
v -0.113894 -2.10641 0.538963
v -0.197264 -2.134457 0.622332
v -0.113894 -2.134457 0.538963
v 0.197245 -0.423782 0.850103
v 0.113875 -0.423782 0.933473
v 0.197245 -0.395735 0.850103
v 0.113875 -0.395735 0.933473
v -0.227779 -0.96596 0.736218
v -0.227779 -0.994007 0.736218
v 0.22776 -1.536184 0.736218
v 0.197245 -1.536184 0.622332
v 0.22776 -1.564232 0.736218
v 0.197245 -1.564232 0.622332
v 0.113875 -2.134457 0.933472
v 0.113875 -2.10641 0.933472
v -0.227779 -2.134457 0.736218
v -0.197264 -2.134457 0.850102
v -0.227779 -2.10641 0.736218
v -0.197264 -2.10641 0.850103
v -9.0E-6 -0.395735 0.963988
v -9.0E-6 -0.423782 0.963988
v 0.22776 -0.395735 0.736218
v 0.22776 -0.423782 0.736218
v -0.113894 -0.395735 0.538963
v -0.113894 -0.423782 0.538963
v -0.197264 -1.564232 0.622333
v -0.227779 -1.564232 0.736218
v -0.197264 -1.536184 0.622333
v -0.227779 -1.536184 0.736218
v 0.113875 -0.994007 0.933472
v 0.113875 -0.96596 0.933472
v -0.197264 -0.994007 0.622333
v -0.197264 -0.96596 0.622333
v -9.0E-6 -2.10641 0.508447
v -9.0E-6 -2.134457 0.508447
v -9.0E-6 -0.423782 0.508447
v -9.0E-6 -0.395735 0.508447
v -9.0E-6 -0.994007 0.508447
v -0.113894 -0.994007 0.538963
v -9.0E-6 -0.96596 0.508447
v -0.113894 -0.96596 0.538963
v 0.113875 -1.536184 0.538963
v 0.113875 -1.564232 0.538963
v 0.113875 -0.994007 0.538963
v 0.113875 -0.96596 0.538963
v -9.0E-6 -0.96596 0.963988
v -9.0E-6 -0.994007 0.963988
v 0.140407 -2.47782 0.493008
v -9.0E-6 -2.47782 0.455383
v 0.2432 -2.47782 0.5958
v -0.243219 -2.47782 0.5958
v -0.280843 -2.47782 0.736218
v 0.2432 -2.47782 0.876635
v 0.140407 -2.47782 0.979427
v -0.243218 -2.47782 0.876635
v -0.140426 -2.47782 0.493008
v 0.280824 -2.47782 0.736217
v -9.0E-6 -2.47782 1.017052
v -0.140426 -2.47782 0.979427
v -9.0E-6 -0.214835 1.017052
v 0.140407 -0.214835 0.979427
v 0.2432 -0.214835 0.876635
v -0.140426 -0.214835 0.979427
v 0.140407 -0.214835 0.493008
v -9.0E-6 -0.214835 0.455383
v 0.280824 -0.214835 0.736218
v -0.243219 -0.214835 0.595801
v -0.280843 -0.214835 0.736218
v 0.2432 -0.214835 0.5958
v -0.243218 -0.214835 0.876635
v -0.140426 -0.214835 0.493008
v -9.0E-6 -0.214835 1.02982
v 0.146792 -0.214835 0.990485
v 0.254258 -0.214835 0.883019
v -0.14681 -0.214835 0.990485
v 0.146792 -0.214835 0.48194999
v -9.0E-6 -0.214835 0.442615
v 0.293593 -0.214835 0.736218
v -0.254276 -0.214835 0.589416
v -0.293612 -0.214835 0.736218
v 0.254258 -0.214835 0.589416
v -0.254276 -0.214835 0.883019
v -0.14681 -0.214835 0.48194999
v -9.0E-6 -0.214835 1.09443
v 0.179097 -0.214835 1.046439
v 0.310211 -0.214835 0.915324
v -0.179115 -0.214835 1.046439
v 0.179096 -0.214835 0.425996
v -9.0E-6 -0.214835 0.378005
v 0.358203 -0.214835 0.736218
v -0.31023 -0.214835 0.557111
v -0.358222 -0.214835 0.736218
v 0.310211 -0.214835 0.557111
v -0.31023 -0.214835 0.915324
v -0.179115 -0.214835 0.425996
v 0.187106 0.076219 1.060311
v 0.324084 0.076219 0.923333
v 0.374221 0.076219 0.736218
v -9.0E-6 0.076219 1.110449
v -0.187124 0.076219 1.060311
v -9.0E-6 0.076219 0.361986
v 0.187106 0.076219 0.412124
v -0.324103 0.076219 0.549102
v -0.37424 0.076219 0.736218
v 0.324084 0.076219 0.549102
v -0.32410198 0.076219 0.923333
v -0.187125 0.076219 0.412124
v 0.324084 -0.192854 0.923333
v 0.187106 -0.192854 1.060311
v 0.374221 -0.192854 0.736218
v -0.37424 -0.192854 0.736218
v -0.324103 -0.192854 0.549102
v -9.0E-6 -0.192854 0.361986
v -0.187125 -0.192854 0.412124
v 0.324084 -0.192854 0.549102
v -0.187124 -0.192854 1.060311
v -0.32410198 -0.192854 0.923333
v -9.0E-6 -0.192854 1.110449
v 0.187106 -0.192854 0.412124
v 0.239926 -0.227724 0.874744
v 0.13851699 -0.227724 0.976153
v 0.277044 -0.227724 0.736218
v 0.239926 -0.227724 0.597691
v 0.13851699 -0.227724 0.496282
v -0.239944 -0.227724 0.874744
v -0.277062 -0.227724 0.736218
v -0.138536 -0.227724 0.976153
v -9.0E-6 -0.227724 1.013271
v -9.0E-6 -0.227724 0.459164
v -0.239944 -0.227724 0.597691
v -0.138536 -0.227724 0.496282
v -0.282255 -2.329742 0.736218
v -0.282255 -2.625898 0.736218
v -0.436327 -2.47782 0.736218
v -0.244441 -2.329742 0.595095
v -0.244441 -2.625898 0.595095
v -0.377871 -2.47782 0.518059
v -0.141132 -2.329742 0.491786
v -0.141132 -2.625898 0.491786
v -0.218168 -2.47782 0.358355
v -9.0E-6 -2.329742 0.453972
v -9.0E-6 -2.625898 0.453972
v -9.0E-6 -2.47782 0.2999
v 0.141113 -2.329742 0.491785
v 0.141113 -2.625898 0.491785
v 0.218149 -2.47782 0.358355
v 0.244422 -2.329742 0.595095
v 0.244422 -2.625898 0.595095
v 0.377852 -2.47782 0.518058
v 0.282236 -2.329742 0.736217
v 0.282236 -2.625898 0.736217
v 0.436308 -2.47782 0.736217
v 0.244422 -2.329742 0.87734
v 0.244422 -2.625898 0.87734
v 0.377852 -2.47782 0.954376
v 0.141113 -2.329742 0.980649
v 0.141113 -2.625898 0.980649
v 0.218149 -2.47782 1.11408
v -9.0E-6 -2.329742 1.018463
v -9.0E-6 -2.625898 1.018463
v -9.0E-6 -2.47782 1.172535
v -0.141132 -2.329742 0.980649
v -0.141132 -2.625898 0.980649
v -0.218168 -2.47782 1.11408
v -0.244441 -2.329742 0.87734
v -0.244441 -2.625898 0.87734
v -0.377871 -2.47782 0.954376
v -9.0E-6 -2.610818 1.034153
v -0.148977 -2.610818 0.994237
v -9.0E-6 -2.344822 1.034153
v -0.148977 -2.344822 0.994237
v -0.258029 -2.610818 0.58725
v -0.148977 -2.610818 0.478197
v -0.258029 -2.344822 0.58725
v -0.148977 -2.344822 0.478197
v -0.297945 -2.344822 0.736218
v -0.297945 -2.610818 0.736218
v -0.258029 -2.610818 0.885185
v -0.258029 -2.344822 0.885185
v -9.0E-6 -2.610818 0.438282
v 0.148958 -2.610818 0.478197
v -9.0E-6 -2.344821 0.438282
v 0.148958 -2.344822 0.478197
v 0.25801 -2.344822 0.885185
v 0.148958 -2.344822 0.994237
v 0.25801 -2.610818 0.885185
v 0.148958 -2.610818 0.994237
v 0.25801 -2.344822 0.587249
v 0.297926 -2.344822 0.736217
v 0.25801 -2.610818 0.587249
v 0.297926 -2.610818 0.736217
v 0.20591299 -2.501339 0.379548
v 0.35666 -2.501339 0.530294
v 0.20591299 -2.4543009 0.379548
v 0.35666 -2.4543009 0.530294
v -0.205932 -2.501339 1.092887
v -0.356678 -2.501339 0.942141
v -0.205932 -2.4543009 1.092887
v -0.356678 -2.4543009 0.942141
v 0.205914 -2.4543009 1.092887
v -9.0E-6 -2.4543009 1.148064
v 0.205914 -2.501339 1.092887
v -9.0E-6 -2.501339 1.148064
v -0.356679 -2.501339 0.530294
v -0.205932 -2.501339 0.379548
v -0.356679 -2.4543009 0.530294
v -0.205932 -2.4543009 0.379548
v 0.35666 -2.4543009 0.942141
v 0.411837 -2.4543009 0.736217
v 0.35666 -2.501339 0.942141
v 0.411837 -2.501339 0.736217
v -9.0E-6 -2.501339 0.324371
v -9.0E-6 -2.4543009 0.324371
v -0.411855 -2.501339 0.736218
v -0.411855 -2.4543009 0.736218
v -0.218168 -2.501354 0.66424197
v -0.167273 -2.552248 0.736217
v -0.218168 -2.501354 0.80819297
v -0.269062 -2.450459 0.736217
v -0.377871 -2.661057 0.66424197
v -0.31334 -2.698314 0.736217
v -0.377871 -2.661057 0.80819297
v -0.442403 -2.6238 0.736217
v -0.436327 -2.879216 0.66424197
v -0.361812 -2.879216 0.736217
v -0.436327 -2.879216 0.80819297
v -0.510841 -2.879216 0.736217
v -0.377871 -3.097375 0.66424197
v -0.313339 -3.060118 0.736217
v -0.377871 -3.097375 0.80819297
v -0.442403 -3.134632 0.736217
v -0.218168 -3.257078 0.664241
v -0.18091 -3.192546 0.736217
v -0.218168 -3.257078 0.80819297
v -0.255425 -3.32161 0.736217
v -9.0E-6 -3.3155339 0.664241
v -9.0E-6 -3.241019 0.736217
v -9.0E-6 -3.3155339 0.80819297
v -9.0E-6 -3.390048 0.736217
v 0.218149 -3.257078 0.664241
v 0.180892 -3.192546 0.736217
v 0.218149 -3.257078 0.80819297
v 0.255406 -3.32161 0.736217
v 0.377852 -3.097374 0.66424197
v 0.313321 -3.060117 0.736217
v 0.377852 -3.097374 0.80819297
v 0.442384 -3.134632 0.736217
v 0.436308 -2.879216 0.66424197
v 0.361793 -2.879216 0.736217
v 0.436308 -2.879216 0.80819297
v 0.510823 -2.879216 0.736217
v 0.377852 -2.661057 0.66424197
v 0.313321 -2.698314 0.736217
v 0.377852 -2.661057 0.80819297
v 0.442384 -2.6238 0.736217
v 0.218149 -2.501353 0.66424197
v 0.167254 -2.552248 0.736217
v 0.218149 -2.501353 0.80819297
v 0.269043 -2.450459 0.736217
v 0.3184 -2.6953819 0.741882
v 0.17126 -2.548242 0.741882
v 0.437305 -2.626732 0.741882
v 0.265038 -2.454465 0.741882
v 0.265038 -2.454465 0.730552
v 0.437305 -2.626732 0.730552
v 0.17126 -2.548242 0.730552
v 0.3184 -2.6953819 0.730552
v 0.183824 -3.1976259 0.730552
v -9.0E-6 -3.246884 0.730552
v 0.252474 -3.316531 0.730552
v -9.0E-6 -3.384184 0.730552
v -0.504976 -2.879216 0.741882
v -0.437324 -3.1317 0.741882
v -0.367677 -2.879216 0.741882
v -0.318419 -3.06305 0.741882
v -9.0E-6 -3.246884 0.741882
v 0.183824 -3.1976259 0.741882
v -9.0E-6 -3.384184 0.741882
v 0.252474 -3.316531 0.741882
v -0.171279 -2.548242 0.741882
v -0.318419 -2.6953819 0.741882
v -0.265057 -2.454465 0.741882
v -0.437324 -2.626732 0.741882
v 0.437305 -3.131699 0.741882
v 0.3184 -3.06305 0.741882
v -0.367677 -2.879216 0.730552
v -0.318419 -2.6953819 0.730552
v -0.504976 -2.879216 0.730552
v -0.437324 -2.626732 0.730552
v 0.504958 -2.879216 0.730552
v 0.367658 -2.879216 0.730552
v -0.183843 -3.1976259 0.730552
v -0.318419 -3.06305 0.730552
v -0.252492 -3.316531 0.730552
v -0.437324 -3.1317 0.730552
v 0.3184 -3.06305 0.730552
v 0.437305 -3.131699 0.730552
v 0.504958 -2.879216 0.741882
v 0.367658 -2.879216 0.741882
v -0.171279 -2.548242 0.730552
v -0.265057 -2.454465 0.730552
v -0.252492 -3.316531 0.741882
v -0.183843 -3.1976259 0.741882
v 0.368646 -2.666372 0.67451
v 0.210888 -2.508615 0.67451
v 0.387059 -2.655742 0.67451
v 0.22541 -2.494093 0.67451
v 0.446939 -2.879216 0.67451
v 0.425677 -2.879216 0.67451
v -0.223483 -3.266285 0.67451
v -0.387078 -3.10269 0.67451
v -0.212852 -3.247871 0.67451
v -0.368664 -3.092059 0.67451
v 0.425677 -2.879216 0.797924
v 0.368646 -2.666372 0.797924
v 0.446939 -2.879216 0.797924
v 0.387059 -2.655742 0.797924
v 0.387059 -3.10269 0.797924
v 0.223465 -3.266285 0.797924
v 0.368646 -3.092059 0.797924
v 0.212834 -3.247871 0.797924
v -0.368665 -2.666372 0.67451
v -0.210907 -2.508615 0.67451
v -0.387078 -2.655742 0.67451
v -0.225429 -2.494093 0.67451
v 0.368646 -3.092059 0.67451
v 0.387059 -3.10269 0.67451
v 0.212834 -3.247871 0.67451
v -9.0E-6 -3.304903 0.67451
v 0.223465 -3.266285 0.67451
v -9.0E-6 -3.326164 0.67451
v -0.210907 -2.508615 0.797924
v -0.368665 -2.666373 0.797924
v -0.225429 -2.494093 0.797924
v -0.387078 -2.655742 0.797924
v 0.22541 -2.494093 0.797924
v 0.210888 -2.508615 0.797924
v -0.446958 -2.879216 0.797924
v -0.425696 -2.879216 0.797924
v -9.0E-6 -3.326164 0.797924
v -0.223483 -3.266285 0.797924
v -9.0E-6 -3.304903 0.797924
v -0.212852 -3.247871 0.797924
v -0.368664 -3.092059 0.797924
v -0.387078 -3.10269 0.797924
v -0.425696 -2.879216 0.67451
v -0.446958 -2.879216 0.67451
v 0.277398 -2.466825 0.741882
v 0.237009 -2.505691 0.797924
v 0.222207 -2.519934 0.797924
v 0.229608 -2.512812 0.80819297
v 0.181818 -2.5588 0.730552
v 0.222207 -2.519934 0.67451
v 0.277398 -2.466825 0.730552
v 0.237009 -2.505691 0.67451
v 0.281481 -2.462897 0.736217
v 0.181818 -2.5588 0.741882
v 0.177735 -2.562729 0.736217
v 0.229608 -2.512812 0.66424197
v -0.242473 -2.511136 0.797924
v -0.28322 -2.472629 0.741882
v -0.235007 -2.518192 0.80819297
v -0.242473 -2.511136 0.67451
v -0.28322 -2.472629 0.730552
v -0.235007 -2.518192 0.66424197
v -0.186794 -2.563756 0.741882
v -0.182675 -2.567649 0.736217
v -0.227541 -2.525248 0.797924
v -0.287339 -2.468736 0.736217
v -0.227541 -2.525248 0.67451
v -0.186794 -2.563756 0.730552
v 0.436388 0.313777 1.078208
v 0.4323 0.815314 1.078208
v -0.004088 1.062543 1.137761
v -0.436388 0.808233 1.078208
v -0.432299 0.306696 1.078208
v 0.004088 0.059467 1.137761
v 0.396163 0.336566 1.178208
v 0.392451 0.791873 1.178208
v -0.003711 1.016312 1.237761
v -0.396162 0.785444 1.178208
v -0.392451 0.330138 1.178208
v 0.003711 0.105698 1.237761
v 0.364413 0.35455298 1.178208
v 0.360999 0.77337 1.178208
v -0.003414 0.979822 1.237761
v -0.364413 0.767457 1.178208
v -0.360999 0.34864 1.178208
v 0.003414 0.142188 1.237761
v 0.0 0.561005 1.262761
v 0.403128 0.33262 1.160893
v 0.0037759999 0.097692996 1.220445
v 0.399351 0.795932 1.160893
v -0.399351 0.326078 1.160893
v -0.403128 0.78939 1.160893
v -0.0037759999 1.024317 1.220445
v 0.004032 0.066298 1.152537
v 0.430445 0.317144 1.092984
v 0.426412 0.811851 1.092984
v -0.004032 1.055712 1.152537
v -0.426412 0.310159 1.092984
v -0.430444 0.804866 1.092984
v 0.3 0.561005 1.165564
v 0.0 0.861005 1.165564
v -0.299999 0.561005 1.165564
v 0.0 0.261005 1.165564
v 0.168581 0.561005 1.315564
v 0.0 0.729586 1.315564
v -0.168581 0.561005 1.315564
v 0.0 0.392424 1.315564
v 0.287337 0.561005 1.180018
v 0.0 0.273668 1.180018
v 0.0 0.848342 1.180018
v -0.287337 0.561005 1.180018
v 0.182718 0.561005 1.299428
v 0.0 0.378287 1.299428
v 0.0 0.743723 1.299428
v -0.182718 0.561005 1.299428
v 0.264672 0.53834 1.180018
v 0.168305 0.546592 1.299428
v 0.155283 0.547707 1.315564
v -0.023663 0.837341 1.165564
v -0.022665 0.825677 1.180018
v -0.013297 0.716289 1.315564
v 0.27633598 0.537341 1.165564
v -0.014412 0.729311 1.299428
v 0.261069 0.587273 1.180018
v 0.166014 0.577709 1.299428
v 0.15317 0.576416 1.315564
v 0.272575 0.58843 1.165564
v -0.015411 0.407835 1.315564
v -0.016703 0.39499 1.299428
v -0.027425 0.28843 1.165564
v -0.026267 0.299935 1.180018
v 0.139872 0.563118 1.315564
v 0.018297 0.396585 1.299428
v 0.028774 0.30244198 1.180018
v 0.016882 0.409306 1.315564
v 0.030042 0.291048 1.165564
v -0.269957 0.591048 1.165564
v -0.258562 0.58978 1.180018
v 0.001471 0.424717 1.315564
v -0.16442 0.579303 1.299428
v -0.151699 0.577887 1.315564
v 0.024107 0.824235 1.180018
v 0.01533 0.728393 1.299428
v 8.46E-4 0.702145 1.315564
v -0.137555 0.563743 1.315564
v 0.014144 0.715442 1.315564
v -0.274829 0.535835 1.165564
v -0.154437 0.546861 1.315564
v -0.16738799 0.545675 1.299428
v 0.02517 0.835835 1.165564
v -0.263229 0.536897 1.180018
v 0.436388 0.313777 0.393682
v 0.4323 0.815314 0.393682
v -0.004088 1.062543 0.334129
v -0.436388 0.808233 0.393682
v -0.432299 0.306696 0.393682
v 0.004088 0.059467 0.334129
v 0.396163 0.336566 0.293682
v 0.392451 0.791873 0.293682
v -0.003711 1.016312 0.234129
v -0.396162 0.785444 0.293682
v -0.392451 0.330138 0.293682
v 0.003711 0.105699 0.234129
v 0.364413 0.35455298 0.293682
v 0.360999 0.77337 0.293682
v -0.003414 0.979822 0.234129
v -0.364413 0.767457 0.293682
v -0.360999 0.34864 0.293682
v 0.003414 0.142188 0.234129
v 0.0 0.561005 0.209129
v 0.403128 0.33262 0.310997
v 0.0037759999 0.097692996 0.251445
v 0.399351 0.795932 0.310997
v -0.399351 0.326078 0.310997
v -0.403128 0.78939 0.310997
v -0.0037759999 1.024317 0.251445
v 0.004032 0.066298 0.31935298
v 0.430445 0.317144 0.378906
v 0.426412 0.811851 0.378906
v -0.004032 1.055712 0.31935298
v -0.426412 0.310159 0.378906
v -0.430444 0.804866 0.378906
v 0.3 0.561005 0.306326
v 0.0 0.861005 0.306326
v -0.299999 0.561005 0.306326
v 0.0 0.261005 0.306326
v 0.168581 0.561005 0.156326
v 0.0 0.729586 0.156326
v -0.168581 0.561005 0.156326
v 0.0 0.392424 0.156326
v 0.287337 0.561005 0.291873
v 0.0 0.273668 0.291873
v 0.0 0.848342 0.291873
v -0.287337 0.561005 0.291873
v 0.182718 0.561005 0.172462
v 0.0 0.378287 0.172462
v 0.0 0.743724 0.172462
v -0.182718 0.561005 0.172462
v 0.264672 0.53834 0.291873
v 0.168305 0.546592 0.172462
v 0.155283 0.547707 0.156326
v -0.023663 0.837341 0.306326
v -0.022665 0.825677 0.291873
v -0.013297 0.716289 0.156326
v 0.27633598 0.537341 0.306326
v -0.014412 0.729311 0.172462
v 0.261069 0.587273 0.291873
v 0.166014 0.577709 0.172462
v 0.15317 0.576416 0.156326
v 0.272575 0.58843 0.306326
v -0.015411 0.407835 0.156326
v -0.016703 0.39499 0.172462
v -0.027425 0.28843 0.306326
v -0.026267 0.299935 0.291873
v 0.139872 0.563119 0.156326
v 0.018297 0.396585 0.172462
v 0.028774 0.30244198 0.291873
v 0.016882 0.409306 0.156326
v 0.030042 0.291048 0.306326
v -0.269957 0.591048 0.306326
v -0.258562 0.58978 0.291873
v 0.001471 0.424717 0.156326
v -0.16442 0.579303 0.172462
v -0.151699 0.577887 0.156326
v 0.024107 0.824235 0.291873
v 0.01533 0.728393 0.172462
v 8.46E-4 0.702145 0.156326
v -0.137555 0.563743 0.156326
v 0.014144 0.715442 0.156326
v -0.274829 0.535835 0.306326
v -0.154437 0.546861 0.156326
v -0.16738799 0.545675 0.172462
v 0.02517 0.835835 0.306326
v -0.263229 0.536897 0.291873
# 1108 vertices

vn 0.47289997 0.0404 -0.88009995
vn 0.75949997 0.0699 -0.64669997
vn 0.8293 0.0548 -0.5559
vn 0.42069998 0.0475 -0.9059
vn 0.42069998 0.0475 0.9059
vn 0.8293 0.0548 0.5559
vn 0.47289997 0.0404 0.88009995
vn 0.75949997 0.0699 0.64669997
vn -0.6943 -0.056199998 -0.71739995
vn -0.5546 0.059 -0.82989997
vn -0.38 0.0407 -0.92399997
vn -0.3732 -0.03 -0.92719996
vn -0.38 0.040599998 0.92399997
vn -0.5546 0.059 0.82989997
vn -0.3732 -0.03 0.92719996
vn -0.6943 -0.056199998 0.71739995
vn -0.47289997 0.0404 -0.88009995
vn -0.75949997 0.0699 -0.64669997
vn -0.8293 0.0548 -0.5559
vn -0.42069998 0.0475 -0.9059
vn -0.47289997 0.0404 0.88009995
vn -0.75949997 0.0699 0.64669997
vn -0.42069998 0.0475 0.9059
vn -0.8293 0.0548 0.5559
vn 0.6943 -0.056199998 -0.71739995
vn 0.3732 -0.03 -0.92719996
vn 0.55469996 0.059 -0.82989997
vn 0.38 0.0407 -0.92399997
vn 0.6943 -0.056199998 0.71739995
vn 0.3732 -0.03 0.92719996
vn 0.38 0.0407 0.92399997
vn 0.55469996 0.059 0.82989997
vn 0.8469 0.0 0.5316
vn 0.48389998 0.0 0.87509996
vn 0.8469 0.0 -0.5316
vn 0.48389998 0.0 -0.87509996
vn -0.8469 0.0 0.5316
vn -0.48389998 0.0 0.87509996
vn -0.8469 0.0 -0.5316
vn -0.48389998 0.0 -0.87509996
vn 0.4613 0.0 0.8872
vn 0.42409998 0.0297 0.9051
vn 0.0664 0.0 0.9977
vn 0.0603 0.0213 0.99789995
vn 0.0471 0.021699999 0.99859995
vn 0.34 0.0298 0.9399
vn 0.0603 0.0213 -0.99789995
vn 0.0664 0.0 -0.9977
vn 0.42409998 0.0297 -0.9051
vn 0.4613 0.0 -0.8872
vn 0.0367 -0.0011 0.9993
vn 0.2758 0.12789999 0.9526
vn 0.49879998 0.1551 0.8526
vn 0.29099998 -0.0011999999 0.95669997
vn 0.0367 -0.0011 -0.9993
vn 0.2758 0.12789999 -0.9526
vn 0.49879998 0.1551 -0.8526
vn 0.29099998 -0.0011999999 -0.95669997
vn 0.0471 0.021699999 -0.99859995
vn 0.34 0.0298 -0.9399
vn 0.48889998 0.2471 -0.8365
vn 0.6917 0.2835 -0.6641
vn 0.48889998 0.2471 0.8365
vn 0.6917 0.2835 0.6641
vn -0.0661 0.0 0.9978
vn -0.060099997 0.0213 0.99789995
vn -0.4236 0.0297 0.90529996
vn -0.4608 0.0 0.8875
vn -0.3396 0.0298 0.94
vn -0.0469 0.021699999 0.99859995
vn -0.2906 -0.0011999999 0.9568
vn -0.036599997 -0.0011 0.9993
vn -0.4985 0.1551 0.85279995
vn -0.2757 0.12789999 0.9526
vn -0.4887 0.247 -0.8366
vn -0.4985 0.1551 -0.85279995
vn -0.69159997 0.2835 -0.6642
vn -0.2757 0.12789999 -0.9526
vn -0.3396 0.0298 -0.94
vn -0.4236 0.0297 -0.90529996
vn -0.0469 0.021699999 -0.99859995
vn -0.060099997 0.0213 -0.99789995
vn -0.4608 0.0 -0.8875
vn -0.0661 0.0 -0.9978
vn -0.4887 0.247 0.8366
vn -0.69159997 0.2835 0.6642
vn -0.036599997 -0.0011 -0.9993
vn -0.2906 -0.0011999999 -0.9568
vn 2.9999999E-4 0.039899997 0.9992
vn 2.9999999E-4 0.035499997 0.9993
vn 2.9999999E-4 0.0 1.0
vn 2.9999999E-4 -2.0E-4 1.0
vn 2.0E-4 0.19559999 0.9806
vn 2.9999999E-4 -2.0E-4 -1.0
vn 2.0E-4 0.19559999 -0.9806
vn 0.0 0.4378 -0.899
vn 2.9999999E-4 0.039899997 -0.9992
vn 2.9999999E-4 0.0 -1.0
vn 0.0 0.4378 0.899
vn 2.9999999E-4 0.035499997 -0.9993
vn 0.825 0.0524 0.56259996
vn 0.7545 0.0676 0.6527
vn 0.825 0.0524 -0.56259996
vn 0.7545 0.0676 -0.6527
vn -0.55649996 0.058799997 0.8287
vn -0.47709998 0.24669999 0.8434
vn -0.47709998 0.24669999 -0.8434
vn -0.55649996 0.058799997 -0.8287
vn 0.6964 -0.057 0.71529996
vn 0.5566 0.0589 0.8286
vn 0.6964 -0.057 -0.71529996
vn 0.5566 0.0589 -0.8286
vn -0.6964 -0.057 0.71529996
vn -0.6964 -0.057 -0.71529996
vn 0.7384 0.2687 -0.6184
vn 0.0 1.0 0.0
vn 0.7384 0.2687 0.6184
vn 0.4772 0.24669999 0.8434
vn 0.4772 0.24669999 -0.8434
vn -0.825 0.0524 -0.56259996
vn -0.7545 0.0676 -0.6527
vn -0.7545 0.0676 0.6527
vn -0.825 0.0524 0.56259996
vn 0.8469 0.0 0.5316
vn 0.8469 0.0 -0.5316
vn -0.7384 0.2687 0.6184
vn -0.7384 0.2687 -0.6184
vn -0.8469 0.0 0.5316
vn -0.8469 0.0 -0.5316
vn 0.99439996 0.105299994 0.0
vn 0.9966 -0.081999995 0.0
vn 0.99799997 0.062299997 0.0
vn 1.0 0.0 0.0
vn 0.9432 0.3319 0.0
vn 0.8867 0.4622 0.0
vn -0.94329995 0.3319 0.0
vn -0.8867 0.4622 0.0
vn -0.99439996 0.1052 0.0
vn 0.99609995 0.0881 0.0
vn -1.0 0.0 0.0
vn -0.99799997 0.062299997 0.0
vn -0.9966 -0.081999995 0.0
vn -0.99609995 0.0881 0.0
vn 0.2933 0.0 0.956
vn 2.9999999E-4 0.0 1.0
vn 0.039899997 0.0 0.9992
vn 0.3791 0.0 -0.9253
vn 0.039899997 0.0 -0.9992
vn 0.7018 1.0E-4 0.7123
vn 0.7017 0.0 0.7123
vn -0.3791 0.0 -0.9253
vn -0.7017 0.0 -0.7123
vn -0.7017 0.0 0.7123
vn -0.3791 0.0 0.9253
vn 0.2933 0.0 -0.956
vn 2.9999999E-4 0.0 -1.0
vn -0.0398 0.0 0.9992
vn -0.7018 1.0E-4 -0.7123
vn -0.29279998 0.0 0.9561
vn 0.3791 0.0 0.9253
vn 1.0 1.0E-4 0.0
vn 0.7018 1.0E-4 -0.7123
vn 0.7017 0.0 -0.7123
vn -1.0 1.0E-4 0.0
vn -0.7018 1.0E-4 0.7123
vn -0.29279998 0.0 -0.9561
vn -0.0398 0.0 -0.9992
vn -0.24329999 -0.6872 0.68439996
vn -0.31559998 -0.94579995 0.0756
vn -0.1783 -0.9837 0.0188
vn -0.27089998 -0.6619 0.69879997
vn 0.0 -0.71889997 0.695
vn 0.0 -0.9999 0.0026999998
vn 0.27089998 -0.6619 0.69879997
vn 0.1783 -0.9837 0.0188
vn 0.24329999 -0.6872 0.68439996
vn 0.31559998 -0.94579995 0.0756
vn -0.2447 0.9675 -0.062299997
vn 0.122499995 0.7065 0.69699997
vn 0.0026999998 0.9999 -0.0081
vn -0.1232 0.6889 0.71419996
vn -0.0026999998 0.9999 -0.0081
vn -0.122499995 0.7065 0.69699997
vn 0.0 0.9999 0.0026999998
vn 0.0 0.71889997 0.6951
vn 0.1231 0.6889 0.71419996
vn 0.2446 0.9675 -0.062299997
vn -0.27089998 -0.6619 -0.69879997
vn -0.24329999 -0.6872 -0.68439996
vn -0.1784 -0.9837 -0.0188
vn -0.3157 -0.9457 -0.0757
vn 0.0 -0.71889997 -0.695
vn 0.0 -0.9999 -0.0026999998
vn 0.24329999 -0.6872 -0.68439996
vn 0.1784 -0.9837 -0.0188
vn 0.27089998 -0.6619 -0.69879997
vn 0.3157 -0.94579995 -0.0757
vn 0.0 0.71889997 -0.6951
vn 0.122499995 0.7065 -0.69699997
vn 0.0 0.9999 -0.0026999998
vn 0.0026999998 0.9999 0.0081
vn 0.1231 0.6889 -0.71419996
vn 0.24479999 0.9675 0.0624
vn -0.122499995 0.7065 -0.69699997
vn -0.0026999998 0.9999 0.0081
vn -0.1232 0.6889 -0.71419996
vn -0.24479999 0.9675 0.0624
vn -0.9422 0.0 0.3348
vn -0.759 -0.4323 0.48659998
vn -0.80539995 -0.5133 0.2961
vn -0.73749995 0.0 0.6752
vn -0.9422 0.0 0.3348
vn -0.73749995 0.0 0.6752
vn 0.0 0.0 1.0
vn 0.1705 0.0 0.9853
vn 0.1705 0.0 0.9853
vn 0.0 0.0 1.0
vn -0.1705 0.0 0.9853
vn -0.1705 0.0 0.9853
vn -0.0713 0.0 -0.9974
vn -0.1705 0.0 -0.9853
vn -0.0713 0.0 -0.9974
vn -0.1705 0.0 -0.9853
vn 0.1705 0.0 -0.9853
vn 0.0 0.0 -1.0
vn 0.1705 0.0 -0.9853
vn 0.0 0.0 -1.0
vn -0.73749995 0.0 -0.6752
vn -0.73749995 0.0 -0.6752
vn -0.9422 0.0 -0.3348
vn -0.9422 0.0 -0.3348
vn -0.8055 -0.51309997 -0.2963
vn -0.759 -0.4324 -0.48659998
vn -0.0713 0.0 0.9974
vn -0.0713 0.0 0.9974
vn 0.0713 0.0 0.9974
vn 0.0713 0.0 0.9974
vn 0.0713 0.0 -0.9974
vn 0.0713 0.0 -0.9974
vn 0.9422 0.0 0.3348
vn 0.9422 0.0 0.3348
vn 0.73749995 0.0 0.6752
vn 0.73749995 0.0 0.6752
vn 0.759 -0.4323 0.48659998
vn 0.80539995 -0.5133 0.2961
vn 0.8055 -0.51309997 -0.2962
vn 0.9422 0.0 -0.3348
vn 0.759 -0.4323 -0.48659998
vn 0.73749995 0.0 -0.6752
vn 0.9422 0.0 -0.3348
vn 0.73749995 0.0 -0.6752
vn -0.43129998 -0.88989997 0.14819999
vn -0.3624 -0.6249 0.6914
vn -0.088 0.0 0.99609995
vn -0.088 0.0 0.99609995
vn -0.3624 -0.6249 -0.6914
vn -0.088 0.0 -0.99609995
vn 0.3266 0.9386 0.1107
vn 0.17099999 0.6778 -0.71489996
vn -0.5003 0.5998 -0.6243
vn -0.528 0.8307 -0.1761
vn -0.528 0.83059996 0.1762
vn -0.5003 0.5998 0.6243
vn 0.17099999 0.6778 0.71489996
vn 0.32639998 0.93869996 -0.1105
vn -0.088 0.0 -0.99609995
vn -0.43159997 -0.8897 -0.1484
vn 0.088 0.0 0.99609995
vn 0.3624 -0.6249 0.6914
vn 0.43129998 -0.88989997 0.1481
vn 0.3624 -0.6249 -0.6914
vn 0.088 0.0 -0.99609995
vn 0.43159997 -0.8897 -0.14829999
vn -0.17099999 0.6778 -0.71489996
vn 0.5279 0.8307 -0.1761
vn -0.3267 0.9386 0.1107
vn 0.5003 0.5998 -0.6243
vn -0.17099999 0.6778 0.71489996
vn -0.32639998 0.93869996 -0.1105
vn 0.5003 0.5998 0.6243
vn 0.528 0.83059996 0.1762
vn 0.088 0.0 0.99609995
vn 0.088 0.0 -0.99609995
vn 0.73749995 0.0 0.6752
vn 0.088 0.0 0.99609995
vn 0.0713 0.0 0.9974
vn 0.9422 0.0 0.3348
vn 0.0713 0.0 -0.9974
vn 0.088 0.0 -0.99609995
vn -0.1705 0.0 0.9853
vn -0.0713 0.0 0.9974
vn 0.0 0.0 1.0
vn -0.0713 0.0 -0.9974
vn -0.088 0.0 -0.99609995
vn -0.73749995 0.0 -0.6752
vn 0.1705 0.0 0.9853
vn 0.73749995 0.0 -0.6752
vn -0.1705 0.0 -0.9853
vn -0.088 0.0 0.99609995
vn 0.9422 0.0 -0.3348
vn -0.73749995 0.0 0.6752
vn -0.9422 0.0 0.3348
vn 0.0 0.0 -1.0
vn 0.1705 0.0 -0.9853
vn -0.9422 0.0 -0.3348
vn 0.0 -1.0 0.0
vn -0.17799999 -0.98399997 0.0
vn 0.17799999 -0.98399997 0.0
vn 1.0 0.0 0.0
vn 1.0 0.0 0.0
vn -1.0 0.0 0.0
vn -1.0 0.0 0.0
vn -0.4384 -0.8987 -2.0E-4
vn -0.3166 -0.9485 0.0
vn 0.4384 -0.8987 -2.0E-4
vn 0.82799995 -0.5607 -1.0E-4
vn 0.3166 -0.9485 0.0
vn 1.0 0.0 0.0
vn -0.8279 -0.5607 -1.0E-4
vn 0.0 1.0 0.0
vn 0.0026999998 0.9999 0.0
vn -0.0026999998 0.9999 0.0
vn -1.0 0.0 0.0
vn -0.2452 0.9694 0.0
vn -0.46559998 0.8849 1.0E-4
vn 0.2452 0.9694 0.0
vn 0.33049998 0.94369996 1.0E-4
vn 0.46559998 0.8849 1.0E-4
vn -0.3306 0.94369996 1.0E-4
vn 0.4867 -0.2286 -0.843
vn 0.0 -0.2286 -0.97349995
vn 0.0 0.2286 -0.97349995
vn 0.4867 0.2286 -0.843
vn 0.843 0.2286 -0.4867
vn 0.843 -0.2286 -0.4867
vn 0.97349995 0.2286 0.0
vn 0.97349995 -0.2286 0.0
vn 0.843 -0.2286 0.4867
vn 0.843 0.2286 0.4867
vn 0.4867 0.2286 0.843
vn 0.4867 -0.2286 0.843
vn 0.0 0.2286 0.97349995
vn 0.0 -0.2286 0.97349995
vn -0.4867 0.2286 0.843
vn -0.4867 -0.2286 0.843
vn -0.843 -0.2286 0.4867
vn -0.843 0.2286 0.4867
vn -0.97349995 0.2286 0.0
vn -0.97349995 -0.2286 0.0
vn -0.843 0.2286 -0.4867
vn -0.843 -0.2286 -0.4867
vn -0.4867 0.2286 -0.843
vn -0.4867 -0.2286 -0.843
vn 0.4867 0.2286 -0.843
vn 0.4867 -0.2286 -0.843
vn 0.0 -0.2286 -0.97349995
vn 0.0 0.2286 -0.97349995
vn 0.843 0.2286 -0.4867
vn 0.843 -0.2286 -0.4867
vn 0.97349995 0.2286 0.0
vn 0.97349995 -0.2286 0.0
vn 0.843 0.2286 0.4867
vn 0.843 -0.2286 0.4867
vn 0.4867 0.2286 0.843
vn 0.4867 -0.2286 0.843
vn 0.0 -0.2286 0.97349995
vn 0.0 0.2286 0.97349995
vn -0.4867 0.2286 0.843
vn -0.4867 -0.2286 0.843
vn -0.843 0.2286 0.4867
vn -0.843 -0.2286 0.4867
vn -0.97349995 0.2286 0.0
vn -0.97349995 -0.2286 0.0
vn -0.843 0.2286 -0.4867
vn -0.843 -0.2286 -0.4867
vn -0.4867 -0.2286 -0.843
vn -0.4867 0.2286 -0.843
vn 0.0 -0.2286 -0.97349995
vn 0.0 0.2286 -0.97349995
vn 0.4867 0.2286 -0.843
vn 0.4867 -0.2286 -0.843
vn 0.843 -0.2286 -0.4867
vn 0.843 0.2286 -0.4867
vn 0.97349995 0.2286 0.0
vn 0.97349995 -0.2286 0.0
vn 0.843 0.2286 0.4867
vn 0.843 -0.2286 0.4867
vn 0.4867 -0.2286 0.843
vn 0.4867 0.2286 0.843
vn 0.0 0.2286 0.97349995
vn 0.0 -0.2286 0.97349995
vn -0.4867 0.2286 0.843
vn -0.4867 -0.2286 0.843
vn -0.843 0.2286 0.4867
vn -0.843 -0.2286 0.4867
vn -0.97349995 0.2286 0.0
vn -0.97349995 -0.2286 0.0
vn -0.843 0.2286 -0.4867
vn -0.843 -0.2286 -0.4867
vn -0.4867 0.2286 -0.843
vn -0.4867 -0.2286 -0.843
vn 0.0 -0.71919996 -0.6947
vn 0.0 0.0 -1.0
vn 0.3473 -0.71919996 -0.6016
vn 0.49989998 0.0 -0.866
vn 0.6016 -0.71919996 -0.3473
vn 0.866 0.0 -0.5
vn 0.6947 -0.71919996 0.0
vn 1.0 0.0 0.0
vn 0.866 0.0 0.5
vn 0.6016 -0.71919996 0.3473
vn -0.3473 -0.71919996 -0.6016
vn -0.5 0.0 -0.866
vn 0.49989998 0.0 0.866
vn 0.0 -0.71919996 0.6947
vn 0.3473 -0.71919996 0.6016
vn 0.0 0.0 1.0
vn -0.866 0.0 0.5
vn -0.6016 -0.71919996 0.3473
vn -0.6947 -0.71919996 0.0
vn -1.0 0.0 0.0
vn -0.49989998 0.0 0.866
vn -0.3473 -0.71919996 0.6016
vn -0.6016 -0.71919996 -0.3473
vn -0.866 0.0 -0.5
vn 0.0 -1.0 0.0
vn 0.0 -1.0 0.0
vn 0.0 -1.0 0.0
vn 0.0 -1.0 0.0
vn 0.0 -1.0 0.0
vn 0.0 -1.0 0.0
vn 0.0 -1.0 0.0
vn 0.0 -1.0 0.0
vn 0.0 -1.0 0.0
vn 0.0 -1.0 0.0
vn 0.0 -1.0 0.0
vn 0.0 -1.0 0.0
vn 0.0 -1.0 0.0
vn 0.77599996 -0.4437 -0.44799998
vn 0.44799998 -0.4437 -0.77599996
vn 0.44799998 0.4437 -0.77599996
vn 0.4867 0.2286 -0.843
vn 0.77599996 0.4437 -0.44799998
vn 0.843 0.2286 -0.4867
vn 0.44799998 0.4437 -0.77599996
vn 0.77599996 0.4437 -0.44799998
vn 0.44799998 -0.4437 -0.77599996
vn 0.77599996 -0.4437 -0.44799998
vn 0.44799998 0.4437 -0.77599996
vn 0.77599996 0.4437 -0.44799998
vn 0.77599996 -0.4437 -0.44799998
vn 0.44799998 -0.4437 -0.77599996
vn 0.77599996 0.4437 -0.44799998
vn 0.44799998 0.4437 -0.77599996
vn 0.8961 0.4437 0.0
vn 0.97349995 0.2286 0.0
vn 0.8961 -0.4437 0.0
vn -0.77599996 0.4437 -0.44799998
vn -0.4867 0.2286 -0.843
vn -0.44799998 0.4437 -0.77599996
vn -0.843 0.2286 -0.4867
vn -0.44799998 -0.4437 -0.77599996
vn -0.77599996 -0.4437 -0.44799998
vn -0.44799998 0.4437 0.77599996
vn -0.77599996 0.4437 0.44799998
vn 0.77599996 -0.4437 0.44799998
vn 0.8961 -0.4437 0.0
vn 0.8961 0.4437 0.0
vn 0.77599996 0.4437 0.44799998
vn -0.44799998 0.4437 0.77599996
vn 0.0 0.4437 0.8961
vn -0.44799998 -0.4437 0.77599996
vn 0.0 -0.4437 0.8961
vn 0.0 0.4437 -0.8961
vn -0.44799998 0.4437 -0.77599996
vn 0.0 -0.4437 -0.8961
vn -0.44799998 -0.4437 -0.77599996
vn 0.0 0.4437 -0.8961
vn 0.0 0.2286 -0.97349995
vn 0.0 -0.4437 -0.8961
vn -0.8961 -0.4437 0.0
vn -0.97349995 0.2286 0.0
vn -0.8961 0.4437 0.0
vn -0.8961 0.4437 0.0
vn 0.8961 -0.4437 0.0
vn 0.8961 0.4437 0.0
vn -0.77599996 0.4437 -0.44799998
vn -0.44799998 0.4437 -0.77599996
vn 0.8961 0.4437 0.0
vn 0.77599996 0.4437 0.44799998
vn 0.44799998 0.4437 0.77599996
vn 0.44799998 -0.4437 0.77599996
vn -0.44799998 -0.4437 -0.77599996
vn -0.77599996 -0.4437 -0.44799998
vn -0.44799998 0.4437 -0.77599996
vn -0.77599996 0.4437 -0.44799998
vn 0.0 0.4437 -0.8961
vn -0.8961 -0.4437 0.0
vn -0.77599996 -0.4437 -0.44799998
vn -0.77599996 0.4437 -0.44799998
vn -0.8961 0.4437 0.0
vn -0.77599996 -0.4437 0.44799998
vn -0.77599996 0.4437 0.44799998
vn 0.0 0.4437 0.8961
vn 0.77599996 -0.4437 0.44799998
vn 0.843 0.2286 0.4867
vn 0.77599996 0.4437 0.44799998
vn -0.44799998 -0.4437 0.77599996
vn 0.0 -0.4437 0.8961
vn 0.0 0.4437 0.8961
vn -0.44799998 0.4437 0.77599996
vn -0.77599996 0.4437 0.44799998
vn -0.8961 0.4437 0.0
vn -0.8961 -0.4437 0.0
vn -0.77599996 -0.4437 0.44799998
vn 0.0 -0.4437 0.8961
vn 0.44799998 -0.4437 0.77599996
vn 0.0 0.2286 0.97349995
vn 0.4867 0.2286 0.843
vn 0.44799998 0.4437 0.77599996
vn 0.0 0.4437 0.8961
vn 0.44799998 -0.4437 0.77599996
vn 0.44799998 0.4437 0.77599996
vn -0.4867 0.2286 0.843
vn -0.77599996 0.4437 0.44799998
vn -0.843 0.2286 0.4867
vn -0.44799998 0.4437 0.77599996
vn -0.77599996 -0.4437 0.44799998
vn -0.44799998 -0.4437 0.77599996
vn 0.0 0.4437 -0.8961
vn 0.0 -0.4437 -0.8961
vn 0.77599996 0.4437 0.44799998
vn 0.77599996 -0.4437 0.44799998
vn 0.44799998 0.4437 0.77599996
vn 0.866 0.0 -0.49989998
vn 0.49989998 0.0 -0.866
vn 0.44799998 -0.4437 -0.77599996
vn 0.77599996 -0.4437 -0.44799998
vn -0.5 0.0 0.866
vn 0.0 0.0 1.0
vn 0.49989998 0.0 0.866
vn 0.0 0.0 1.0
vn -0.5 0.0 0.866
vn -0.866 0.0 0.49989998
vn -0.866 0.0 0.5
vn -0.77599996 -0.4437 0.44799998
vn -0.44799998 -0.4437 0.77599996
vn -0.49989998 0.0 0.866
vn 0.866 0.0 0.49989998
vn 0.866 0.0 0.49989998
vn 1.0 0.0 0.0
vn 1.0 0.0 0.0
vn 0.866 0.0 0.49989998
vn -0.49989998 0.0 0.866
vn -0.866 0.0 0.5
vn 0.866 0.0 -0.49989998
vn 0.5 0.0 -0.866
vn 0.0 0.0 -1.0
vn -0.49989998 0.0 -0.866
vn 0.866 0.0 -0.49989998
vn -1.0 0.0 0.0
vn -0.866 0.0 -0.49989998
vn -0.8961 -0.4437 0.0
vn -0.77599996 -0.4437 -0.44799998
vn -0.5 0.0 -0.866
vn -0.866 0.0 -0.49989998
vn 0.866 0.0 0.49989998
vn 0.49989998 0.0 0.866
vn 0.77599996 -0.4437 0.44799998
vn 0.44799998 -0.4437 0.77599996
vn -1.0 0.0 0.0
vn 1.0 0.0 0.0
vn 0.866 0.0 -0.49989998
vn 0.5 0.0 0.866
vn -0.866 0.0 0.49989998
vn -1.0 0.0 0.0
vn 0.0 -0.4437 0.8961
vn 0.0 0.0 1.0
vn 1.0 0.0 0.0
vn 0.8961 -0.4437 0.0
vn -0.49989998 0.0 -0.866
vn -0.44799998 -0.4437 -0.77599996
vn -0.866 0.0 -0.49989998
vn -1.0 0.0 0.0
vn 0.5 0.0 0.866
vn -0.866 0.0 -0.49989998
vn 0.0 0.0 -1.0
vn 0.0 0.0 -1.0
vn 0.0 -0.4437 -0.8961
vn 0.0 0.0 -1.0
vn -0.49989998 0.0 -0.866
vn 0.49989998 0.0 -0.866
vn 0.49989998 0.0 -0.866
vn 0.0 0.0 1.0
vn 0.49989998 0.0 -0.866
vn 0.0 0.0 -1.0
vn 0.866 0.0 -0.49989998
vn -0.866 0.0 -0.49989998
vn -1.0 0.0 0.0
vn 0.866 0.0 0.49989998
vn 0.5 0.0 0.866
vn -0.866 0.0 0.5
vn -0.5 0.0 -0.866
vn 1.0 0.0 0.0
vn -0.49989998 0.0 0.866
vn 0.0 0.0 1.0
vn 0.0 -1.0 0.0
vn 0.0 -1.0 0.0
vn 0.2599 -0.8541 0.45029998
vn 0.0 -0.8541 0.51989996
vn 0.45029998 -0.8541 0.2599
vn 0.0 -1.0 0.0
vn 0.0 -1.0 0.0
vn -0.2599 -0.8541 0.45029998
vn 0.0 -1.0 0.0
vn 0.0 -1.0 0.0
vn 0.2599 -0.8541 -0.45029998
vn 0.0 -0.8541 -0.51989996
vn 0.51989996 -0.8541 0.0
vn 0.0 -1.0 0.0
vn 0.0 -1.0 0.0
vn 0.0 -1.0 0.0
vn -0.51989996 -0.8541 0.0
vn -0.45029998 -0.8541 -0.2599
vn 0.0 -1.0 0.0
vn 0.45029998 -0.8541 -0.2599
vn 0.0 -1.0 0.0
vn -0.45029998 -0.8541 0.2599
vn 0.0 -1.0 0.0
vn -0.2599 -0.8541 -0.45029998
vn 0.0 -1.0 0.0
vn 0.0 -1.0 0.0
vn 0.0 -1.0 0.0
vn 0.0 -1.0 0.0
vn 0.0 -1.0 0.0
vn 0.0 -1.0 0.0
vn 0.0 -1.0 0.0
vn 0.0 -1.0 0.0
vn 0.0 -1.0 0.0
vn 0.0 -1.0 0.0
vn 0.0 -1.0 0.0
vn 0.0 -1.0 0.0
vn 0.0 -0.71919996 0.6947
vn 0.3473 -0.71919996 0.6016
vn 0.6016 -0.71919996 0.3473
vn -0.3473 -0.71919996 0.6016
vn 0.0 -0.71919996 -0.6947
vn 0.3473 -0.71919996 -0.6016
vn 0.6947 -0.71919996 0.0
vn -0.6016 -0.71919996 -0.3473
vn -0.6947 -0.71919996 0.0
vn 0.6016 -0.71919996 -0.3473
vn -0.6016 -0.71919996 0.3473
vn -0.3473 -0.71919996 -0.6016
vn 0.866 0.0 0.49989998
vn 0.5 0.0 0.866
vn 0.866 0.0 0.5
vn 0.5 0.0 0.866
vn 1.0 0.0 0.0
vn 1.0 0.0 0.0
vn 0.0 0.0 1.0
vn 0.0 0.0 1.0
vn -0.49989998 0.0 0.866
vn -0.49989998 0.0 0.866
vn 0.5 0.0 -0.866
vn 0.0 0.0 -1.0
vn 0.0 0.0 -1.0
vn 0.5 0.0 -0.866
vn -0.866 0.0 -0.49989998
vn -1.0 0.0 0.0
vn -0.866 0.0 -0.49989998
vn -1.0 0.0 0.0
vn 0.866 0.0 -0.5
vn 0.866 0.0 -0.5
vn -0.866 0.0 0.5
vn -0.866 0.0 0.5
vn -0.5 0.0 -0.866
vn -0.5 0.0 -0.866
vn 0.5 0.0 0.866
vn 0.866 0.0 0.5
vn 1.0 0.0 0.0
vn -0.866 0.0 -0.5
vn -1.0 0.0 0.0
vn -0.5 0.0 -0.866
vn 0.0 0.0 -1.0
vn 0.866 0.0 -0.5
vn -0.866 0.0 0.5
vn -0.49989998 0.0 0.866
vn 0.0 0.0 1.0
vn 0.5 0.0 -0.866
vn 0.77599996 -0.4437 0.44799998
vn 0.44799998 -0.4437 0.77599996
vn 0.8961 -0.4437 0.0
vn 0.77599996 -0.4437 -0.44799998
vn 0.44799998 -0.4437 -0.77599996
vn -0.8961 -0.4437 0.0
vn -0.77599996 -0.4437 0.44799998
vn -0.44799998 -0.4437 0.77599996
vn 0.0 -0.4437 0.8961
vn 0.0 -0.4437 -0.8961
vn -0.77599996 -0.4437 -0.44799998
vn -0.44799998 -0.4437 -0.77599996
vn -0.49469998 -0.86899996 0.0
vn -0.42839998 -0.86899996 -0.2473
vn -0.49469998 -0.86899996 0.0
vn -0.42839998 -0.86899996 -0.2473
vn -0.42839998 0.86899996 -0.2473
vn -0.42839998 0.86899996 -0.2473
vn -0.49469998 0.86899996 0.0
vn -0.49469998 0.86899996 0.0
vn -0.2473 -0.86899996 -0.42839998
vn -0.2473 -0.86899996 -0.42839998
vn -0.2473 0.86899996 -0.42839998
vn -0.2473 0.86899996 -0.42839998
vn 0.0 -0.86899996 -0.49469998
vn 0.0 -0.86899996 -0.49469998
vn 0.0 0.86899996 -0.49469998
vn 0.0 0.86899996 -0.49469998
vn 0.2473 -0.86899996 -0.42839998
vn 0.2473 -0.86899996 -0.42839998
vn 0.2473 0.86899996 -0.42839998
vn 0.2473 0.86899996 -0.42839998
vn 0.42839998 -0.86899996 -0.2473
vn 0.42839998 -0.86899996 -0.2473
vn 0.42839998 0.86899996 -0.2473
vn 0.42839998 0.86899996 -0.2473
vn 0.49469998 -0.86899996 0.0
vn 0.49469998 -0.86899996 0.0
vn 0.49469998 0.86899996 0.0
vn 0.49469998 0.86899996 0.0
vn 0.42839998 -0.86899996 0.2473
vn 0.42839998 -0.86899996 0.2473
vn 0.42839998 0.86899996 0.2473
vn 0.42839998 0.86899996 0.2473
vn 0.2473 -0.86899996 0.42839998
vn 0.2473 -0.86899996 0.42839998
vn 0.2473 0.86899996 0.42839998
vn 0.2473 0.86899996 0.42839998
vn 0.0 -0.86899996 0.49469998
vn 0.0 -0.86899996 0.49469998
vn 0.0 0.86899996 0.49469998
vn 0.0 0.86899996 0.49469998
vn -0.2473 -0.86899996 0.42839998
vn -0.2473 -0.86899996 0.42839998
vn -0.2473 0.86899996 0.42839998
vn -0.2473 0.86899996 0.42839998
vn -0.42839998 -0.86899996 0.2473
vn -0.42839998 -0.86899996 0.2473
vn -0.42839998 0.86899996 0.2473
vn -0.42839998 0.86899996 0.2473
vn 0.0 -0.86899996 0.49469998
vn -0.2473 -0.86899996 0.42839998
vn 0.0 0.86899996 0.49469998
vn -0.2473 0.86899996 0.42839998
vn -0.2473 -0.86899996 -0.42839998
vn -0.42839998 -0.86899996 -0.2473
vn -0.42839998 0.86899996 -0.2473
vn -0.2473 0.86899996 -0.42839998
vn -0.49469998 0.86899996 0.0
vn -0.49469998 -0.86899996 0.0
vn -0.42839998 -0.86899996 0.2473
vn -0.42839998 0.86899996 0.2473
vn 0.2473 -0.86899996 -0.42839998
vn 0.0 -0.86899996 -0.49469998
vn 0.0 0.86899996 -0.49469998
vn 0.2473 0.86899996 -0.42839998
vn 0.2473 0.86899996 0.42839998
vn 0.42839998 0.86899996 0.2473
vn 0.42839998 -0.86899996 0.2473
vn 0.2473 -0.86899996 0.42839998
vn 0.49469998 0.86899996 0.0
vn 0.42839998 0.86899996 -0.2473
vn 0.42839998 -0.86899996 -0.2473
vn 0.49469998 -0.86899996 0.0
vn 0.866 0.0 -0.5
vn 0.5 0.0 -0.866
vn -0.866 0.0 0.5
vn -0.49989998 0.0 0.866
vn 0.49989998 0.0 0.866
vn 0.0 0.0 1.0
vn -0.866 0.0 -0.49989998
vn -0.49989998 0.0 -0.866
vn 0.866 0.0 0.5
vn 1.0 0.0 0.0
vn 0.0 0.0 -1.0
vn -1.0 0.0 0.0
vn 0.5543 -0.5139 -0.65459996
vn 1.0 0.0 0.0
vn 0.7333 -0.6798 0.0
vn 0.6947 0.0 -0.71919996
vn 0.6947 0.0 0.71919996
vn 0.5543 -0.5139 0.65459996
vn -1.0 0.0 0.0
vn -0.6947 0.0 0.71919996
vn -0.7333 0.6798 0.0
vn -0.5543 0.5139 0.65459996
vn -0.5543 0.5139 -0.65459996
vn -0.6947 0.0 -0.71919996
vn 0.7333 0.6798 0.0
vn 0.5543 0.5139 -0.65459996
vn 0.5543 0.5139 0.65459996
vn -0.7333 -0.6798 0.0
vn -0.5543 -0.5139 0.65459996
vn -0.5543 -0.5139 -0.65459996
vn 0.3344 0.9424 0.0
vn 0.2774 0.7815 -0.55869997
vn 0.2774 0.7815 0.55869997
vn -0.3344 -0.9424 0.0
vn -0.2774 -0.7815 0.55869997
vn -0.2774 -0.7815 -0.55869997
vn 0.0 1.0 0.0
vn 0.0 0.8524 -0.52279997
vn 0.0 0.8524 0.52279997
vn 0.0 -0.8524 0.5227
vn 0.0 -1.0 0.0
vn 0.0 -0.8524 -0.5227
vn -0.2774 0.7815 -0.55869997
vn -0.3344 0.9424 0.0
vn -0.2774 0.7815 0.55869997
vn 0.3344 -0.9424 0.0
vn 0.2774 -0.7815 0.55869997
vn 0.2774 -0.7815 -0.55869997
vn -0.7333 0.6798 0.0
vn -0.5543 0.5139 -0.65459996
vn -0.5543 0.5139 0.65459996
vn 0.5543 -0.5139 0.65459996
vn 0.7333 -0.6798 0.0
vn 0.5543 -0.5139 -0.65459996
vn -0.6947 0.0 -0.71919996
vn -1.0 0.0 0.0
vn -0.6947 0.0 0.71919996
vn 1.0 0.0 0.0
vn 0.6947 0.0 0.71919996
vn 0.6947 0.0 -0.71919996
vn -0.7333 -0.6798 0.0
vn -0.5543 -0.5139 -0.65459996
vn -0.5543 -0.5139 0.65459996
vn 0.5543 0.5139 0.65459996
vn 0.7333 0.6798 0.0
vn 0.5543 0.5139 -0.65459996
vn 0.0 0.8524 -0.5227
vn -0.2774 0.7815 -0.55869997
vn 0.0 -0.8524 -0.52279997
vn 0.2774 -0.7815 -0.55869997
vn -0.5543 -0.5139 0.65459996
vn -0.6947 0.0 0.71919996
vn 0.5543 0.5139 0.65459996
vn 0.6947 0.0 0.71919996
vn -0.2774 0.7815 0.55869997
vn 0.0 0.8524 0.52279997
vn 0.0 -0.8524 0.52279997
vn 0.2774 -0.7815 0.55869997
vn 0.5543 -0.5139 0.65459996
vn -0.5543 0.5139 0.65459996
vn 0.5543 -0.5139 -0.65459996
vn 0.6947 0.0 -0.71919996
vn -0.5543 0.5139 -0.65459996
vn -0.6947 0.0 -0.71919996
vn 0.6947 0.0 -0.71919996
vn 0.5543 0.5139 -0.65459996
vn -0.6947 0.0 -0.71919996
vn -0.5543 -0.5139 -0.65459996
vn 0.5543 0.5139 -0.65459996
vn 0.2774 0.7815 -0.55869997
vn -0.2774 -0.7815 -0.55869997
vn -0.5543 -0.5139 -0.65459996
vn -0.5543 0.5139 -0.65459996
vn 0.5543 -0.5139 -0.65459996
vn 0.6947 0.0 0.71919996
vn -0.6947 0.0 0.71919996
vn -0.2774 -0.7815 0.55869997
vn 0.2774 0.7815 0.55869997
vn -0.5543 -0.5139 0.65459996
vn 0.5543 0.5139 0.65459996
vn -0.5543 0.5139 0.65459996
vn 0.5543 -0.5139 0.65459996
vn 0.0 0.0 -1.0
vn 0.0 0.0 -1.0
vn 0.0 0.0 -1.0
vn 0.0 0.0 -1.0
vn 0.0 0.0 1.0
vn 0.0 0.0 1.0
vn 0.0 0.0 1.0
vn 0.0 0.0 1.0
vn 0.0 0.0 -1.0
vn 0.0 0.0 -1.0
vn 0.0 0.0 -1.0
vn 0.0 0.0 1.0
vn 0.0 0.0 1.0
vn 0.0 0.0 1.0
vn 0.0 0.0 1.0
vn 0.0 0.0 1.0
vn 0.0 0.0 -1.0
vn 0.0 0.0 -1.0
vn 0.4134 0.6979 0.5847
vn 0.4134 0.6979 0.5847
vn 0.4134 0.6979 0.5847
vn 0.4134 0.6979 0.5847
vn 0.0 0.0 1.0
vn -0.4134 -0.6979 0.5847
vn 0.0 0.0 1.0
vn -0.4134 -0.6979 0.5847
vn -0.4134 -0.6979 -0.5847
vn -0.4134 -0.6979 -0.5847
vn -0.4134 -0.6979 -0.5847
vn -0.4134 -0.6979 -0.5847
vn 0.4134 0.6979 -0.5847
vn 0.4134 0.6979 -0.5847
vn 0.4134 0.6979 -0.5847
vn 0.4134 0.6979 -0.5847
vn 0.5096 0.8603 0.0
vn 0.5096 0.8603 0.0
vn -0.4134 -0.6979 0.5847
vn -0.4134 -0.6979 0.5847
vn -0.5096 -0.8603 0.0
vn -0.5096 -0.8603 0.0
vn 0.0 0.0 -1.0
vn 0.0 0.0 -1.0
vn -0.4134 0.6979 0.5847
vn -0.4134 0.6979 0.5847
vn -0.4134 0.6979 0.5847
vn -0.4134 0.6979 0.5847
vn 0.0 0.0 1.0
vn 0.0 0.0 1.0
vn -0.4134 0.6979 -0.5847
vn -0.4134 0.6979 -0.5847
vn -0.4134 0.6979 -0.5847
vn -0.4134 0.6979 -0.5847
vn 0.0 0.0 -1.0
vn 0.0 0.0 -1.0
vn 0.5096 -0.8603 0.0
vn 0.4134 -0.6979 0.5847
vn 0.4134 -0.6979 0.5847
vn 0.5096 -0.8603 0.0
vn 0.4134 -0.6979 0.5847
vn 0.4134 -0.6979 0.5847
vn -0.5096 0.8603 0.0
vn -0.5096 0.8603 0.0
vn 0.4134 -0.6979 -0.5847
vn 0.4134 -0.6979 -0.5847
vn 0.4134 -0.6979 -0.5847
vn 0.4134 -0.6979 -0.5847
vn -0.0032 0.53639996 0.84389997
vn 0.1352 -0.0018999999 0.99079996
vn 0.0 -0.0077 0.9999
vn 0.45229998 0.2628 0.8522
vn 0.0 0.0077 0.9999
vn 0.1352 0.0056 0.99069995
vn 0.45589998 -0.2522 0.85349995
vn 0.0032 -0.53639996 0.84389997
vn -0.1352 0.0018999999 0.99079996
vn -0.45229998 -0.2628 0.8522
vn -0.1352 -0.0056 0.99069995
vn -0.45589998 0.2522 0.85349995
vn 0.0 0.0 1.0
vn 0.0056 -0.96239996 0.2715
vn 0.7621 -0.5287 0.3735
vn 0.7524 0.5442 0.3709
vn -0.7524 -0.5442 0.3709
vn -0.7621 0.5287 0.3735
vn -0.0056 0.96239996 0.2715
vn 0.0056 -0.9625 0.27109998
vn 0.7617 -0.5293 0.3735
vn 0.0056 -0.96239996 0.2712
vn 0.7615 -0.52959996 0.37359998
vn 0.752 0.54469997 0.371
vn 0.7517 0.54499996 0.37109998
vn -0.0056 0.96239996 0.2712
vn -0.0056 0.9625 0.27109998
vn -0.752 -0.54469997 0.371
vn -0.7517 -0.54499996 0.37109998
vn -0.7617 0.5293 0.3735
vn -0.7615 0.52959996 0.37359998
vn 0.7521 0.0 0.65889996
vn 0.4653 -0.7856 0.4077
vn 0.7521 0.0 0.65889996
vn 0.4653 -0.7856 0.4077
vn 0.45619997 0.0 0.88979995
vn 0.2773 -0.46809998 0.83889997
vn 0.0 0.8875 0.4606
vn -0.4653 0.7856 0.4077
vn -0.4653 0.7856 0.4077
vn 0.0 0.8875 0.4606
vn -0.4653 0.7856 0.4077
vn 0.0 0.8875 0.4606
vn 0.4653 -0.7856 0.4077
vn 0.7521 0.0 0.65889996
vn 0.0 0.6544 0.7561
vn -0.2773 0.46809998 0.83889997
vn 0.4653 0.7856 0.4077
vn 0.4653 0.7856 0.4077
vn 0.2773 0.46809998 0.83889997
vn 0.4653 0.7856 0.4077
vn 0.0 -0.8875 0.4606
vn -0.4653 -0.7856 0.4077
vn -0.2773 -0.46809998 0.83889997
vn 0.0 -0.6544 0.7561
vn -0.4653 -0.7856 0.4077
vn 0.0 -0.8875 0.4606
vn -0.4653 -0.7856 0.4077
vn 0.0 -0.8875 0.4606
vn 0.0 0.0 1.0
vn 0.4653 -0.7856 0.4077
vn 0.4653 -0.7856 0.4077
vn 0.2773 -0.46809998 0.83889997
vn -0.7521 0.0 0.65889996
vn -0.4653 0.7856 0.4077
vn -0.7521 0.0 0.65889996
vn -0.4653 0.7856 0.4077
vn 0.4653 -0.7856 0.4077
vn 0.0 0.0 1.0
vn -0.4653 0.7856 0.4077
vn -0.7521 0.0 0.65889996
vn -0.2773 0.46809998 0.83889997
vn -0.45619997 0.0 0.88979995
vn 0.4653 0.7856 0.4077
vn 0.4653 0.7856 0.4077
vn 0.0 0.0 1.0
vn 0.0 0.0 1.0
vn 0.2773 0.46809998 0.83889997
vn -0.4653 -0.7856 0.4077
vn -0.2773 -0.46809998 0.83889997
vn 0.4653 0.7856 0.4077
vn -0.4653 -0.7856 0.4077
vn -0.4653 -0.7856 0.4077
vn 0.1352 -0.0018999999 -0.99079996
vn 0.45229998 0.2628 -0.8522
vn 0.0 -0.0077 -0.9999
vn -0.0032 0.53639996 -0.84389997
vn 0.1352 0.0056 -0.99069995
vn 0.45589998 -0.2522 -0.85349995
vn 0.0 0.0077 -0.9999
vn 0.0032 -0.53639996 -0.84389997
vn -0.1352 0.0018999999 -0.99079996
vn -0.45229998 -0.2628 -0.8522
vn -0.45589998 0.2522 -0.85349995
vn -0.1352 -0.0056 -0.99069995
vn 0.0 0.0 -1.0
vn 0.0056 -0.96239996 -0.2715
vn 0.7621 -0.5287 -0.3735
vn 0.7524 0.5442 -0.3709
vn -0.7524 -0.5442 -0.3709
vn -0.7621 0.5287 -0.3735
vn -0.0056 0.96239996 -0.2715
vn 0.7617 -0.5293 -0.3735
vn 0.0056 -0.96239996 -0.2712
vn 0.7615 -0.52959996 -0.37359998
vn 0.0056 -0.9625 -0.27109998
vn 0.7517 0.54499996 -0.37109998
vn 0.752 0.54469997 -0.371
vn -0.0056 0.9625 -0.27109998
vn -0.0056 0.96239996 -0.2712
vn -0.752 -0.54469997 -0.371
vn -0.7517 -0.54499996 -0.37109998
vn -0.7615 0.52959996 -0.37359998
vn -0.7617 0.5293 -0.3735
vn 0.4653 -0.7856 -0.4077
vn 0.7521 0.0 -0.65889996
vn 0.4653 -0.7856 -0.4077
vn 0.7521 0.0 -0.65889996
vn 0.45619997 0.0 -0.88979995
vn 0.2773 -0.46809998 -0.83889997
vn -0.4653 0.7856 -0.4077
vn 0.0 0.8875 -0.4606
vn 0.0 0.8875 -0.4606
vn -0.4653 0.7856 -0.4077
vn 0.0 0.8875 -0.4606
vn -0.4653 0.7856 -0.4077
vn 0.4653 -0.7856 -0.4077
vn 0.7521 0.0 -0.65889996
vn -0.2773 0.46809998 -0.83889997
vn 0.0 0.6544 -0.7561
vn 0.4653 0.7856 -0.4077
vn 0.4653 0.7856 -0.4077
vn 0.2773 0.46809998 -0.83889997
vn 0.4653 0.7856 -0.4077
vn -0.4653 -0.7856 -0.4077
vn 0.0 -0.8875 -0.4606
vn -0.2773 -0.46809998 -0.83889997
vn 0.0 -0.6544 -0.7561
vn -0.4653 -0.7856 -0.4077
vn -0.4653 -0.7856 -0.4077
vn 0.0 -0.8875 -0.4606
vn 0.0 -0.8875 -0.4606
vn 0.0 0.0 -1.0
vn 0.4653 -0.7856 -0.4077
vn 0.4653 -0.7856 -0.4077
vn 0.2773 -0.46809998 -0.83889997
vn -0.4653 0.7856 -0.4077
vn -0.7521 0.0 -0.65889996
vn -0.4653 0.7856 -0.4077
vn -0.7521 0.0 -0.65889996
vn 0.4653 -0.7856 -0.4077
vn 0.0 0.0 -1.0
vn -0.4653 0.7856 -0.4077
vn -0.7521 0.0 -0.65889996
vn -0.2773 0.46809998 -0.83889997
vn -0.45619997 0.0 -0.88979995
vn 0.4653 0.7856 -0.4077
vn 0.4653 0.7856 -0.4077
vn 0.0 0.0 -1.0
vn 0.0 0.0 -1.0
vn 0.2773 0.46809998 -0.83889997
vn -0.2773 -0.46809998 -0.83889997
vn -0.4653 -0.7856 -0.4077
vn 0.4653 0.7856 -0.4077
vn -0.4653 -0.7856 -0.4077
vn -0.4653 -0.7856 -0.4077
# 1108 vertex normals

vt 0.211892 0.001115 0.0
vt 0.210959 0.171028 0.0
vt 0.21022 9.59E-4 0.0
vt 0.211892 0.171115 0.0
vt 0.199999 0.17 0.0
vt 0.201671 1.56E-4 0.0
vt 0.199999 0.0 0.0
vt 0.200933 0.170087 0.0
vt -0.0109 0.338977 0.0
vt -0.009893 0.509071 0.0
vt -0.011892 0.508884 0.0
vt -0.011892 0.338884 0.0
vt 0.0 0.51 0.0
vt -0.001998 0.509812 0.0
vt 0.0 0.34 0.0
vt -9.91E-4 0.339907 0.0
vt -0.009477 0.001116 0.0
vt -0.008733 0.171028 0.0
vt -0.008145 9.59E-4 0.0
vt -0.009477 0.171116 0.0
vt 0.0 0.0 0.0
vt -7.43E-4 0.170087 0.0
vt 0.0 0.17 0.0
vt -0.001332 1.56E-4 0.0
vt 0.207012 0.353001 0.0
vt 0.20765 0.354184 0.0
vt 0.206364 0.5218 0.0
vt 0.20765 0.524184 0.0
vt 0.200637 0.341182 0.0
vt 0.199999 0.34 0.0
vt 0.199999 0.51 0.0
vt 0.201285 0.512383 0.0
vt 0.195908 0.17 0.0
vt 0.195908 0.0 0.0
vt 0.112097 0.17 0.0
vt 0.109652996 0.0 0.0
vt 0.195908 0.34 0.0
vt 0.195908 0.51 0.0
vt 0.107984 0.51 0.0
vt 0.112097 0.34 0.0
vt 0.195908 0.34 0.0
vt 0.195908 0.51 0.0
vt 0.199999 0.34 0.0
vt 0.199999 0.51 0.0
vt 0.107984 0.51 0.0
vt 0.112097 0.34 0.0
vt 0.195908 0.0 0.0
vt 0.199999 0.0 0.0
vt 0.195908 0.17 0.0
vt 0.199999 0.17 0.0
vt 0.112097 0.17 0.0
vt 0.109652996 0.0 0.0
vt 0.20231 0.517352 0.0
vt 0.204325 0.519668 0.0
vt 0.207002 0.518043 0.0
vt 0.208417 0.519668 0.0
vt 0.116401 0.519668 0.0
vt 0.113098 0.517008 0.0
vt 0.197924 0.512315 0.0
vt 0.109312 0.512659 0.0
vt 0.201414 0.511624 0.0
vt 0.090346 0.0 0.0
vt 0.087900996 0.17 0.0
vt 0.003683 0.0 0.0
vt 0.003683 0.17 0.0
vt 0.087900996 0.34 0.0
vt 0.003683 0.34 0.0
vt 0.092014 0.51 0.0
vt 0.003683 0.51 0.0
vt -0.001173 0.522914 0.0
vt 0.085626 0.526985 0.0
vt 0.088372 0.522312 0.0
vt -0.002704 0.526985 0.0
vt -0.005314 0.52413 0.0
vt -0.006388 0.526985 0.0
vt 0.087900996 0.17 0.0
vt 0.090346 0.0 0.0
vt 0.003683 0.17 0.0
vt 0.003683 0.0 0.0
vt 0.0 0.0 0.0
vt 0.0 0.17 0.0
vt -0.001073 0.512854 0.0
vt 0.002152 0.51407 0.0
vt 0.091245 0.514673 0.0
vt 0.092014 0.51 0.0
vt 0.003683 0.34 0.0
vt 0.003683 0.51 0.0
vt 0.087900996 0.34 0.0
vt 0.0 0.51 0.0
vt 0.0 0.34 0.0
vt 0.099999 0.0 0.0
vt 0.099999 0.17 0.0
vt 0.099999 0.34 0.0
vt 0.099999 0.51 0.0
vt 0.099999 0.34 0.0
vt 0.099999 0.51 0.0
vt 0.108417 0.519668 0.0
vt 0.105978 0.516866 0.0
vt 0.093611 0.526985 0.0
vt 0.095462 0.522064 0.0
vt 0.102438 0.512801 0.0
vt 0.098149 0.514921 0.0
vt 0.099999 0.0 0.0
vt 0.099999 0.17 0.0
vt 0.20526999 4.94E-4 0.0
vt 0.205153 0.170483 0.0
vt 0.206621 6.21E-4 0.0
vt 0.206738 0.170632 0.0
vt -0.002859 0.517601 0.0
vt 7.52E-4 0.517793 0.0
vt 2.26E-4 0.519191 0.0
vt -0.003529 0.519383 0.0
vt 0.203321 0.346158 0.0
vt 0.203423 0.516347 0.0
vt 0.204328 0.348026 0.0
vt 0.204226 0.517836 0.0
vt -0.005322 0.5095 0.0
vt -0.005162 0.339515 0.0
vt -0.006729 0.339368 0.0
vt -0.006569 0.509383 0.0
vt 0.110824 0.515177 0.0
vt 0.104208 0.514834 0.0
vt 0.110225 0.51449 0.0
vt 0.19977 0.514435 0.0
vt 0.200463 0.515232 0.0
vt -0.005277 6.21E-4 0.0
vt -0.00537 0.170632 0.0
vt -0.004107 0.170483 0.0
vt -0.0042 4.94E-4 0.0
vt 0.090716 0.517889 0.0
vt 0.090262 0.519096 0.0
vt 0.096805 0.518492 0.0
vt 0.0 0.0 0.0
vt 0.20465 0.515341 0.0
vt 0.203766 0.514326 0.0
vt 0.203825 0.517092 0.0
vt 0.203825 0.347092 0.0
vt 0.110396996 0.514834 0.0
vt 0.200117 0.514834 0.0
vt 0.090617 0.518492 0.0
vt 4.89E-4 0.518492 0.0
vt -0.003194 0.518492 0.0
vt 0.205946 5.57E-4 0.0
vt 0.205946 0.17055699 0.0
vt -0.005946 0.33944198 0.0
vt -0.005946 0.509442 0.0
vt -0.0047379998 0.170558 0.0
vt -0.0047379998 5.58E-4 0.0
vt 0.204208 0.514834 0.0
vt 0.112097 0.255 0.0
vt 0.099999 0.255 0.0
vt 0.195908 0.255 0.0
vt 0.199999 0.255 0.0
vt 0.195908 0.255 0.0
vt 0.200984 0.339999 0.0
vt 0.205121 0.254999 0.0
vt 0.205126 0.339999 0.0
vt 0.200955 0.254999 0.0
vt 0.200926 0.169999 0.0
vt 0.205117 0.169999 0.0
vt -0.0108239995 0.339999 0.0
vt -0.011808 0.254999 0.0
vt -0.010852 0.254999 0.0
vt -0.011808 0.339999 0.0
vt -0.010881 0.169999 0.0
vt -0.011808 0.169999 0.0
vt -9.55E-4 0.254999 0.0
vt -9.26E-4 0.169999 0.0
vt 0.0 0.255 0.0
vt -9.84E-4 0.339999 0.0
vt 0.112097 0.255 0.0
vt 0.099999 0.255 0.0
vt 0.003683 0.255 0.0
vt -0.006686 0.254999 0.0
vt -0.006681 0.339999 0.0
vt -0.00669 0.169999 0.0
vt 0.087900996 0.255 0.0
vt 0.199999 0.255 0.0
vt 0.20590399 0.254999 0.0
vt 0.20590399 0.339999 0.0
vt 0.20590399 0.169999 0.0
vt 0.206686 0.254999 0.0
vt 0.20669 0.169999 0.0
vt 0.206681 0.339999 0.0
vt 0.210881 0.169999 0.0
vt 0.211808 0.254999 0.0
vt 0.211808 0.169999 0.0
vt 0.210852 0.254999 0.0
vt 0.210823 0.339999 0.0
vt 0.211808 0.339999 0.0
vt -0.005904 0.254999 0.0
vt -0.005904 0.339999 0.0
vt -0.005904 0.169999 0.0
vt -0.005122 0.254999 0.0
vt -0.005117 0.169999 0.0
vt -0.005126 0.339999 0.0
vt 0.087900996 0.255 0.0
vt 0.003683 0.255 0.0
vt 0.0 0.255 0.0
vt 0.1025 -0.03 0.0
vt 0.1025 -0.02671 0.0
vt 0.0 -0.03 0.0
vt 0.0 -0.02671 0.0
vt 0.0 -0.02671 0.0
vt 0.0 -0.03 0.0
vt 0.1025 -0.02671 0.0
vt 0.1025 -0.03 0.0
vt 0.1025 -0.03 0.0
vt 0.205 -0.02671 0.0
vt 0.1025 -0.02671 0.0
vt 0.205 -0.03 0.0
vt 0.205 -0.03 0.0
vt 0.1025 -0.02671 0.0
vt 0.205 -0.02671 0.0
vt 0.1025 -0.03 0.0
vt 0.1025 0.0 0.0
vt 0.1025 -0.002858 0.0
vt 0.0 0.0 0.0
vt 0.0 -0.002858 0.0
vt 0.205 0.0 0.0
vt 0.1025 -0.002858 0.0
vt 0.1025 0.0 0.0
vt 0.205 -0.002858 0.0
vt 0.1025 0.0 0.0
vt 0.205 0.0 0.0
vt 0.1025 -0.002858 0.0
vt 0.205 -0.002858 0.0
vt 0.1025 0.0 0.0
vt 0.0 0.0 0.0
vt 0.1025 -0.002858 0.0
vt 0.0 -0.002858 0.0
vt 0.02671 -0.057477 0.0
vt 0.03 -0.06 0.0
vt 0.02671 -0.06 0.0
vt 0.03 -0.057477 0.0
vt 0.02671 -0.03 0.0
vt 0.03 -0.03 0.0
vt 0.1025 -0.06 0.0
vt 0.1025 -0.057477 0.0
vt 0.0 -0.06 0.0
vt 0.0 -0.057477 0.0
vt 0.0 -0.03 0.0
vt 0.1025 -0.03 0.0
vt 0.1025 -0.06 0.0
vt 0.1025 -0.057477 0.0
vt 0.205 -0.057477 0.0
vt 0.205 -0.06 0.0
vt 0.205 -0.03 0.0
vt 0.205 -0.03 0.0
vt 0.1025 -0.03 0.0
vt 0.205 -0.057477 0.0
vt 0.1025 -0.057477 0.0
vt 0.205 -0.06 0.0
vt 0.1025 -0.06 0.0
vt 0.0 -0.03 0.0
vt 0.0 -0.057477 0.0
vt 0.002858 -0.03 0.0
vt 0.002858 -0.057477 0.0
vt 0.002858 -0.06 0.0
vt 0.0 -0.06 0.0
vt 0.003289 -0.057477 0.0
vt 0.003289 -0.03 0.0
vt 0.0 -0.03 0.0
vt 0.0 -0.057477 0.0
vt 0.0 -0.06 0.0
vt 0.003289 -0.06 0.0
vt 0.0 -0.03 0.0
vt 0.1025 -0.057477 0.0
vt 0.0 -0.057477 0.0
vt 0.1025 -0.06 0.0
vt 0.0 -0.06 0.0
vt 0.027141 -0.06 0.0
vt 0.027141 -0.057477 0.0
vt 0.03 -0.06 0.0
vt 0.03 -0.057477 0.0
vt 0.027141 -0.03 0.0
vt 0.03 -0.03 0.0
vt 0.003289 -0.002958 0.0
vt 0.0 0.0 0.0
vt 0.0 -0.002958 0.0
vt 0.003289 0.0 0.0
vt 0.003289 -0.03 0.0
vt 0.0 -0.03 0.0
vt 0.205 -0.002958 0.0
vt 0.1025 -0.002958 0.0
vt 0.205 -0.03 0.0
vt 0.205 0.0 0.0
vt 0.1025 0.0 0.0
vt 0.0 -0.03 0.0
vt 0.1025 -0.002958 0.0
vt 0.0 -0.002958 0.0
vt 0.0 0.0 0.0
vt 0.1025 0.0 0.0
vt 0.027141 -0.002958 0.0
vt 0.027141 -0.03 0.0
vt 0.03 -0.03 0.0
vt 0.03 -0.002958 0.0
vt 0.027141 0.0 0.0
vt 0.03 0.0 0.0
vt 0.02671 -0.03 0.0
vt 0.03 -0.002958 0.0
vt 0.02671 -0.002958 0.0
vt 0.03 -0.03 0.0
vt 0.02671 0.0 0.0
vt 0.03 0.0 0.0
vt 0.1025 -0.002958 0.0
vt 0.1025 0.0 0.0
vt 0.205 0.0 0.0
vt 0.205 -0.002958 0.0
vt 0.205 -0.03 0.0
vt 0.0 0.0 0.0
vt 0.002858 -0.002958 0.0
vt 0.002858 0.0 0.0
vt 0.0 -0.002958 0.0
vt 0.0 -0.03 0.0
vt 0.002858 -0.03 0.0
vt 0.1025 0.0 0.0
vt 0.1025 -0.002958 0.0
vt 0.0 -0.002958 0.0
vt 0.0 0.0 0.0
vt 0.0 -0.03 0.0
vt 0.1025 -0.014784 0.0
vt 0.0 -0.014784 0.0
vt 0.1025 -0.014784 0.0
vt 0.205 -0.014784 0.0
vt 0.015215 -0.057477 0.0
vt 0.015215 -0.03 0.0
vt 0.014784 -0.057477 0.0
vt 0.014784 -0.03 0.0
vt 0.015215 -0.002958 0.0
vt 0.015215 -0.03 0.0
vt 0.014784 -0.06 0.0
vt 0.1025 -0.014784 0.0
vt 0.205 -0.014784 0.0
vt 0.1025 -0.014784 0.0
vt 0.0 -0.014784 0.0
vt 0.015215 -0.06 0.0
vt 0.014784 -0.03 0.0
vt 0.014784 -0.002958 0.0
vt 0.014784 0.0 0.0
vt 0.015215 0.0 0.0
vt 0.014704 0.094552 0.0
vt 0.0 0.094552 0.0
vt 0.0 0.076514 0.0
vt 0.014704 0.076514 0.0
vt 0.029408 0.076514 0.0
vt 0.029408 0.094552 0.0
vt 0.044113 0.076514 0.0
vt 0.044113 0.094552 0.0
vt 0.058817 0.094552 0.0
vt 0.058817 0.076514 0.0
vt 0.073522 0.076514 0.0
vt 0.073522 0.094552 0.0
vt 0.088226 0.076514 0.0
vt 0.088226 0.094552 0.0
vt 0.102931 0.076514 0.0
vt 0.102931 0.094552 0.0
vt 0.117635 0.094552 0.0
vt 0.117635 0.076514 0.0
vt 0.13234 0.076514 0.0
vt 0.13234 0.094552 0.0
vt 0.147044 0.076514 0.0
vt 0.147044 0.094552 0.0
vt 0.161748 0.076514 0.0
vt 0.161748 0.094552 0.0
vt 0.176453 0.076514 0.0
vt 0.176453 0.094552 0.0
vt 0.014704 0.133537 0.0
vt 0.014704 0.151575 0.0
vt 0.0 0.151575 0.0
vt 0.0 0.133537 0.0
vt 0.029408 0.133537 0.0
vt 0.029408 0.151575 0.0
vt 0.044113 0.133537 0.0
vt 0.044113 0.151575 0.0
vt 0.058817 0.133537 0.0
vt 0.058817 0.151575 0.0
vt 0.073522 0.133537 0.0
vt 0.073522 0.151575 0.0
vt 0.088226 0.151575 0.0
vt 0.088226 0.133537 0.0
vt 0.102931 0.133537 0.0
vt 0.102931 0.151575 0.0
vt 0.117635 0.133537 0.0
vt 0.117635 0.151575 0.0
vt 0.13234 0.133537 0.0
vt 0.13234 0.151575 0.0
vt 0.147044 0.133537 0.0
vt 0.147044 0.151575 0.0
vt 0.161748 0.151575 0.0
vt 0.161748 0.133537 0.0
vt 0.176453 0.151575 0.0
vt 0.176453 0.133537 0.0
vt 0.0 0.208597 0.0
vt 0.0 0.190559 0.0
vt 0.014704 0.190559 0.0
vt 0.014704 0.208597 0.0
vt 0.029408 0.208597 0.0
vt 0.029408 0.190559 0.0
vt 0.044113 0.190559 0.0
vt 0.044113 0.208597 0.0
vt 0.058817 0.190559 0.0
vt 0.058817 0.208597 0.0
vt 0.073522 0.208597 0.0
vt 0.073522 0.190559 0.0
vt 0.088226 0.190559 0.0
vt 0.088226 0.208597 0.0
vt 0.102931 0.190559 0.0
vt 0.102931 0.208597 0.0
vt 0.117635 0.190559 0.0
vt 0.117635 0.208597 0.0
vt 0.13234 0.190559 0.0
vt 0.13234 0.208597 0.0
vt 0.147044 0.190559 0.0
vt 0.147044 0.208597 0.0
vt 0.161748 0.190559 0.0
vt 0.161748 0.208597 0.0
vt 0.176453 0.208597 0.0
vt 0.176453 0.190559 0.0
vt 0.0 0.285112 0.0
vt 0.0 0.280074 0.0
vt 0.014704 0.285112 0.0
vt 0.014704 0.280074 0.0
vt 0.029408 0.285112 0.0
vt 0.029408 0.280074 0.0
vt 0.044113 0.285112 0.0
vt 0.044113 0.280074 0.0
vt 0.058817 0.280074 0.0
vt 0.058817 0.285112 0.0
vt 0.176453 0.285112 0.0
vt 0.161748 0.285112 0.0
vt 0.176453 0.280074 0.0
vt 0.161748 0.280074 0.0
vt 0.073522 0.280074 0.0
vt 0.088226 0.285112 0.0
vt 0.073522 0.285112 0.0
vt 0.088226 0.280074 0.0
vt 0.117635 0.280074 0.0
vt 0.117635 0.285112 0.0
vt 0.13234 0.285112 0.0
vt 0.13234 0.280074 0.0
vt 0.102931 0.280074 0.0
vt 0.102931 0.285112 0.0
vt 0.147044 0.285112 0.0
vt 0.147044 0.280074 0.0
vt 0.5 -0.5 0.0
vt 0.511188 -0.519378 0.0
vt 0.5 -0.522376 0.0
vt 0.5 -0.528083 0.0
vt 0.514041 -0.52432 0.0
vt 0.511188 -0.480621 0.0
vt 0.5 -0.477623 0.0
vt 0.5 -0.471916 0.0
vt 0.514041 -0.475679 0.0
vt 0.488811 -0.480621 0.0
vt 0.480621 -0.488811 0.0
vt 0.475679 -0.485958 0.0
vt 0.485958 -0.475679 0.0
vt 0.488811 -0.519378 0.0
vt 0.480621 -0.511188 0.0
vt 0.475679 -0.514041 0.0
vt 0.485958 -0.52432 0.0
vt 0.519378 -0.488811 0.0
vt 0.522376 -0.5 0.0
vt 0.528083 -0.5 0.0
vt 0.52432 -0.485958 0.0
vt 0.519378 -0.511188 0.0
vt 0.52432 -0.514041 0.0
vt 0.477623 -0.5 0.0
vt 0.471916 -0.5 0.0
vt 0.029408 0.226687 0.0
vt 0.014704 0.226687 0.0
vt 0.014704 0.229492 0.0
vt 0.014704 0.247582 0.0
vt 0.029408 0.229492 0.0
vt 0.029408 0.247582 0.0
vt 0.014704 0.115447 0.0
vt 0.029408 0.115447 0.0
vt 0.014704 0.112642 0.0
vt 0.029408 0.112642 0.0
vt 0.014704 0.058424 0.0
vt 0.029408 0.058424 0.0
vt 0.029408 0.169665 0.0
vt 0.014704 0.169665 0.0
vt 0.029408 0.172469 0.0
vt 0.014704 0.172469 0.0
vt 0.044113 0.229492 0.0
vt 0.044113 0.247582 0.0
vt 0.044113 0.226687 0.0
vt 0.147044 0.229492 0.0
vt 0.161748 0.247582 0.0
vt 0.161748 0.229492 0.0
vt 0.147044 0.247582 0.0
vt 0.161748 0.226687 0.0
vt 0.147044 0.226687 0.0
vt 0.102931 0.058424 0.0
vt 0.117635 0.058424 0.0
vt 0.058817 0.112642 0.0
vt 0.044113 0.112642 0.0
vt 0.044113 0.115447 0.0
vt 0.058817 0.115447 0.0
vt 0.102931 0.172469 0.0
vt 0.088226 0.172469 0.0
vt 0.102931 0.169665 0.0
vt 0.088226 0.169665 0.0
vt 0.176453 0.172469 0.0
vt 0.161748 0.172469 0.0
vt 0.176453 0.169665 0.0
vt 0.161748 0.169665 0.0
vt 0.0 0.229492 0.0
vt 0.0 0.247582 0.0
vt 0.0 0.226687 0.0
vt 0.13234 0.226687 0.0
vt 0.13234 0.247582 0.0
vt 0.13234 0.229492 0.0
vt 0.13234 0.058424 0.0
vt 0.044113 0.169665 0.0
vt 0.044113 0.172469 0.0
vt 0.147044 0.058424 0.0
vt 0.161748 0.058424 0.0
vt 0.044113 0.058424 0.0
vt 0.058817 0.058424 0.0
vt 0.073522 0.172469 0.0
vt 0.073522 0.169665 0.0
vt 0.161748 0.112642 0.0
vt 0.147044 0.112642 0.0
vt 0.161748 0.115447 0.0
vt 0.147044 0.115447 0.0
vt 0.176453 0.058424 0.0
vt 0.13234 0.169665 0.0
vt 0.147044 0.169665 0.0
vt 0.147044 0.172469 0.0
vt 0.13234 0.172469 0.0
vt 0.117635 0.169665 0.0
vt 0.117635 0.172469 0.0
vt 0.0 0.169665 0.0
vt 0.0 0.172469 0.0
vt 0.088226 0.058424 0.0
vt 0.058817 0.226687 0.0
vt 0.058817 0.247582 0.0
vt 0.058817 0.229492 0.0
vt 0.102931 0.112642 0.0
vt 0.088226 0.112642 0.0
vt 0.088226 0.115447 0.0
vt 0.102931 0.115447 0.0
vt 0.117635 0.115447 0.0
vt 0.13234 0.115447 0.0
vt 0.13234 0.112642 0.0
vt 0.117635 0.112642 0.0
vt 0.088226 0.226687 0.0
vt 0.073522 0.226687 0.0
vt 0.088226 0.247582 0.0
vt 0.073522 0.247582 0.0
vt 0.073522 0.229492 0.0
vt 0.088226 0.229492 0.0
vt 0.176453 0.226687 0.0
vt 0.176453 0.229492 0.0
vt 0.176453 0.247582 0.0
vt 0.073522 0.112642 0.0
vt 0.073522 0.115447 0.0
vt 0.102931 0.247582 0.0
vt 0.117635 0.229492 0.0
vt 0.117635 0.247582 0.0
vt 0.102931 0.229492 0.0
vt 0.117635 0.226687 0.0
vt 0.102931 0.226687 0.0
vt 0.0 0.058424 0.0
vt 0.0 0.115447 0.0
vt 0.0 0.112642 0.0
vt 0.058817 0.172469 0.0
vt 0.058817 0.169665 0.0
vt 0.073522 0.058424 0.0
vt 0.176453 0.112642 0.0
vt 0.176453 0.115447 0.0
vt 0.029408 0.057022 0.0
vt 0.014704 0.057022 0.0
vt 0.014704 0.05562 0.0
vt 0.029408 0.05562 0.0
vt 0.102931 0.228089 0.0
vt 0.088226 0.228089 0.0
vt 0.073522 0.171067 0.0
vt 0.088226 0.171067 0.0
vt 0.102931 0.114044 0.0
vt 0.117635 0.114044 0.0
vt 0.117635 0.057022 0.0
vt 0.117635 0.05562 0.0
vt 0.102931 0.05562 0.0
vt 0.102931 0.057022 0.0
vt 0.058817 0.171067 0.0
vt 0.058817 0.114044 0.0
vt 0.044113 0.114044 0.0
vt 0.044113 0.228089 0.0
vt 0.058817 0.228089 0.0
vt 0.102931 0.171067 0.0
vt 0.117635 0.171067 0.0
vt 0.029408 0.228089 0.0
vt 0.014704 0.228089 0.0
vt 0.176453 0.171067 0.0
vt 0.161748 0.171067 0.0
vt 0.029408 0.114044 0.0
vt 0.13234 0.057022 0.0
vt 0.147044 0.057022 0.0
vt 0.13234 0.05562 0.0
vt 0.147044 0.05562 0.0
vt 0.161748 0.228089 0.0
vt 0.147044 0.228089 0.0
vt 0.058817 0.057022 0.0
vt 0.073522 0.057022 0.0
vt 0.058817 0.05562 0.0
vt 0.073522 0.05562 0.0
vt 0.13234 0.114044 0.0
vt 0.044113 0.171067 0.0
vt 0.029408 0.171067 0.0
vt 0.073522 0.228089 0.0
vt 0.117635 0.228089 0.0
vt 0.13234 0.228089 0.0
vt 0.088226 0.05562 0.0
vt 0.088226 0.057022 0.0
vt 0.044113 0.057022 0.0
vt 0.044113 0.05562 0.0
vt 0.161748 0.057022 0.0
vt 0.161748 0.05562 0.0
vt 0.147044 0.171067 0.0
vt 0.13234 0.171067 0.0
vt 0.073522 0.114044 0.0
vt 0.147044 0.114044 0.0
vt 0.176453 0.228089 0.0
vt 0.176453 0.057022 0.0
vt 0.176453 0.05562 0.0
vt 0.0 0.228089 0.0
vt 0.176453 0.114044 0.0
vt 0.161748 0.114044 0.0
vt 0.014704 0.171067 0.0
vt 0.0 0.114044 0.0
vt 0.014704 0.114044 0.0
vt 0.088226 0.114044 0.0
vt 0.0 0.171067 0.0
vt 0.0 0.057022 0.0
vt 0.0 0.05562 0.0
vt 0.014704 0.263828 0.0
vt 0.0 0.263828 0.0
vt 0.029408 0.263828 0.0
vt 0.147044 0.263828 0.0
vt 0.13234 0.263828 0.0
vt 0.058817 0.263828 0.0
vt 0.073522 0.263828 0.0
vt 0.117635 0.263828 0.0
vt 0.161748 0.263828 0.0
vt 0.044113 0.263828 0.0
vt 0.102931 0.263828 0.0
vt 0.088226 0.263828 0.0
vt 0.176453 0.263828 0.0
vt 0.058817 0.005037 0.0
vt 0.073522 0.008424 0.0
vt 0.058817 0.008424 0.0
vt 0.073522 0.005037 0.0
vt 0.044113 0.005037 0.0
vt 0.044113 0.008424 0.0
vt 0.088226 0.008424 0.0
vt 0.088226 0.005037 0.0
vt 0.102931 0.008424 0.0
vt 0.102931 0.005037 0.0
vt 0.014704 0.008424 0.0
vt 0.0 0.005037 0.0
vt 0.0 0.008424 0.0
vt 0.014704 0.005037 0.0
vt 0.147044 0.008424 0.0
vt 0.13234 0.005037 0.0
vt 0.147044 0.005037 0.0
vt 0.13234 0.008424 0.0
vt 0.029408 0.008424 0.0
vt 0.029408 0.005037 0.0
vt 0.117635 0.005037 0.0
vt 0.117635 0.008424 0.0
vt 0.161748 0.008424 0.0
vt 0.161748 0.005037 0.0
vt 0.176453 0.005037 0.0
vt 0.176453 0.008424 0.0
vt 0.073522 0.035332 0.0
vt 0.058817 0.03753 0.0
vt 0.058817 0.035332 0.0
vt 0.073522 0.03753 0.0
vt 0.044113 0.03753 0.0
vt 0.044113 0.035332 0.0
vt 0.147044 0.035332 0.0
vt 0.147044 0.03753 0.0
vt 0.13234 0.035332 0.0
vt 0.13234 0.03753 0.0
vt 0.161748 0.03753 0.0
vt 0.161748 0.035332 0.0
vt 0.176453 0.035332 0.0
vt 0.176453 0.03753 0.0
vt 0.029408 0.035332 0.0
vt 0.029408 0.03753 0.0
vt 0.102931 0.03753 0.0
vt 0.117635 0.035332 0.0
vt 0.102931 0.035332 0.0
vt 0.117635 0.03753 0.0
vt 0.088226 0.03753 0.0
vt 0.088226 0.035332 0.0
vt 0.014704 0.035332 0.0
vt 0.0 0.035332 0.0
vt 0.0 0.03753 0.0
vt 0.014704 0.03753 0.0
vt 0.058817 0.038818 0.0
vt 0.058817 0.03753 0.0
vt 0.073522 0.038818 0.0
vt 0.073522 0.03753 0.0
vt 0.044113 0.03753 0.0
vt 0.044113 0.038818 0.0
vt 0.014704 0.03753 0.0
vt 0.029408 0.038818 0.0
vt 0.014704 0.038818 0.0
vt 0.029408 0.03753 0.0
vt 0.13234 0.038818 0.0
vt 0.13234 0.03753 0.0
vt 0.117635 0.038818 0.0
vt 0.117635 0.03753 0.0
vt 0.102931 0.038818 0.0
vt 0.088226 0.038818 0.0
vt 0.102931 0.03753 0.0
vt 0.088226 0.03753 0.0
vt 0.0 0.03753 0.0
vt 0.0 0.038818 0.0
vt 0.147044 0.038818 0.0
vt 0.147044 0.03753 0.0
vt 0.161748 0.03753 0.0
vt 0.176453 0.03753 0.0
vt 0.161748 0.038818 0.0
vt 0.176453 0.038818 0.0
vt 0.048888 0.0 0.0
vt 0.048888 -0.014941 0.0
vt 0.04652 0.0 0.0
vt 0.04652 -0.014537 0.0
vt 0.09304 -0.014537 0.0
vt 0.090671 -0.014941 0.0
vt 0.09304 0.0 0.0
vt 0.090671 0.0 0.0
vt 0.048888 -0.014132 0.0
vt 0.048888 -0.029478 0.0
vt 0.04652 -0.014537 0.0
vt 0.04652 -0.029074 0.0
vt 0.09304 -0.014537 0.0
vt 0.090671 -0.014132 0.0
vt 0.090671 -0.029478 0.0
vt 0.09304 -0.029074 0.0
vt 0.048888 -0.02867 0.0
vt 0.048888 -0.044015 0.0
vt 0.04652 -0.043611 0.0
vt 0.04652 -0.029074 0.0
vt 0.09304 -0.043611 0.0
vt 0.090671 -0.02867 0.0
vt 0.09304 -0.029074 0.0
vt 0.090671 -0.044015 0.0
vt 0.048888 -0.043207 0.0
vt 0.04652 -0.058148 0.0
vt 0.048888 -0.058148 0.0
vt 0.04652 -0.043611 0.0
vt 0.09304 -0.043611 0.0
vt 0.090671 -0.058148 0.0
vt 0.09304 -0.058148 0.0
vt 0.090671 -0.043207 0.0
vt 0.04652 -0.072685 0.0
vt 0.048888 -0.073088996 0.0
vt 0.090671 -0.073088996 0.0
vt 0.09304 -0.072685 0.0
vt 0.04652 -0.087222 0.0
vt 0.04652 -0.072685 0.0
vt 0.048888 -0.072281 0.0
vt 0.048888 -0.087222 0.0
vt 0.09304 -0.087222 0.0
vt 0.090671 -0.072281 0.0
vt 0.09304 -0.072685 0.0
vt 0.090671 -0.087222 0.0
vt 0.04652 -0.101759 0.0
vt 0.048888 -0.102163 0.0
vt 0.090671 -0.102163 0.0
vt 0.09304 -0.101759 0.0
vt 0.04652 -0.101759 0.0
vt 0.04652 -0.116296 0.0
vt 0.048888 -0.101355 0.0
vt 0.048888 -0.116296 0.0
vt 0.090671 -0.101355 0.0
vt 0.090671 -0.116296 0.0
vt 0.09304 -0.101759 0.0
vt 0.09304 -0.116296 0.0
vt 0.048888 -0.131237 0.0
vt 0.04652 -0.130833 0.0
vt 0.09304 -0.130833 0.0
vt 0.090671 -0.131237 0.0
vt 0.048888 -0.130429 0.0
vt 0.048888 -0.14537 0.0
vt 0.04652 -0.130833 0.0
vt 0.04652 -0.14537 0.0
vt 0.090671 -0.14537 0.0
vt 0.09304 -0.130833 0.0
vt 0.09304 -0.14537 0.0
vt 0.090671 -0.130429 0.0
vt 0.04652 -0.159907 0.0
vt 0.048888 -0.159907 0.0
vt 0.09304 -0.159907 0.0
vt 0.090671 -0.159907 0.0
vt 0.066085 -0.127495 0.0
vt 0.066085 -0.14537 0.0
vt 0.073474 -0.127495 0.0
vt 0.073474 -0.14537 0.0
vt 0.066085 -0.032411 0.0
vt 0.066085 -0.011199 0.0
vt 0.073474 -0.011199 0.0
vt 0.073474 -0.032411 0.0
vt 0.073474 -0.017874 0.0
vt 0.073474 0.0 0.0
vt 0.066085 0.0 0.0
vt 0.066085 -0.017874 0.0
vt 0.066085 -0.159907 0.0
vt 0.073474 -0.159907 0.0
vt 0.066085 -0.058148 0.0
vt 0.066085 -0.040273 0.0
vt 0.073474 -0.040273 0.0
vt 0.073474 -0.058148 0.0
vt 0.073474 -0.116296 0.0
vt 0.073474 -0.098421 0.0
vt 0.066085 -0.098421 0.0
vt 0.066085 -0.116296 0.0
vt 0.066085 -0.025736 0.0
vt 0.066085 -0.046948 0.0
vt 0.073474 -0.046948 0.0
vt 0.073474 -0.025736 0.0
vt 0.073474 -0.087222 0.0
vt 0.073474 -0.069347 0.0
vt 0.066085 -0.069347 0.0
vt 0.066085 -0.087222 0.0
vt 0.073474 -0.105096 0.0
vt 0.066085 -0.105096 0.0
vt 0.066085 -0.076022 0.0
vt 0.073474 -0.076022 0.0
vt 0.066085 -0.134171 0.0
vt 0.073474 -0.134171 0.0
vt 0.06978 -0.076652996 0.0
vt 0.06978 -0.058148 0.0
vt 0.06978 -0.159907 0.0
vt 0.06978 -0.14537 0.0
vt 0.06978 -0.116296 0.0
vt 0.06978 -0.134801 0.0
vt 0.06978 -0.010569 0.0
vt 0.06978 -0.033041 0.0
vt 0.06978 -0.126865 0.0
vt 0.06978 -0.105727 0.0
vt 0.06978 -0.087222 0.0
vt 0.06978 -0.068717 0.0
vt 0.06978 -0.039643 0.0
vt 0.06978 0.0 0.0
vt 0.06978 -0.018504 0.0
vt 0.06978 -0.047578 0.0
vt 0.06978 -0.025106 0.0
vt 0.06978 -0.097791 0.0
vt 0.010416 -0.022585 0.0
vt 0.011305 -0.04517 0.0
vt 0.011305 -0.022585 0.0
vt 0.010416 -0.04517 0.0
vt 0.012195 -0.04517 0.0
vt 0.012195 -0.022585 0.0
vt 0.033917 -0.04517 0.0
vt 0.033027 -0.04517 0.0
vt 0.033917 -0.022585 0.0
vt 0.033027 -0.022585 0.0
vt 0.034807 -0.022585 0.0
vt 0.034807 -0.04517 0.0
vt 0.011305 -0.065827 0.0
vt 0.010416 -0.065979 0.0
vt 0.012195 -0.065979 0.0
vt 0.033917 -0.069684 0.0
vt 0.033027 -0.069533 0.0
vt 0.034807 -0.069533 0.0
vt 0.011305 -0.088413 0.0
vt 0.010416 -0.088565 0.0
vt 0.011305 -0.069684 0.0
vt 0.010416 -0.069533 0.0
vt 0.012195 -0.088565 0.0
vt 0.012195 -0.069533 0.0
vt 0.033917 -0.065827 0.0
vt 0.033917 -0.09227 0.0
vt 0.033027 -0.092118 0.0
vt 0.033027 -0.065979 0.0
vt 0.034807 -0.065979 0.0
vt 0.034807 -0.092118 0.0
vt 0.011305 -0.09227 0.0
vt 0.010416 -0.092118 0.0
vt 0.011305 -0.110998 0.0
vt 0.010416 -0.11115 0.0
vt 0.012195 -0.11115 0.0
vt 0.012195 -0.092118 0.0
vt 0.033027 -0.114704 0.0
vt 0.033917 -0.114855 0.0
vt 0.033917 -0.088413 0.0
vt 0.033027 -0.088565 0.0
vt 0.034807 -0.114704 0.0
vt 0.034807 -0.088565 0.0
vt 0.011305 -0.114855 0.0
vt 0.010416 -0.135512 0.0
vt 0.011305 -0.135512 0.0
vt 0.010416 -0.114704 0.0
vt 0.012195 -0.114704 0.0
vt 0.012195 -0.135512 0.0
vt 0.033027 -0.11115 0.0
vt 0.033917 -0.110998 0.0
vt 0.033917 -0.135512 0.0
vt 0.033027 -0.135512 0.0
vt 0.034807 -0.11115 0.0
vt 0.034807 -0.135512 0.0
vt 0.011305 -0.156169 0.0
vt 0.010416 -0.156321 0.0
vt 0.012195 -0.156321 0.0
vt 0.033027 -0.159875 0.0
vt 0.033917 -0.160026 0.0
vt 0.034807 -0.159875 0.0
vt 0.011305 -0.160026 0.0
vt 0.010416 -0.180683 0.0
vt 0.011305 -0.180683 0.0
vt 0.010416 -0.159875 0.0
vt 0.012195 -0.159875 0.0
vt 0.012195 -0.180683 0.0
vt 0.033917 -0.180683 0.0
vt 0.033027 -0.156321 0.0
vt 0.033917 -0.156169 0.0
vt 0.033027 -0.180683 0.0
vt 0.034807 -0.180683 0.0
vt 0.034807 -0.156321 0.0
vt 0.011305 -0.20134 0.0
vt 0.010416 -0.201492 0.0
vt 0.012195 -0.201492 0.0
vt 0.033027 -0.205046 0.0
vt 0.033917 -0.205197 0.0
vt 0.034807 -0.205046 0.0
vt 0.001613 -0.113202 0.0
vt 0.001613 -0.135512 0.0
vt 0.04361 -0.112652 0.0
vt 0.04361 -0.135512 0.0
vt 0.024224 -0.068031 0.0
vt 0.024224 -0.04517 0.0
vt 0.020998 -0.067480996 0.0
vt 0.020998 -0.04517 0.0
vt 0.020998 -0.135512 0.0
vt 0.020998 -0.113202 0.0
vt 0.024224 -0.112652 0.0
vt 0.024224 -0.135512 0.0
vt 0.024224 -0.158373 0.0
vt 0.020998 -0.157823 0.0
vt 0.001613 -0.022585 0.0
vt 0.001613 -0.04517 0.0
vt 0.04361 -0.022585 0.0
vt 0.04361 -0.04517 0.0
vt 0.04361 -0.180683 0.0
vt 0.04361 -0.203544 0.0
vt 0.001613 -0.180683 0.0
vt 0.001613 -0.202994 0.0
vt 0.001613 -0.068031 0.0
vt 0.001613 -0.090066 0.0
vt 0.04361 -0.090617 0.0
vt 0.04361 -0.067480996 0.0
vt 0.001613 -0.112652 0.0
vt 0.001613 -0.090617 0.0
vt 0.04361 -0.113202 0.0
vt 0.04361 -0.090066 0.0
vt 0.001613 -0.158373 0.0
vt 0.04361 -0.157823 0.0
vt 0.024224 -0.180683 0.0
vt 0.024224 -0.157823 0.0
vt 0.020998 -0.158373 0.0
vt 0.020998 -0.180683 0.0
vt 0.04361 -0.158373 0.0
vt 0.001613 -0.157823 0.0
vt 0.024224 -0.090066 0.0
vt 0.024224 -0.113202 0.0
vt 0.020998 -0.090617 0.0
vt 0.020998 -0.112652 0.0
vt 0.001613 -0.067480996 0.0
vt 0.04361 -0.068031 0.0
vt 0.020998 -0.202994 0.0
vt 0.024224 -0.203544 0.0
vt 0.020998 -0.068031 0.0
vt 0.020998 -0.090066 0.0
vt 0.024224 -0.067480996 0.0
vt 0.024224 -0.090617 0.0
vt 0.024224 -0.022585 0.0
vt 0.020998 -0.022585 0.0
vt 0.045223 -0.180683 0.0
vt 0.045223 -0.203269 0.0
vt 0.0 -0.180683 0.0
vt 0.0 -0.203269 0.0
vt 0.045223 -0.090341 0.0
vt 0.045223 -0.067756 0.0
vt 0.0 -0.090341 0.0
vt 0.0 -0.067756 0.0
vt 0.022611 -0.180683 0.0
vt 0.022611 -0.203269 0.0
vt 0.022611 -0.135512 0.0
vt 0.022611 -0.158098 0.0
vt 0.0 -0.158098 0.0
vt 0.045223 -0.158098 0.0
vt 0.0 -0.135512 0.0
vt 0.0 -0.112927 0.0
vt 0.045223 -0.135512 0.0
vt 0.045223 -0.112927 0.0
vt 0.0 -0.090341 0.0
vt 0.0 -0.112927 0.0
vt 0.045223 -0.090341 0.0
vt 0.045223 -0.112927 0.0
vt 0.022611 -0.04517 0.0
vt 0.022611 -0.022585 0.0
vt 0.0 -0.158098 0.0
vt 0.045223 -0.158098 0.0
vt 0.022611 -0.112927 0.0
vt 0.022611 -0.090341 0.0
vt 0.022611 -0.090341 0.0
vt 0.022611 -0.067756 0.0
vt 0.022611 -0.067756 0.0
vt 0.022611 -0.112927 0.0
vt 0.0 -0.022585 0.0
vt 0.0 -0.04517 0.0
vt 0.045223 -0.022585 0.0
vt 0.045223 -0.04517 0.0
vt 0.0 -0.067756 0.0
vt 0.045223 -0.067756 0.0
vt 0.022611 -0.158098 0.0
vt 0.024224 -0.224214 0.0
vt 0.033027 -0.201492 0.0
vt 0.033027 -0.224106 0.0
vt 0.024224 -0.202994 0.0
vt 0.033027 -0.225854 0.0
vt 0.024224 -0.225854 0.0
vt 0.022611 -0.224234 0.0
vt 0.020998 -0.225854 0.0
vt 0.022611 -0.225854 0.0
vt 0.020998 -0.224253 0.0
vt 0.020998 -0.203544 0.0
vt 0.022611 -0.203269 0.0
vt 0.001613 -0.224253 0.0
vt 0.001613 -0.203544 0.0
vt 0.010416 -0.205046 0.0
vt 0.010416 -0.224361 0.0
vt 0.001613 -0.225854 0.0
vt 0.010416 -0.225854 0.0
vt 0.04361 -0.224214 0.0
vt 0.04361 -0.225854 0.0
vt 0.034807 -0.224106 0.0
vt 0.034807 -0.225854 0.0
vt 0.04361 -0.202994 0.0
vt 0.034807 -0.201492 0.0
vt 0.033917 -0.224095 0.0
vt 0.033917 -0.20134 0.0
vt 0.033917 -0.225854 0.0
vt 0.012195 -0.224361 0.0
vt 0.012195 -0.225854 0.0
vt 0.012195 -0.205046 0.0
vt 0.011305 -0.205197 0.0
vt 0.011305 -0.224372 0.0
vt 0.011305 -0.225854 0.0
vt 0.045223 -0.225854 0.0
vt 0.045223 -0.224234 0.0
vt 0.045223 -0.203269 0.0
vt 0.0 -0.203269 0.0
vt 0.0 -0.224234 0.0
vt 0.0 -0.225854 0.0
vt 0.024224 0.0 0.0
vt 0.024224 -0.002381 0.0
vt 0.033027 -0.002381 0.0
vt 0.033027 0.0 0.0
vt 0.022611 -0.002381 0.0
vt 0.022611 0.0 0.0
vt 0.04361 -0.002381 0.0
vt 0.034807 -0.002381 0.0
vt 0.034807 0.0 0.0
vt 0.04361 0.0 0.0
vt 0.045223 -0.002381 0.0
vt 0.045223 0.0 0.0
vt 0.011305 -0.002381 0.0
vt 0.012195 -0.002381 0.0
vt 0.012195 0.0 0.0
vt 0.011305 0.0 0.0
vt 0.020998 -0.002381 0.0
vt 0.020998 0.0 0.0
vt 0.033917 -0.002381 0.0
vt 0.033917 0.0 0.0
vt 0.0 0.0 0.0
vt 0.0 -0.002381 0.0
vt 0.001613 -0.002381 0.0
vt 0.001613 0.0 0.0
vt 0.010416 0.0 0.0
vt 0.010416 -0.002381 0.0
vt 0.193271 0.018603 0.0
vt 0.231925 0.018603 0.0
vt 0.231925 0.022499999 0.0
vt 0.193271 0.022499999 0.0
vt 0.038654 0.018603 0.0
vt 0.0 0.018603 0.0
vt 0.0 0.022499999 0.0
vt 0.038654 0.022499999 0.0
vt 0.154616 0.022499999 0.0
vt 0.115962 0.022499999 0.0
vt 0.154616 0.018603 0.0
vt 0.115962 0.018603 0.0
vt 0.077308 0.022499999 0.0
vt 0.077308 0.018603 0.0
vt 0.193271 0.0 0.0
vt 0.231925 0.003324 0.0
vt 0.193271 0.003324 0.0
vt 0.231925 0.0 0.0
vt 0.038654 0.003324 0.0
vt 0.038654 0.0 0.0
vt 0.0 0.003324 0.0
vt 0.0 0.0 0.0
vt 0.077308 0.003324 0.0
vt 0.077308 0.0 0.0
vt 0.154616 0.003324 0.0
vt 0.154616 0.0 0.0
vt 0.115962 0.003324 0.0
vt 0.115962 0.0 0.0
vt 0.188495 0.003131 0.0
vt 0.184778 0.029003 0.0
vt 0.188495 0.029003 0.0
vt 0.184778 0.003131 0.0
vt 0.188495 0.032499 0.0
vt 0.184778 0.032499 0.0
vt 0.047123 0.003131 0.0
vt 0.050841 0.003131 0.0
vt 0.050841 0.0 0.0
vt 0.047123 0.0 0.0
vt 0.050841 0.029003 0.0
vt 0.047123 0.029003 0.0
vt 0.184778 0.0 0.0
vt 0.188495 0.0 0.0
vt 0.047123 0.032499 0.0
vt 0.050841 0.032499 0.0
vt 0.0 0.003131 0.0
vt 0.0 0.029003 0.0
vt 0.004307 0.003131 0.0
vt 0.004307 0.029003 0.0
vt 0.0 0.032499 0.0
vt 0.004307 0.032499 0.0
vt 0.004307 0.0 0.0
vt 0.0 0.0 0.0
vt 0.141371 0.029003 0.0
vt 0.137063 0.029003 0.0
vt 0.137063 0.032499 0.0
vt 0.141371 0.032499 0.0
vt 0.137063 0.003131 0.0
vt 0.141371 0.0 0.0
vt 0.137063 0.0 0.0
vt 0.141371 0.003131 0.0
vt 0.499623 -0.524891 0.0
vt 0.5 -0.53 0.0
vt 0.502366 -0.527633 0.0
vt 0.497257 -0.527257 0.0
vt 0.14609 0.029003 0.0
vt 0.14609 0.003131 0.0
vt 0.14609 0.032499 0.0
vt 0.094247 0.003131 0.0
vt 0.089528 0.003131 0.0
vt 0.094247 0.0 0.0
vt 0.089528 0.0 0.0
vt 0.14609 0.0 0.0
vt 0.524253 -0.500261 0.0
vt 0.527257 -0.497257 0.0
vt 0.526995 -0.503004 0.0
vt 0.53 -0.5 0.0
vt 0.089528 0.029003 0.0
vt 0.094247 0.029003 0.0
vt 0.089528 0.032499 0.0
vt 0.094247 0.032499 0.0
vt 0.04317 0.029003 0.0
vt 0.04317 0.003131 0.0
vt 0.474883 -0.50015 0.0
vt 0.499512 -0.475521 0.0
vt 0.472366 -0.497633 0.0
vt 0.496995 -0.473004 0.0
vt 0.47 -0.5 0.0
vt 0.472517 -0.502517 0.0
vt 0.098201 0.029003 0.0
vt 0.098201 0.032499 0.0
vt 0.5 -0.47 0.0
vt 0.502517 -0.472517 0.0
vt 0.04317 0.0 0.0
vt 0.098201 0.003131 0.0
vt 0.04317 0.032499 0.0
vt 0.098201 0.0 0.0
vt 0.231925 0.022499999 0.0
vt 0.193271 0.018603 0.0
vt 0.231925 0.018603 0.0
vt 0.193271 0.022499999 0.0
vt 0.038654 0.018603 0.0
vt 0.038654 0.022499999 0.0
vt 0.0 0.022499999 0.0
vt 0.0 0.018603 0.0
vt 0.154616 0.018603 0.0
vt 0.115962 0.022499999 0.0
vt 0.154616 0.022499999 0.0
vt 0.115962 0.018603 0.0
vt 0.154616 0.018603 0.0
vt 0.154616 0.022499999 0.0
vt 0.193271 0.018603 0.0
vt 0.193271 0.022499999 0.0
vt 0.077308 0.018603 0.0
vt 0.038654 0.022499999 0.0
vt 0.038654 0.018603 0.0
vt 0.077308 0.022499999 0.0
vt 0.077308 0.018603 0.0
vt 0.115962 0.022499999 0.0
vt 0.115962 0.018603 0.0
vt 0.077308 0.022499999 0.0
vt 0.231925 0.003324 0.0
vt 0.193271 0.003324 0.0
vt 0.231925 0.0 0.0
vt 0.193271 0.0 0.0
vt 0.231925 0.003324 0.0
vt 0.193271 0.003324 0.0
vt 0.193271 0.018603 0.0
vt 0.231925 0.018603 0.0
vt 0.0 0.003324 0.0
vt 0.0 0.0 0.0
vt 0.038654 0.0 0.0
vt 0.038654 0.003324 0.0
vt 0.0 0.003324 0.0
vt 0.038654 0.018603 0.0
vt 0.038654 0.003324 0.0
vt 0.0 0.018603 0.0
vt 0.077308 0.0 0.0
vt 0.077308 0.003324 0.0
vt 0.038654 0.0 0.0
vt 0.038654 0.003324 0.0
vt 0.077308 0.018603 0.0
vt 0.077308 0.003324 0.0
vt 0.038654 0.018603 0.0
vt 0.038654 0.003324 0.0
vt 0.154616 0.003324 0.0
vt 0.193271 0.003324 0.0
vt 0.154616 0.0 0.0
vt 0.193271 0.0 0.0
vt 0.154616 0.003324 0.0
vt 0.154616 0.018603 0.0
vt 0.193271 0.003324 0.0
vt 0.193271 0.018603 0.0
vt 0.154616 0.003324 0.0
vt 0.115962 0.0 0.0
vt 0.154616 0.0 0.0
vt 0.115962 0.003324 0.0
vt 0.154616 0.003324 0.0
vt 0.154616 0.018603 0.0
vt 0.115962 0.003324 0.0
vt 0.115962 0.018603 0.0
vt 0.077308 0.0 0.0
vt 0.077308 0.003324 0.0
vt 0.115962 0.0 0.0
vt 0.115962 0.003324 0.0
vt 0.077308 0.018603 0.0
vt 0.077308 0.003324 0.0
vt 0.115962 0.003324 0.0
vt 0.115962 0.018603 0.0
vt 0.184778 0.003131 0.0
vt 0.188495 0.003131 0.0
vt 0.184778 0.029003 0.0
vt 0.188495 0.029003 0.0
vt 0.188495 0.032499 0.0
vt 0.184778 0.032499 0.0
vt 0.184778 0.029003 0.0
vt 0.188495 0.029003 0.0
vt 0.050841 0.0 0.0
vt 0.047123 0.003131 0.0
vt 0.047123 0.0 0.0
vt 0.050841 0.003131 0.0
vt 0.047123 0.029003 0.0
vt 0.047123 0.003131 0.0
vt 0.050841 0.029003 0.0
vt 0.050841 0.003131 0.0
vt 0.184778 0.0 0.0
vt 0.188495 0.0 0.0
vt 0.184778 0.003131 0.0
vt 0.188495 0.003131 0.0
vt 0.050841 0.032499 0.0
vt 0.047123 0.029003 0.0
vt 0.047123 0.032499 0.0
vt 0.050841 0.029003 0.0
vt 0.004307 0.029003 0.0
vt 0.0 0.003131 0.0
vt 0.004307 0.003131 0.0
vt 0.0 0.029003 0.0
vt 0.004307 0.029003 0.0
vt 0.004307 0.032499 0.0
vt 0.0 0.032499 0.0
vt 0.0 0.029003 0.0
vt 0.004307 0.0 0.0
vt 0.0 0.0 0.0
vt 0.0 0.003131 0.0
vt 0.004307 0.003131 0.0
vt 0.137063 0.029003 0.0
vt 0.141371 0.029003 0.0
vt 0.137063 0.032499 0.0
vt 0.141371 0.032499 0.0
vt 0.137063 0.0 0.0
vt 0.137063 0.003131 0.0
vt 0.141371 0.003131 0.0
vt 0.141371 0.0 0.0
vt 0.497257 -0.527257 0.0
vt 0.5 -0.53 0.0
vt 0.502366 -0.527633 0.0
vt 0.499623 -0.524891 0.0
vt 0.137063 0.029003 0.0
vt 0.137063 0.003131 0.0
vt 0.141371 0.029003 0.0
vt 0.141371 0.003131 0.0
vt 0.14609 0.003131 0.0
vt 0.14609 0.029003 0.0
vt 0.141371 0.029003 0.0
vt 0.141371 0.003131 0.0
vt 0.14609 0.003131 0.0
vt 0.14609 0.029003 0.0
vt 0.184778 0.003131 0.0
vt 0.184778 0.029003 0.0
vt 0.14609 0.029003 0.0
vt 0.141371 0.029003 0.0
vt 0.141371 0.032499 0.0
vt 0.14609 0.032499 0.0
vt 0.14609 0.029003 0.0
vt 0.184778 0.032499 0.0
vt 0.14609 0.032499 0.0
vt 0.184778 0.029003 0.0
vt 0.089528 0.0 0.0
vt 0.094247 0.003131 0.0
vt 0.089528 0.003131 0.0
vt 0.094247 0.0 0.0
vt 0.050841 0.0 0.0
vt 0.089528 0.0 0.0
vt 0.089528 0.003131 0.0
vt 0.050841 0.003131 0.0
vt 0.14609 0.003131 0.0
vt 0.14609 0.0 0.0
vt 0.141371 0.003131 0.0
vt 0.141371 0.0 0.0
vt 0.14609 0.003131 0.0
vt 0.14609 0.0 0.0
vt 0.184778 0.0 0.0
vt 0.184778 0.003131 0.0
vt 0.524253 -0.500261 0.0
vt 0.527257 -0.497257 0.0
vt 0.53 -0.5 0.0
vt 0.526995 -0.503004 0.0
vt 0.524253 -0.500261 0.0
vt 0.526995 -0.503004 0.0
vt 0.502366 -0.527633 0.0
vt 0.499623 -0.524891 0.0
vt 0.094247 0.003131 0.0
vt 0.089528 0.029003 0.0
vt 0.089528 0.003131 0.0
vt 0.094247 0.029003 0.0
vt 0.089528 0.029003 0.0
vt 0.089528 0.003131 0.0
vt 0.050841 0.029003 0.0
vt 0.050841 0.003131 0.0
vt 0.089528 0.032499 0.0
vt 0.089528 0.029003 0.0
vt 0.094247 0.032499 0.0
vt 0.094247 0.029003 0.0
vt 0.089528 0.032499 0.0
vt 0.050841 0.032499 0.0
vt 0.089528 0.029003 0.0
vt 0.050841 0.029003 0.0
vt 0.04317 0.003131 0.0
vt 0.047123 0.029003 0.0
vt 0.047123 0.003131 0.0
vt 0.04317 0.029003 0.0
vt 0.004307 0.029003 0.0
vt 0.04317 0.003131 0.0
vt 0.04317 0.029003 0.0
vt 0.004307 0.003131 0.0
vt 0.524253 -0.500261 0.0
vt 0.499512 -0.475521 0.0
vt 0.474883 -0.50015 0.0
vt 0.499623 -0.524891 0.0
vt 0.472366 -0.497633 0.0
vt 0.496995 -0.473004 0.0
vt 0.499512 -0.475521 0.0
vt 0.474883 -0.50015 0.0
vt 0.472366 -0.497633 0.0
vt 0.47 -0.5 0.0
vt 0.474883 -0.50015 0.0
vt 0.472517 -0.502517 0.0
vt 0.497257 -0.527257 0.0
vt 0.474883 -0.50015 0.0
vt 0.472517 -0.502517 0.0
vt 0.499623 -0.524891 0.0
vt 0.098201 0.032499 0.0
vt 0.098201 0.029003 0.0
vt 0.094247 0.032499 0.0
vt 0.094247 0.029003 0.0
vt 0.137063 0.029003 0.0
vt 0.098201 0.029003 0.0
vt 0.098201 0.032499 0.0
vt 0.137063 0.032499 0.0
vt 0.496995 -0.473004 0.0
vt 0.502517 -0.472517 0.0
vt 0.499512 -0.475521 0.0
vt 0.5 -0.47 0.0
vt 0.502517 -0.472517 0.0
vt 0.524253 -0.500261 0.0
vt 0.499512 -0.475521 0.0
vt 0.527257 -0.497257 0.0
vt 0.04317 0.003131 0.0
vt 0.047123 0.003131 0.0
vt 0.047123 0.0 0.0
vt 0.04317 0.0 0.0
vt 0.04317 0.003131 0.0
vt 0.004307 0.0 0.0
vt 0.004307 0.003131 0.0
vt 0.04317 0.0 0.0
vt 0.098201 0.029003 0.0
vt 0.094247 0.003131 0.0
vt 0.094247 0.029003 0.0
vt 0.098201 0.003131 0.0
vt 0.137063 0.029003 0.0
vt 0.098201 0.029003 0.0
vt 0.137063 0.003131 0.0
vt 0.098201 0.003131 0.0
vt 0.047123 0.029003 0.0
vt 0.047123 0.032499 0.0
vt 0.04317 0.029003 0.0
vt 0.04317 0.032499 0.0
vt 0.004307 0.029003 0.0
vt 0.004307 0.032499 0.0
vt 0.04317 0.029003 0.0
vt 0.04317 0.032499 0.0
vt 0.098201 0.0 0.0
vt 0.094247 0.003131 0.0
vt 0.098201 0.003131 0.0
vt 0.094247 0.0 0.0
vt 0.098201 0.0 0.0
vt 0.137063 0.0 0.0
vt 0.137063 0.003131 0.0
vt 0.098201 0.003131 0.0
# 1438 texture coords

g Blade

usemtl standard-10855580
s 1
f 88/3/3 6/1/1 11/4/4 87/2/2
f 85/8/8 4/5/5 19/7/7 86/6/6
usemtl standard-9737097
f 91/10/10 1/11/11 2/12/12 98/9/9
f 97/16/16 17/15/15 18/13/13 89/14/14
usemtl standard-10855580
f 106/18/18 22/20/20 9/17/17 105/19/19
f 107/24/24 13/21/21 10/23/23 108/22/22
usemtl standard-9737097
f 96/25/25 12/26/26 20/28/28 95/27/27
f 93/32/32 8/31/31 3/30/30 94/29/29
usemtl standard-12961215
f 19//7 34//34 109//33 86//6
f 88//3 110//35 37//36 6//1
f 107//24 113//37 35//38 13//21
f 9//17 40//40 114//39 105//19
f 41//44 64//42 67//41 42//43
f 42//43 34//34 19//7 41//44
usemtl standard-11710890
f 41/34/44 19/7/7 4/5/5 43/33/45
f 43/33/45 63/35/46 64/36/42 41/34/44
usemtl standard-12961215
f 44//47 6//1 37//36 45//48
f 45//48 83//50 84//49 44//47
usemtl standard-11447718
f 47/37/51 3/30/30 8/31/31 46/38/52
f 46/38/52 69/39/53 70/40/54 47/37/51
f 48/42/56 20/44/28 12/43/26 49/41/55
f 49/41/55 73/46/58 74/45/57 48/42/56
usemtl standard-11710890
f 50/49/59 11/50/4 6/48/1 44/47/47
usemtl standard-10855580
f 44/47/47 84/52/49 78/51/60 50/49/59
usemtl standard-9737097
f 104/53/61 95/55/27 20/56/28 48/54/56
usemtl standard-9802634
f 48/54/56 74/57/57 100/58/62 104/53/61
f 103/59/63 102/60/64 69/39/53 46/38/52
usemtl standard-9737097
f 46/38/52 8/31/31 93/61/32 103/59/63
usemtl standard-12961215
f 52//66 13//21 35//38 53//65
f 53//65 68//68 66//67 52//66
usemtl standard-11710890
f 52/64/66 66/62/67 65/63/69 54/65/70
f 54/65/70 10/23/23 13/21/21 52/64/66
usemtl standard-11447718
f 55/67/72 72/66/71 71/68/73 56/69/74
f 56/69/74 18/13/13 17/15/15 55/67/72
usemtl standard-9802634
f 92/70/75 112/72/77 76/71/76 57/73/78
usemtl standard-9737097
f 57/73/78 1/75/11 91/74/10 92/70/75
usemtl standard-11710890
f 59/78/81 77/76/79 82/77/80 60/79/82
f 60/79/82 9/80/17 22/81/20 59/78/81
usemtl standard-12961215
f 60//82 82//80 81//83 61//84
f 61//84 40//40 9//17 60//82
usemtl standard-9737097
f 90/83/85 89/82/14 18/13/13 56/69/74
usemtl standard-9802634
f 56/69/74 71/68/73 111/84/86 90/83/85
usemtl standard-11447718
f 57/87/78 76/85/76 75/88/88 62/86/87
f 62/86/87 2/90/12 1/89/11 57/87/78
usemtl standard-11250340
f 5/91/89 64/36/42 63/35/46 21/92/90
f 21/92/90 65/63/69 66/62/67 5/91/89
usemtl standard-12961215
f 33//91 67//41 64//42 5//89
f 5//89 66//67 68//68 33//91
usemtl standard-10197393
f 16/93/92 70/40/54 69/39/53 15/94/93
f 15/94/93 71/68/73 72/66/71 16/93/92
usemtl standard-10658200
f 14/96/95 74/45/57 73/46/58 7/95/94
f 7/95/94 75/88/88 76/85/76 14/96/95
usemtl standard-9013116
f 99/98/96 100/58/62 74/57/57 14/97/95
f 14/99/95 76/71/76 112/72/77 99/100/96
usemtl standard-12961215
f 38//98 81//83 82//80 24//97
f 24//97 84//49 83//50 38//98
usemtl standard-9013116
f 15/94/93 69/39/53 102/60/64 101/101/99
f 101/102/99 111/84/86 71/68/73 15/94/93
usemtl standard-10395029
f 23/104/100 78/51/60 84/52/49 24/103/97
usemtl standard-11250340
f 24/103/97 82/77/80 77/76/79 23/104/100
usemtl standard-10000269
f 119/106/102 85/8/8 86/6/6 124/105/101
f 122/107/103 88/3/3 87/2/2 120/108/104
usemtl standard-7960684
f 137/109/105 89/82/14 90/83/85 132/110/106
f 130/111/107 92/70/75 91/74/10 138/112/108
f 118/114/110 93/32/32 94/29/29 117/113/109
f 115/115/111 96/25/25 95/27/27 116/116/112
f 135/118/113 97/16/16 89/14/14 137/117/105
f 138/120/108 91/10/10 98/9/9 133/119/114
usemtl standard-8157805
f 128/121/115 100/58/62 99/98/96 167/122/116
f 167/122/116 101/101/99 102/60/64 126/123/117
usemtl standard-8092013
f 126/123/117 102/60/64 103/59/63 125/124/118
f 127/125/119 104/53/61 100/58/62 128/121/115
usemtl standard-10000269
f 134/127/121 106/18/18 105/19/19 139/126/120
f 141/129/123 107/24/24 108/22/22 136/128/122
usemtl standard-12961215
f 124//101 86//6 109//33 123//124
f 121//125 110//35 88//3 122//103
usemtl standard-8092013
f 132/110/106 90/83/85 111/84/86 131/130/126
f 129/131/127 112/72/77 92/70/75 130/111/107
usemtl standard-12961215
f 142//128 113//37 107//24 141//123
f 139//120 105//19 114//39 140//129
usemtl standard-8157805
f 131/130/126 111/84/86 101/102/99 167/132/116
f 167/133/116 99/100/96 112/72/77 129/131/127
usemtl standard-7960684
f 116/134/112 95/55/27 104/53/61 127/125/119
f 125/124/118 103/59/63 93/61/32 118/135/110
f 27/137/131 115/115/111 116/116/112 32/136/130
f 32/136/130 118/114/110 117/113/109 27/137/131
usemtl standard-12961215
f 36//133 121//125 122//103 26//132
f 26//132 124//101 123//124 36//133
usemtl standard-8092013
f 79/138/134 126/123/117 125/124/118 51/139/135
f 51/139/135 127/125/119 128/121/115 79/138/134
f 80/140/136 129/131/127 130/111/107 58/141/137
f 58/141/137 132/110/106 131/130/126 80/140/136
usemtl standard-7960684
f 28/142/138 137/109/105 132/110/106 58/141/137
f 58/141/137 130/111/107 138/112/108 28/142/138
usemtl standard-8157805
f 80/140/136 131/130/126 167/132/116
f 167/133/116 129/131/127 80/140/136
usemtl standard-10000269
f 25/144/139 119/106/102 124/105/101 26/143/132
f 26/143/132 122/107/103 120/108/104 25/144/139
usemtl standard-12961215
f 30//141 139//120 140//129 39//140
f 39//140 142//128 141//123 30//141
usemtl standard-7960684
f 29/145/142 135/118/113 137/117/105 28/146/138
f 28/146/138 138/120/108 133/119/114 29/145/142
usemtl standard-10000269
f 30/148/141 141/129/123 136/128/122 31/147/143
f 31/147/143 134/127/121 139/126/120 30/148/141
usemtl standard-7960684
f 51/139/135 125/124/118 118/135/110 32/149/130
f 32/149/130 116/134/112 127/125/119 51/139/135
usemtl standard-8157805
f 167/122/116 126/123/117 79/138/134
f 79/138/134 128/121/115 167/122/116
usemtl standard-10526617
f 144/151/145 21/92/90 63/35/46 143/150/144
f 143/150/144 70/40/54 16/93/92 144/151/145
usemtl standard-11447718
f 145/152/146 47/37/51 70/40/54 143/150/144
f 143/150/144 63/35/46 43/33/45 145/152/146
f 146/154/148 49/41/55 12/43/26 147/153/147
f 147/153/147 11/50/4 50/49/59 146/154/148
usemtl standard-7960684
f 149/156/149 117/157/109 94/155/29 148/158/150
f 148/158/150 85/159/8 119/160/102 149/156/149
usemtl standard-9737097
f 151/163/152 98/161/9 2/164/12 150/162/151
f 150/162/151 22/166/20 106/165/18 151/163/152
f 152/167/153 108/168/22 10/23/23 153/169/154
f 153/169/154 17/15/15 97/170/16 152/167/153
f 155/172/156 7/95/94 73/46/58 154/171/155
usemtl standard-8420980
f 154/171/155 78/51/60 23/104/100 155/172/156
usemtl standard-11447718
f 156/173/157 55/67/72 17/15/15 153/169/154
f 153/169/154 10/23/23 54/65/70 156/173/157
usemtl standard-7960684
f 157/174/158 133/175/114 98/161/9 151/163/152
f 151/163/152 106/165/18 134/176/121 157/174/158
usemtl standard-11447718
f 156/173/157 54/65/70 65/63/69 158/177/159
f 158/177/159 72/66/71 55/67/72 156/173/157
usemtl standard-9737097
f 148/158/150 94/155/29 3/30/30 159/178/160
f 159/178/160 4/5/5 85/159/8 148/158/150
usemtl standard-7960684
f 160/179/161 27/180/131 117/157/109 149/156/149
f 149/156/149 119/160/102 25/181/139 160/179/161
f 160/179/161 25/181/139 120/183/104 161/182/162
f 161/182/162 115/184/111 27/180/131 160/179/161
usemtl standard-9737097
f 162/188/163 87/185/2 11/187/4 147/186/147
f 147/186/147 12/190/26 96/189/25 162/188/163
usemtl standard-7960684
f 163/191/164 29/192/142 133/175/114 157/174/158
f 157/174/158 134/176/121 31/193/143 163/191/164
f 163/191/164 31/193/143 136/195/122 164/194/165
f 164/194/165 135/196/113 29/192/142 163/191/164
usemtl standard-11447718
f 145/152/146 43/33/45 4/5/5 159/178/160
f 159/178/160 3/30/30 47/37/51 145/152/146
usemtl standard-7960684
f 164/194/165 136/195/122 108/168/22 152/167/153
f 152/167/153 97/170/16 135/196/113 164/194/165
f 161/182/162 120/183/104 87/185/2 162/188/163
f 162/188/163 96/189/25 115/184/111 161/182/162
usemtl standard-9737097
f 146/154/148 50/49/59 78/51/60 154/171/155
usemtl standard-10592408
f 154/171/155 73/46/58 49/41/55 146/154/148
usemtl standard-10131857
f 155/172/156 23/104/100 77/76/79 165/197/166
usemtl standard-10592408
f 165/197/166 75/88/88 7/95/94 155/172/156
usemtl standard-11447718
f 166/198/167 59/78/81 22/81/20 150/199/151
f 150/199/151 2/90/12 62/86/87 166/198/167
usemtl standard-10526617
f 144/151/145 16/93/92 72/66/71 158/177/159
f 158/177/159 65/63/69 21/92/90 144/151/145
usemtl standard-11447718
f 166/198/167 62/86/87 75/88/88 165/197/166
f 165/197/166 77/76/79 59/78/81 166/198/167
usemtl standard-4035030
s 2
f 212//170 193//168 205//171 211//169
f 218/201/173 185/200/172 193/202/168 212/203/170
f 213//177 200//174 188//176 220//175
f 222//180 191//179 203//181 221//178
f 224/204/182 196/205/183 173/207/185 223/206/184
f 216//187 208//186 196//183 224//182
f 220/209/175 188/211/176 185/208/172 218/210/173
f 223/213/184 173/215/185 191/212/179 222/214/180
f 227//191 204//188 192//189 226//190
f 226/219/190 192/218/189 184/216/192 228/217/193
f 228/221/193 184/222/192 189/220/194 229/223/195
f 229//195 189//194 201//196 230//197
f 234/227/201 190/225/199 172/224/198 233/226/200
f 238//205 197//204 209//202 239//203
f 241//207 202//206 190//199 234//201
f 233/230/200 172/228/198 197/229/204 238/231/205
usemtl standard-2655697
f 242/232/208 210/234/210 182/233/209 244/235/211
usemtl standard-4035030
f 244/235/211 176/237/213 219/236/212 242/232/208
f 246/239/214 185/238/172 188/240/176 245/241/215
usemtl standard-6859231
f 245/241/215 187/242/216 179/243/217 246/239/214
usemtl standard-4035030
f 247/246/218 193/247/168 185/244/172 246/245/214
usemtl standard-6859231
f 246/245/214 179/243/217 194/248/219 247/246/218
f 249//220 207//222 195//221 248//223
usemtl standard-4035030
f 248//223 192//189 204//188 249//220
usemtl standard-6859231
f 251/252/227 178/250/225 186/249/224 250/251/226
usemtl standard-4035030
f 250/251/226 189/253/194 184/254/192 251/252/227
f 243/258/231 231/257/230 174/255/228 253/256/229
usemtl standard-2655697
f 253/256/229 180/260/233 232/259/232 243/258/231
usemtl standard-4035030
f 252//234 205//171 193//168 247//218
usemtl standard-6859231
f 247//218 194//219 206//235 252//234
f 256//236 199//237 187//216 245//215
usemtl standard-4035030
f 245//215 188//176 200//174 256//236
f 258//238 201//196 189//194 250//226
usemtl standard-6859231
f 250//226 186//224 198//239 258//238
usemtl standard-4035030
f 254/261/240 215/262/241 177/263/242 257/264/243
usemtl standard-2655697
f 257/264/243 183/265/244 214/266/245 254/261/240
usemtl standard-6859231
f 248/269/223 195/267/221 178/250/225 251/268/227
usemtl standard-4035030
f 251/268/227 184/270/192 192/271/189 248/269/223
usemtl standard-2655697
f 255/273/247 237/272/246 181/274/248 259/275/249
usemtl standard-4035030
f 259/275/249 175/277/251 236/276/250 255/273/247
f 261//252 211//169 205//171 262//253
usemtl standard-2655697
f 262//253 182//209 210//210 261//252
f 265//254 244//211 182//209 262//253
usemtl standard-4035030
f 262//253 205//171 252//234 265//254
usemtl standard-6859231
f 265//254 252//234 206//235 266//255
usemtl standard-4035030
f 266//255 176//213 244//211 265//254
f 267//257 249//220 204//188 268//256
usemtl standard-2655697
f 268//256 180//233 253//229 267//257
usemtl standard-4035030
f 264//258 239//203 209//202 269//259
usemtl standard-2655697
f 269//259 168//260 240//261 264//258
f 263//265 217//262 170//263 270//264
usemtl standard-4035030
f 270//264 208//186 216//187 263//265
f 267//257 253//229 174//228 271//266
usemtl standard-6859231
f 271//266 207//222 249//220 267//257
usemtl standard-2655697
f 260//267 232//232 180//233 268//256
usemtl standard-4035030
f 268//256 204//188 227//191 260//267
f 275//268 256//236 200//174 274//269
usemtl standard-2655697
f 274//269 183//244 257//243 275//268
f 272//270 214//245 183//244 274//269
usemtl standard-4035030
f 274//269 200//174 213//177 272//270
usemtl standard-2655697
f 276//272 259//249 181//248 277//271
usemtl standard-4035030
f 277//271 201//196 258//238 276//272
f 273//273 230//197 201//196 277//271
usemtl standard-2655697
f 277//271 181//248 237//246 273//273
f 279//276 235//275 169//277 282//274
usemtl standard-4035030
f 282//274 202//206 241//207 279//276
f 278//279 221//178 203//181 281//278
usemtl standard-2655697
f 281//278 171//280 225//281 278//279
usemtl standard-4035030
f 275//268 257//243 177//242 280//282
usemtl standard-6859231
f 280//282 199//237 256//236 275//268
f 276//272 258//238 198//239 283//283
usemtl standard-4035030
f 283//283 175//251 259//249 276//272
f 286//285 280//282 177//242 287//284
usemtl standard-2655697
f 287//284 171//280 281//278 286//285
usemtl standard-4035030
f 286//285 281//278 203//181 288//286
usemtl standard-6859231
f 288//286 199//237 280//282 286//285
usemtl standard-2655697
f 285/278/287 225/281/281 171/279/280 287/280/284
usemtl standard-4035030
f 287/280/284 177/283/242 215/282/241 285/278/287
usemtl standard-6859231
f 292//289 283//283 198//239 291//288
usemtl standard-4035030
f 291//288 202//206 282//274 292//289
usemtl standard-6859231
f 294//291 206//235 194//219 293//290
usemtl standard-4035030
f 293//290 196//183 208//186 294//291
usemtl standard-6859231
f 293/284/290 194/286/219 179/243/217 295/285/292
usemtl standard-4035030
f 295/285/292 173/288/185 196/287/183 293/284/290
f 297//294 269//259 209//202 296//293
usemtl standard-6859231
f 296//293 207//222 271//266 297//294
usemtl standard-4035030
f 297//294 271//266 174//228 298//295
usemtl standard-2655697
f 298//295 168//260 269//259 297//294
usemtl standard-4035030
f 288//286 203//181 191//179 299//296
usemtl standard-6859231
f 299//296 187//216 199//237 288//286
usemtl standard-2655697
f 292//289 282//274 169//277 300//297
usemtl standard-4035030
f 300//297 175//251 283//283 292//289
usemtl standard-6859231
f 295/290/292 179/243/217 187/289/216 299/291/296
usemtl standard-4035030
f 299/291/296 191/292/179 173/293/185 295/290/292
f 296//293 209//202 197//204 301//298
usemtl standard-6859231
f 301//298 195//221 207//222 296//293
f 302//299 266//255 206//235 294//291
usemtl standard-4035030
f 294//291 208//186 270//264 302//299
f 284/294/300 236/295/250 175/296/251 300/297/297
usemtl standard-2655697
f 300/297/297 169/299/277 235/298/275 284/294/300
usemtl standard-4035030
f 289/302/302 219/300/212 176/303/213 303/301/301
usemtl standard-2655697
f 303/301/301 170/305/263 217/304/262 289/302/302
usemtl standard-4035030
f 305/306/303 172/307/198 190/308/199 304/309/304
usemtl standard-6859231
f 304/309/304 186/310/224 178/250/225 305/306/303
usemtl standard-2655697
f 290/312/305 240/313/261 168/311/260 298/314/295
usemtl standard-4035030
f 298/314/295 174/315/228 231/316/230 290/312/305
usemtl standard-6859231
f 291//288 198//239 186//224 304//304
usemtl standard-4035030
f 304//304 190//199 202//206 291//288
usemtl standard-2655697
f 302//299 270//264 170//263 303//301
usemtl standard-4035030
f 303//301 176//213 266//255 302//299
f 301/319/298 197/320/204 172/317/198 305/318/303
usemtl standard-6859231
f 305/318/303 178/250/225 195/321/221 301/319/298
f 307/322/306 218/201/173 212/203/170 306/323/307
f 306/323/307 226/219/190 228/217/193 307/322/306
f 308/325/308 220/209/175 218/210/173 307/324/306
f 307/324/306 228/221/193 229/223/195 308/325/308
f 309/326/309 255/273/247 236/276/250 310/327/310
f 310/327/310 215/262/241 254/261/240 309/326/309
f 311/328/311 242/232/208 219/236/212 312/329/312
f 312/329/312 231/257/230 243/258/231 311/328/311
f 313//313 260//267 227//191 314//314
f 314//314 211//169 261//252 313//313
usemtl standard-4035030
f 315//315 273//273 237//246 316//316
f 316//316 214//245 272//270 315//315
usemtl standard-6859231
f 317//317 213//177 220//175 308//308
f 308//308 229//195 230//197 317//317
f 318/330/318 285/278/287 215/282/241 310/331/310
f 310/331/310 236/295/250 284/294/300 318/330/318
usemtl standard-4035030
f 311/328/311 243/258/231 232/259/232 319/332/319
f 319/332/319 210/234/210 242/232/208 311/328/311
usemtl standard-6859231
f 321/333/320 223/213/184 222/214/180 320/334/321
f 320/334/321 234/227/201 233/226/200 321/333/320
f 322/336/322 224/204/182 223/206/184 321/335/320
f 321/335/320 233/230/200 238/231/205 322/336/322
f 315//315 272//270 213//177 317//317
f 317//317 230//197 273//273 315//315
usemtl standard-4035030
f 309/326/309 254/261/240 214/266/245 316/337/316
f 316/337/316 237/272/246 255/273/247 309/326/309
usemtl standard-6859231
f 323/339/323 290/312/305 231/316/230 312/338/312
f 312/338/312 219/300/212 289/302/302 323/339/323
f 320//321 222//180 221//178 324//324
f 324//324 241//207 234//201 320//321
usemtl standard-4035030
f 323/339/323 289/302/302 217/304/262 325/340/325
f 325/340/325 240/313/261 290/312/305 323/339/323
usemtl standard-6859231
f 306//307 212//170 211//169 314//314
f 314//314 227//191 226//190 306//307
f 326//326 216//187 224//182 322//322
f 322//322 238//205 239//203 326//326
usemtl standard-4035030
f 313//313 261//252 210//210 319//319
f 319//319 232//232 260//267 313//313
f 327//327 264//258 240//261 325//325
f 325//325 217//262 263//265 327//327
f 328//329 278//279 225//281 329//328
f 329//328 235//275 279//276 328//329
f 318/330/318 284/294/300 235/298/275 329/341/328
f 329/341/328 225/281/281 285/278/287 318/330/318
usemtl standard-6859231
f 327//327 263//265 216//187 326//326
f 326//326 239//203 264//258 327//327
f 328//329 279//276 241//207 324//324
f 324//324 221//178 278//279 328//329
usemtl standard-9353428
s 3
f 437/345/333 434/342/330 518/343/331 488/344/332
f 438/346/334 433/347/335 434/342/330 437/345/333
f 477/348/336 454/349/337 433/347/335 438/346/334
f 478/351/339 453/350/338 454/349/337 477/348/336
f 521/352/340 511/353/341 453/350/338 478/351/339
f 495/354/342 500/355/343 511/353/341 521/352/340
f 449/356/344 499/357/345 500/355/343 495/354/342
f 450/359/347 506/358/346 499/357/345 449/356/344
f 469/360/348 505/361/349 506/358/346 450/359/347
f 473/362/350 484/363/351 505/361/349 469/360/348
f 474/364/352 483/365/353 484/363/351 473/362/350
f 488/366/332 518/367/331 483/365/353 474/364/352
f 432/368/354 440/369/355 463/370/356 517/371/357
f 431/372/358 439/373/359 440/369/355 432/368/354
f 456/374/360 471/375/361 439/373/359 431/372/358
f 455/376/362 520/377/363 471/375/361 456/374/360
f 512/378/364 482/379/365 520/377/363 455/376/362
f 502/381/367 460/380/366 482/379/365 512/378/364
f 501/382/368 459/383/369 460/380/366 502/381/367
f 504/384/370 493/385/371 459/383/369 501/382/368
f 503/386/372 490/387/373 493/385/371 504/384/370
f 486/388/374 489/389/375 490/387/373 503/386/372
f 485/391/377 464/390/376 489/389/375 486/388/374
f 517/393/357 463/392/356 464/390/376 485/391/377
f 442/396/380 428/397/381 466/394/378 461/395/379
f 441/399/383 427/398/382 428/397/381 442/396/380
f 472/400/384 444/401/385 427/398/382 441/399/383
f 519/402/386 497/403/387 444/401/385 472/400/384
f 481/405/389 508/404/388 497/403/387 519/402/386
f 458/406/390 507/407/391 508/404/388 481/405/389
f 457/408/392 516/409/393 507/407/391 458/406/390
f 494/410/394 515/411/395 516/409/393 457/408/392
f 492/412/396 467/413/397 515/411/395 494/410/394
f 491/414/398 448/415/399 467/413/397 492/412/396
f 462/416/400 447/417/401 448/415/399 491/414/398
f 461/419/379 466/418/378 447/417/401 462/416/400
usemtl standard-8762064
f 392/423/405 379/422/404 378/420/402 391/421/403
f 393/425/407 380/424/406 379/422/404 392/423/405
f 406/427/409 381/426/408 380/424/406 393/425/407
f 407/428/410 382/429/411 381/426/408 406/427/409
f 391/432/403 378/430/402 389/431/412 408/433/413
f 409/437/417 384/435/415 383/436/416 410/434/414
f 412/441/421 387/440/420 386/439/419 411/438/418
f 413/442/422 385/443/423 384/435/415 409/437/417
f 408/433/413 389/431/412 388/444/424 414/445/425
f 410/434/414 383/436/416 382/429/411 407/428/410
f 414/445/425 388/444/424 387/440/420 412/441/421
f 411/438/418 386/439/419 385/443/423 413/442/422
usemtl standard-10536155
f 416/447/427 390/446/426 415/448/428
usemtl standard-8762064
f 415/448/428 378/449/402 379/450/404 416/447/427
usemtl standard-10536155
f 417/452/430 390/446/426 418/451/429
usemtl standard-8762064
f 418/451/429 383/454/416 384/453/415 417/452/430
usemtl standard-10536155
f 420/456/432 390/446/426 419/455/431
usemtl standard-8762064
f 419/455/431 385/458/423 386/457/419 420/456/432
usemtl standard-10536155
f 421/459/433 390/446/426 422/460/434
usemtl standard-8762064
f 422/460/434 388/461/424 389/462/412 421/459/433
usemtl standard-10536155
f 423/463/435 390/446/426 424/464/436
usemtl standard-8762064
f 424/464/436 381/465/408 382/466/411 423/463/435
usemtl standard-10536155
f 424/464/436 390/446/426 425/467/437
usemtl standard-8762064
f 425/467/437 380/468/406 381/465/408 424/464/436
usemtl standard-10536155
f 419/455/431 390/446/426 417/452/430
usemtl standard-8762064
f 417/452/430 384/453/415 385/458/423 419/455/431
usemtl standard-10536155
f 425/467/437 390/446/426 416/447/427
usemtl standard-8762064
f 416/447/427 379/450/404 380/468/406 425/467/437
usemtl standard-10536155
f 415/448/428 390/446/426 421/459/433
usemtl standard-8762064
f 421/459/433 389/462/412 378/449/402 415/448/428
usemtl standard-10536155
f 418/451/429 390/446/426 423/463/435
usemtl standard-8762064
f 423/463/435 382/466/411 383/454/416 418/451/429
usemtl standard-10536155
f 422/460/434 390/446/426 426/469/438
usemtl standard-8762064
f 426/469/438 387/470/420 388/461/424 422/460/434
usemtl standard-10536155
f 426/469/438 390/446/426 420/456/432
usemtl standard-8762064
f 420/456/432 386/457/419 387/470/420 426/469/438
usemtl standard-9944792
f 560/472/440 428/397/381 427/398/382 559/471/439
usemtl standard-10536155
f 557/475/443 429/476/444 430/474/442 558/473/441
usemtl standard-9944792
f 565/478/446 431/372/358 432/368/354 615/477/445
f 616/479/447 434/342/330 433/347/335 566/480/448
f 525/482/450 438/346/334 437/345/333 526/481/449
f 613/484/452 440/369/355 439/373/359 582/483/451
f 584/485/453 441/399/383 442/396/380 614/486/454
usemtl standard-10536155
f 552/487/455 443/488/456 429/476/444 557/475/443
usemtl standard-9944792
f 559/471/439 427/398/382 444/401/385 550/489/457
usemtl standard-10536155
f 574/492/460 445/491/459 446/493/461 573/490/458
usemtl standard-9944792
f 571/495/463 448/415/399 447/417/401 572/494/462
f 542/497/465 450/359/347 449/356/344 541/496/464
f 548/499/467 454/349/337 453/350/338 547/498/466
f 545/501/469 455/376/362 456/374/360 546/500/468
f 556/502/470 457/408/392 458/406/390 532/503/471
f 534/505/473 460/380/366 459/383/369 554/504/472
f 562/506/474 461/419/379 462/416/400 561/507/475
f 563/509/477 464/390/376 463/392/356 564/508/476
usemtl standard-10536155
f 558/473/441 430/474/442 465/511/479 606/510/478
usemtl standard-9944792
f 605/512/480 466/394/378 428/397/381 560/472/440
f 589/513/481 467/413/397 448/415/399 571/495/463
usemtl standard-10536155
f 573/490/458 446/493/461 468/514/482 587/515/483
usemtl standard-9944792
f 567/516/484 469/360/348 450/359/347 542/497/465
f 582/483/451 439/373/359 471/375/361 581/517/485
f 583/518/486 472/400/384 441/399/383 584/485/453
f 596/520/488 474/364/352 473/362/350 568/519/487
f 575/522/490 478/351/339 477/348/336 594/521/489
f 532/503/471 458/406/390 481/405/389 531/523/491
f 533/524/492 482/379/365 460/380/366 534/505/473
f 604/526/494 484/363/351 483/365/353 612/525/493
f 610/527/495 485/391/377 486/388/374 603/528/496
f 607/529/497 488/366/332 474/364/352 596/520/488
f 600/530/498 490/387/373 489/389/375 599/531/499
f 597/532/500 491/414/398 492/412/396 598/533/501
f 554/504/472 459/383/369 493/385/371 553/534/502
f 555/535/503 494/410/394 457/408/392 556/502/470
f 546/500/468 456/374/360 431/372/358 565/478/446
f 566/480/448 433/347/335 454/349/337 548/499/467
f 564/536/476 463/370/356 440/369/355 613/484/452
f 614/486/454 442/396/380 461/395/379 562/537/474
f 541/496/464 449/356/344 495/354/342 592/538/504
f 550/489/457 444/401/385 497/403/387 549/539/505
usemtl standard-10536155
f 551/541/507 498/540/506 443/488/456 552/487/455
usemtl standard-9944792
f 617/543/509 500/355/343 499/357/345 537/542/508
f 535/545/511 501/382/368 502/381/367 618/544/510
f 553/534/502 493/385/371 490/387/373 600/530/498
f 598/533/501 492/412/396 494/410/394 555/535/503
f 580/547/513 503/386/372 504/384/370 536/546/512
f 538/549/515 506/358/346 505/361/349 579/548/514
f 586/551/517 508/404/388 507/407/391 530/550/516
usemtl standard-10536155
f 528/555/521 509/552/518 510/553/519 585/554/520
usemtl standard-9944792
f 572/494/462 447/417/401 466/418/378 605/556/480
usemtl standard-10536155
f 606/557/478 465/558/479 445/491/459 574/492/460
usemtl standard-9944792
f 547/498/466 453/350/338 511/353/341 602/559/522
f 601/560/523 512/378/364 455/376/362 545/501/469
f 594/521/489 477/348/336 438/346/334 525/482/450
usemtl standard-10536155
f 588/562/525 513/563/526 514/561/524 527/564/527
usemtl standard-9944792
f 529/566/529 516/409/393 515/411/395 590/565/528
f 590/565/528 515/411/395 467/413/397 589/513/481
usemtl standard-10536155
f 587/515/483 468/514/482 513/563/526 588/562/525
usemtl standard-9944792
f 526/481/449 437/345/333 488/344/332 607/567/497
f 530/550/516 507/407/391 516/409/393 529/566/529
usemtl standard-10536155
f 527/564/527 514/561/524 509/552/518 528/555/521
usemtl standard-9944792
f 599/531/499 489/389/375 464/390/376 563/509/477
f 561/507/475 462/416/400 491/414/398 597/532/500
f 615/477/445 432/368/354 517/371/357 609/568/530
f 611/569/531 518/343/331 434/342/330 616/479/447
f 602/559/522 511/353/341 500/355/343 617/543/509
f 618/544/510 502/381/367 512/378/364 601/560/523
f 536/546/512 504/384/370 501/382/368 535/545/511
f 537/542/508 499/357/345 506/358/346 538/549/515
f 543/570/532 519/402/386 472/400/384 583/518/486
f 581/517/485 471/375/361 520/377/363 544/571/533
f 531/523/491 481/405/389 519/402/386 543/570/532
f 544/571/533 520/377/363 482/379/365 533/524/492
f 568/519/487 473/362/350 469/360/348 567/516/484
f 576/572/534 521/352/340 478/351/339 575/522/490
f 603/528/496 486/388/374 503/386/372 580/547/513
f 579/548/514 505/361/349 484/363/351 604/526/494
f 612/525/493 483/365/353 518/367/331 611/573/531
f 609/574/530 517/393/357 485/391/377 610/527/495
f 592/538/504 495/354/342 521/352/340 576/572/534
f 549/539/505 497/403/387 508/404/388 586/551/517
usemtl standard-10536155
f 585/554/520 510/553/519 498/540/506 551/541/507
usemtl standard-11324640
f 331/576/536 524/577/537 523/578/538 332/575/535
f 332/575/535 525/482/450 526/481/449 331/576/536
f 373/579/539 527/564/527 528/555/521 372/580/540
f 372/580/540 530/550/516 529/566/529 373/579/539
f 360/582/542 532/503/471 531/523/491 359/581/541
f 359/581/541 533/524/492 534/505/473 360/582/542
f 350/584/544 536/546/512 535/545/511 349/583/543
f 349/583/543 537/542/508 538/549/515 350/584/544
f 337/588/548 539/587/547 540/586/546 338/585/545
f 338/585/545 542/497/465 541/496/464 337/588/548
f 359/581/541 531/523/491 543/570/532 358/589/549
f 358/589/549 544/571/533 533/524/492 359/581/541
f 346/590/550 545/501/469 546/500/468 345/591/551
f 345/591/551 548/499/467 547/498/466 346/590/550
f 369/592/552 550/489/457 549/539/505 370/593/553
f 370/593/553 551/541/507 552/487/455 369/592/552
f 361/594/554 554/504/472 553/534/502 362/595/555
f 362/595/555 555/535/503 556/502/470 361/594/554
f 368/596/556 557/475/443 558/473/441 367/597/557
f 367/597/557 560/472/440 559/471/439 368/596/556
f 361/594/554 556/502/470 532/503/471 360/582/542
f 360/582/542 534/505/473 554/504/472 361/594/554
f 354/598/558 562/506/474 561/507/475 365/599/559
f 365/599/559 563/509/477 564/508/476 354/598/558
f 345/591/551 546/500/468 565/478/446 344/600/560
f 344/600/560 566/480/448 548/499/467 345/591/551
f 340/602/562 568/519/487 567/516/484 339/601/561
f 339/601/561 569/603/563 570/604/564 340/602/562
f 376/606/566 571/495/463 572/494/462 377/605/565
f 377/605/565 574/492/460 573/490/458 376/606/566
f 338/585/545 540/586/546 569/603/563 339/601/561
f 339/601/561 567/516/484 542/497/465 338/585/545
f 335/608/568 576/572/534 575/522/490 334/607/567
f 334/607/567 577/609/569 578/610/570 335/608/568
f 350/584/544 538/549/515 579/548/514 351/611/571
f 351/611/571 580/547/513 536/546/512 350/584/544
f 356/613/573 582/483/451 581/517/485 357/612/572
f 357/612/572 583/518/486 584/485/453 356/613/573
f 372/580/540 528/555/521 585/554/520 371/614/574
f 371/614/574 586/551/517 530/550/516 372/580/540
f 375/616/576 587/515/483 588/562/525 374/615/575
f 374/615/575 590/565/528 589/513/481 375/616/576
f 336/618/578 591/617/577 539/587/547 337/588/548
f 337/588/548 541/496/464 592/538/504 336/618/578
f 332/575/535 523/578/538 593/620/580 333/619/579
f 333/619/579 594/521/489 525/482/450 332/575/535
f 340/602/562 570/604/564 595/622/582 341/621/581
f 341/621/581 596/520/488 568/519/487 340/602/562
f 376/606/566 573/490/458 587/515/483 375/616/576
f 375/616/576 589/513/481 571/495/463 376/606/566
f 364/623/583 597/532/500 598/533/501 363/624/584
f 363/624/584 600/530/498 599/531/499 364/623/583
f 347/625/585 601/560/523 545/501/469 346/590/550
f 346/590/550 547/498/466 602/559/522 347/625/585
f 364/623/583 599/531/499 563/509/477 365/599/559
f 365/599/559 561/507/475 597/532/500 364/623/583
f 334/607/567 575/522/490 594/521/489 333/619/579
f 333/619/579 593/620/580 577/609/569 334/607/567
f 352/626/586 603/528/496 580/547/513 351/611/571
f 351/611/571 579/548/514 604/526/494 352/626/586
f 357/612/572 581/517/485 544/571/533 358/589/549
f 358/589/549 543/570/532 583/518/486 357/612/572
f 377/605/565 572/494/462 605/556/480 366/627/587
f 366/627/587 606/557/478 574/492/460 377/605/565
f 336/618/578 592/538/504 576/572/534 335/608/568
f 335/608/568 578/610/570 591/617/577 336/618/578
f 374/615/575 588/562/525 527/564/527 373/579/539
f 373/579/539 529/566/529 590/565/528 374/615/575
f 330/628/588 607/529/497 596/520/488 341/621/581
f 341/621/581 595/622/582 608/629/589 330/628/588
f 369/592/552 552/487/455 557/475/443 368/596/556
f 368/596/556 559/471/439 550/489/457 369/592/552
f 370/593/553 549/539/505 586/551/517 371/614/574
f 371/614/574 585/554/520 551/541/507 370/593/553
f 366/630/587 605/512/480 560/472/440 367/597/557
f 367/597/557 558/473/441 606/510/478 366/630/587
f 342/631/590 609/574/530 610/527/495 353/632/591
f 353/632/591 612/525/493 611/573/531 342/631/590
f 355/633/592 613/484/452 582/483/451 356/613/573
f 356/613/573 584/485/453 614/486/454 355/633/592
f 353/632/591 610/527/495 603/528/496 352/626/586
f 352/626/586 604/526/494 612/525/493 353/632/591
f 363/624/584 598/533/501 555/535/503 362/595/555
f 362/595/555 553/534/502 600/530/498 363/624/584
f 343/635/593 615/477/445 609/568/530 342/634/590
f 342/634/590 611/569/531 616/479/447 343/635/593
f 348/636/594 617/543/509 537/542/508 349/583/543
f 349/583/543 535/545/511 618/544/510 348/636/594
f 348/636/594 618/544/510 601/560/523 347/625/585
f 347/625/585 602/559/522 617/543/509 348/636/594
f 355/633/592 614/486/454 562/537/474 354/637/558
f 354/637/558 564/536/476 613/484/452 355/633/592
f 330/638/588 608/639/589 524/577/537 331/576/536
f 331/576/536 526/481/449 607/567/497 330/638/588
f 343/635/593 616/479/447 566/480/448 344/600/560
f 344/600/560 565/478/446 615/477/445 343/635/593
usemtl standard-10536155
f 620/641/596 465/511/479 430/474/442 619/640/595
f 619/640/595 392/423/405 391/421/403 620/641/596
f 619/640/595 430/474/442 429/476/444 621/642/597
f 621/642/597 393/425/407 392/423/405 619/640/595
f 623/644/599 468/514/482 446/493/461 622/643/598
f 622/643/598 414/445/425 412/441/421 623/644/599
f 624/645/600 498/540/506 510/553/519 625/646/601
f 625/646/601 410/434/414 407/428/410 624/645/600
f 626/647/602 513/563/526 468/514/482 623/644/599
f 623/644/599 412/441/421 411/438/418 626/647/602
f 622/643/598 446/493/461 445/491/459 627/648/603
f 627/648/603 408/433/413 414/445/425 622/643/598
f 621/642/597 429/476/444 443/488/456 628/649/604
f 628/649/604 406/427/409 393/425/407 621/642/597
f 629/651/606 509/552/518 514/561/524 630/650/605
f 630/650/605 413/442/422 409/437/417 629/651/606
f 625/646/601 510/553/519 509/552/518 629/651/606
f 629/651/606 409/437/417 410/434/414 625/646/601
f 630/650/605 514/561/524 513/563/526 626/647/602
f 626/647/602 411/438/418 413/442/422 630/650/605
f 627/648/603 445/491/459 465/558/479 620/652/596
f 620/652/596 391/432/403 408/433/413 627/648/603
f 628/649/604 443/488/456 498/540/506 624/645/600
f 624/645/600 407/428/410 406/427/409 628/649/604
usemtl standard-11324640
f 643//608 631//610 632//609 644//607
f 644//607 632//609 633//611 645//612
f 646//613 634//614 631//610 643//608
f 647//616 635//617 636//618 648//615
f 645//612 633//611 637//619 649//620
f 650//621 638//624 639//623 651//622
f 652//625 640//626 635//617 647//616
f 653//627 641//628 634//614 646//613
f 648//615 636//618 642//630 654//629
f 651//622 639//623 641//628 653//627
f 654//629 642//630 638//624 650//621
f 649//620 637//619 640//626 652//625
usemtl standard-10536155
f 655//632 643//608 644//607 656//631
f 656//631 644//607 645//612 657//633
f 658//634 646//613 643//608 655//632
f 659//636 647//616 648//615 660//635
f 657//633 645//612 649//620 661//637
f 662//639 650//621 651//622 663//638
f 664//640 652//625 647//616 659//636
f 665//641 653//627 646//613 658//634
f 660//635 648//615 654//629 666//642
f 663//638 651//622 653//627 665//641
f 666//642 654//629 650//621 662//639
f 661//637 649//620 652//625 664//640
usemtl standard-7251653
f 496//643 655//632 656//631 522//644
f 522//644 656//631 657//633 480//645
f 451//646 658//634 655//632 496//643
f 435//648 659//636 660//635 487//647
f 480//645 657//633 661//637 479//649
f 475//650 662//639 663//638 470//651
f 436//652 664//640 659//636 435//648
f 452//653 665//641 658//634 451//646
f 487//647 660//635 666//642 476//654
f 470//651 663//638 665//641 452//653
f 476//654 666//642 662//639 475//650
f 479//649 661//637 664//640 436//652
usemtl standard-13032682
f 668/655/657 400/653/655 404/656/658 667/654/656
f 669/658/660 399/657/659 400/653/655 668/655/657
f 670/659/661 403/660/662 398/662/664 671/661/663
f 672/665/667 395/664/666 394/666/668 673/663/665
f 667/654/656 404/656/658 403/660/662 670/659/661
f 675/670/672 401/668/670 402/669/671 674/667/669
f 673/663/665 394/666/668 396/672/674 676/671/673
f 671/661/663 398/662/664 397/673/675 677/674/676
f 678/675/677 405/676/678 395/677/666 672/678/667
f 677/674/676 397/673/675 401/668/670 675/670/672
f 674/667/669 402/669/671 405/676/678 678/675/677
f 676/671/673 396/672/674 399/657/659 669/658/660
usemtl standard-7251653
f 680/679/679 522/682/644 480/680/645 679/681/680
usemtl standard-11784419
f 679/681/680 668/655/657 667/654/656 680/679/679
usemtl standard-7251653
f 679/681/680 480/680/645 479/683/649 681/684/681
usemtl standard-11784419
f 681/684/681 669/658/660 668/655/657 679/681/680
usemtl standard-7251653
f 683/685/682 475/686/650 470/688/651 682/687/683
usemtl standard-11784419
f 682/687/683 675/670/672 674/667/669 683/685/682
usemtl standard-7251653
f 684/691/685 487/692/647 476/689/654 685/690/684
usemtl standard-11784419
f 685/690/684 678/675/677 672/678/667 684/691/685
usemtl standard-7251653
f 681/684/681 479/683/649 436/694/652 686/693/686
usemtl standard-11784419
f 686/693/686 676/671/673 669/658/660 681/684/681
usemtl standard-7251653
f 688/696/687 452/698/653 451/695/646 687/697/688
usemtl standard-11784419
f 687/697/688 671/661/663 677/674/676 688/696/687
usemtl standard-7251653
f 685/690/684 476/689/654 475/686/650 683/685/682
usemtl standard-11784419
f 683/685/682 674/667/669 678/675/677 685/690/684
usemtl standard-7251653
f 689/700/689 496/699/643 522/682/644 680/679/679
usemtl standard-11784419
f 680/679/679 667/654/656 670/659/661 689/700/689
usemtl standard-7251653
f 687/697/688 451/695/646 496/699/643 689/700/689
usemtl standard-11784419
f 689/700/689 670/659/661 671/661/663 687/697/688
usemtl standard-7251653
f 690/701/690 435/704/648 487/703/647 684/702/685
usemtl standard-11784419
f 684/702/685 672/665/667 673/663/665 690/701/690
usemtl standard-7251653
f 682/687/683 470/688/651 452/698/653 688/696/687
usemtl standard-11784419
f 688/696/687 677/674/676 675/670/672 682/687/683
usemtl standard-7251653
f 686/693/686 436/694/652 435/704/648 690/701/690
usemtl standard-11784419
f 690/701/690 673/663/665 676/671/673 686/693/686
usemtl standard-11324640
f 691/705/691 633/706/611 632/708/609 692/707/692
usemtl standard-10536155
f 692/707/692 578/610/570 577/609/569 691/705/691
usemtl standard-11324640
f 693/710/693 637/709/619 633/706/611 691/705/691
usemtl standard-10536155
f 691/705/691 577/609/569 593/620/580 693/710/693
usemtl standard-11324640
f 695/713/695 635/711/617 640/714/626 694/712/694
usemtl standard-10536155
f 694/712/694 523/578/538 524/577/537 695/713/695
usemtl standard-11324640
f 696/717/697 641/718/628 639/716/623 697/715/696
usemtl standard-10536155
f 697/715/696 569/603/563 540/586/546 696/717/697
usemtl standard-11324640
f 694/712/694 640/714/626 637/709/619 693/710/693
usemtl standard-10536155
f 693/710/693 593/620/580 523/578/538 694/712/694
usemtl standard-11324640
f 699/720/699 631/722/610 634/721/614 698/719/698
usemtl standard-10536155
f 698/719/698 539/587/547 591/617/577 699/720/699
usemtl standard-11324640
f 698/719/698 634/721/614 641/718/628 696/717/697
usemtl standard-10536155
f 696/717/697 540/586/546 539/587/547 698/719/698
usemtl standard-11324640
f 700/724/700 636/723/618 635/711/617 695/713/695
usemtl standard-10536155
f 695/713/695 524/577/537 608/639/589 700/724/700
usemtl standard-11324640
f 692/707/692 632/708/609 631/722/610 699/720/699
usemtl standard-10536155
f 699/720/699 591/617/577 578/610/570 692/707/692
usemtl standard-11324640
f 697/715/696 639/716/623 638/726/624 701/725/701
usemtl standard-10536155
f 701/725/701 570/604/564 569/603/563 697/715/696
usemtl standard-11324640
f 702/729/702 642/727/630 636/728/618 700/730/700
usemtl standard-10536155
f 700/730/700 608/629/589 595/622/582 702/729/702
usemtl standard-11324640
f 701/725/701 638/726/624 642/727/630 702/729/702
usemtl standard-10536155
f 702/729/702 595/622/582 570/604/564 701/725/701
usemtl standard-8170957
s 4
f 707/734/706 704/733/705 748/731/703 743/732/704
f 745/736/708 747/738/710 703/737/709 706/735/707
f 710/742/712 707/741/706 743/739/704 744/740/711
f 746/745/713 745/744/708 706/743/707 709/746/714
f 713/749/716 710/750/712 744/747/711 751/748/715
f 753/754/718 746/752/713 709/753/714 712/751/717
f 716/756/719 713/758/716 751/755/715 752/757/720
f 754/760/721 753/762/718 712/759/717 715/761/722
f 719/763/723 716/756/719 752/757/720 761/764/724
f 759/765/725 754/760/721 715/761/722 718/766/726
f 722/767/727 719/768/723 761/769/724 762/770/728
f 760/774/730 759/772/725 718/773/726 721/771/729
f 725/775/731 722/767/727 762/770/728 757/776/732
f 755/777/733 760/774/730 721/771/729 724/778/734
f 728/780/735 725/779/731 757/781/732 758/782/736
f 756/784/737 755/783/733 724/785/734 727/786/738
f 731/788/740 728/780/735 758/782/736 739/787/739
f 741/790/742 756/784/737 727/786/738 730/789/741
f 734/794/744 731/793/740 739/791/739 740/792/743
f 742/795/745 741/798/742 730/796/741 733/797/746
f 737/799/747 734/794/744 740/792/743 749/800/748
f 750/802/750 742/795/745 733/797/746 736/801/749
f 704/733/705 737/799/747 749/800/748 748/731/703
f 747/738/710 750/802/750 736/801/749 703/737/709
f 767/804/752 740/792/743 739/791/739 774/803/751
f 772/805/753 741/798/742 742/795/745 769/806/754
f 776/807/755 744/740/711 743/739/704 775/808/756
f 777/809/757 745/744/708 746/745/713 778/810/758
f 786/812/759 747/738/710 745/736/708 777/811/757
f 775/814/756 743/732/704 748/731/703 785/813/760
f 768/815/761 749/800/748 740/792/743 767/804/752
f 769/806/754 742/795/745 750/802/750 770/816/762
f 763/817/763 752/757/720 751/755/715 783/818/764
f 784/819/765 753/762/718 754/760/721 765/820/766
f 770/816/762 750/802/750 747/738/710 786/812/759
f 785/813/760 748/731/703 749/800/748 768/815/761
f 779/822/768 755/783/733 756/784/737 771/821/767
f 773/824/770 758/782/736 757/781/732 781/823/769
f 783/826/764 751/748/715 744/747/711 776/825/755
f 778/828/758 746/752/713 753/754/718 784/827/765
f 766/830/772 759/772/725 760/774/730 780/829/771
f 782/832/774 762/770/728 761/769/724 764/831/773
f 780/829/771 760/774/730 755/777/733 779/833/768
f 781/834/769 757/776/732 762/770/728 782/832/774
f 764/835/773 761/764/724 752/757/720 763/817/763
f 765/820/766 754/760/721 759/765/725 766/836/772
f 774/837/751 739/787/739 758/782/736 773/824/770
f 771/821/767 756/784/737 741/790/742 772/838/753
usemtl standard-6068673
f 720/839/775 764/835/773 763/817/763 717/840/776
f 717/840/776 765/820/766 766/836/772 720/839/775
f 738/841/777 768/815/761 767/804/752 735/842/778
f 735/842/778 769/806/754 770/816/762 738/841/777
f 729/843/779 771/821/767 772/838/753 732/844/780
f 732/844/780 774/837/751 773/824/770 729/843/779
f 711/846/782 776/807/755 775/808/756 708/845/781
f 708/845/781 777/809/757 778/810/758 711/846/782
f 735/842/778 767/804/752 774/803/751 732/847/780
f 732/847/780 772/805/753 769/806/754 735/842/778
f 723/849/784 780/829/771 779/833/768 726/848/783
f 726/848/783 781/834/769 782/832/774 723/849/784
f 720/850/775 766/830/772 780/829/771 723/849/784
f 723/849/784 782/832/774 764/831/773 720/850/775
f 717/840/776 763/817/763 783/818/764 714/851/785
f 714/851/785 784/819/765 765/820/766 717/840/776
f 708/853/781 775/814/756 785/813/760 705/852/786
f 705/852/786 786/812/759 777/811/757 708/853/781
f 711/855/782 778/828/758 784/827/765 714/854/785
f 714/854/785 783/826/764 776/825/755 711/855/782
f 705/852/786 785/813/760 768/815/761 738/841/777
f 738/841/777 770/816/762 786/812/759 705/852/786
f 726/856/783 779/822/768 771/821/767 729/843/779
f 729/843/779 773/824/770 781/823/769 726/856/783
usemtl standard-10786454
s 5
f 857/860/790 858/857/787 792/859/789 796/858/788
f 796/858/788 792/859/789 852/862/792 845/861/791
f 843/864/794 854/866/796 794/865/795 798/863/793
f 798/863/793 794/865/795 860/867/797 859/868/798
f 864/870/800 857/860/790 796/858/788 800/869/799
f 800/869/799 796/858/788 845/861/791 846/871/801
f 844/873/803 843/864/794 798/863/793 802/872/802
f 802/872/802 798/863/793 859/868/798 866/874/804
f 863/876/806 864/878/800 800/877/799 804/875/805
f 804/875/805 800/877/799 846/880/801 874/879/807
f 873/883/809 844/884/803 802/881/802 806/882/808
f 806/882/808 802/881/802 866/885/804 865/886/810
f 840/890/812 863/888/806 804/887/805 808/889/811
f 808/889/811 804/887/805 874/892/807 847/891/813
f 849/893/814 873/896/809 806/895/808 810/894/815
f 810/894/815 806/895/808 865/898/810 842/897/816
f 808/899/811 812/901/818 839/900/817 840/902/812
f 847/903/813 848/904/819 812/901/818 808/899/811
f 810/906/815 814/907/820 850/908/821 849/905/814
f 842/909/816 841/910/822 814/907/820 810/906/815
f 812/901/818 816/911/823 867/912/824 839/900/817
f 848/904/819 856/913/825 816/911/823 812/901/818
f 814/907/820 818/915/827 855/914/826 850/908/821
f 841/910/822 868/916/828 818/915/827 814/907/820
f 816/917/823 820/919/830 862/918/829 867/920/824
f 856/921/825 870/922/831 820/919/830 816/917/823
f 818/925/827 822/923/832 869/926/833 855/924/826
f 868/928/828 861/927/834 822/923/832 818/925/827
f 820/919/830 824/929/835 838/930/836 862/918/829
f 870/922/831 831/931/837 824/929/835 820/919/830
f 822/923/832 826/933/839 833/932/838 869/926/833
f 861/927/834 836/934/840 826/933/839 822/923/832
f 900/935/841 840/902/812 839/900/817 899/936/842
f 901/938/844 841/910/822 842/909/816 902/937/843
f 909/940/846 843/864/794 844/873/803 916/939/845
f 915/941/847 846/871/801 845/861/791 910/942/848
f 892/943/849 848/904/819 847/903/813 913/944/850
f 911/945/851 849/905/814 850/908/821 890/946/852
f 890/946/852 850/908/821 855/914/826 889/947/853
f 891/948/854 856/913/825 848/904/819 892/943/849
f 893/949/855 858/857/787 857/860/790 917/950/856
f 918/952/858 859/868/798 860/867/797 895/951/857
f 877/954/860 836/934/840 861/927/834 879/953/859
f 880/955/861 862/918/829 838/930/836 875/956/862
f 884/957/863 864/878/800 863/876/806 883/958/864
f 881/959/865 865/886/810 866/885/804 882/960/866
f 883/962/864 863/888/806 840/890/812 900/961/841
f 902/963/843 842/897/816 865/898/810 881/964/865
f 897/965/867 867/920/824 862/918/829 880/955/861
f 879/953/859 861/927/834 868/928/828 898/966/868
f 889/968/853 855/924/826 869/926/833 887/967/869
f 885/970/870 870/922/831 856/921/825 891/969/854
f 898/971/868 868/916/828 841/910/822 901/938/844
f 899/936/842 839/900/817 867/912/824 897/972/867
f 912/973/871 873/896/809 849/893/814 911/974/851
f 913/976/850 847/891/813 874/892/807 914/975/872
f 917/950/856 857/860/790 864/870/800 884/977/863
f 882/978/866 866/874/804 859/868/798 918/952/858
f 886/979/873 831/931/837 870/922/831 885/970/870
f 887/967/869 869/926/833 833/932/838 888/980/874
f 914/982/872 874/879/807 846/880/801 915/981/847
f 916/983/845 844/884/803 873/883/809 912/984/871
f 906/985/875 854/866/796 843/864/794 909/940/846
f 910/942/848 845/861/791 852/862/792 904/986/876
f 823/988/878 877/954/860 879/953/859 819/987/877
f 819/989/877 880/955/861 875/956/862 823/990/878
f 803/991/879 881/959/865 882/960/866 799/992/880
f 799/994/880 884/957/863 883/958/864 803/993/879
usemtl standard-9140601
f 825/996/882 886/979/873 885/970/870 821/995/881
f 821/995/881 887/967/869 888/980/874 825/996/882
f 813/997/883 890/946/852 889/947/853 817/998/884
f 817/998/884 891/948/854 892/943/849 813/997/883
usemtl standard-10786454
f 815/999/885 897/965/867 880/955/861 819/989/877
f 819/987/877 879/953/859 898/966/868 815/1000/885
f 807/1002/887 900/935/841 899/936/842 811/1001/886
f 811/1003/886 901/938/844 902/937/843 807/1004/887
f 803/1005/879 883/962/864 900/961/841 807/1006/887
f 807/1008/887 902/963/843 881/964/865 803/1007/879
usemtl standard-9140601
f 793/1010/889 906/985/875 909/940/846 797/1009/888
f 797/1009/888 910/942/848 904/986/876 793/1010/889
usemtl standard-10786454
f 811/1001/886 899/936/842 897/972/867 815/1011/885
f 815/1012/885 898/971/868 901/938/844 811/1003/886
usemtl standard-9140601
f 805/1014/891 912/973/871 911/974/851 809/1013/890
f 809/1013/890 913/976/850 914/975/872 805/1014/891
f 805/1015/891 914/982/872 915/981/847 801/1016/892
f 801/1016/892 916/983/845 912/984/871 805/1015/891
f 801/1017/892 915/941/847 910/942/848 797/1009/888
f 797/1009/888 909/940/846 916/939/845 801/1017/892
f 813/997/883 892/943/849 913/944/850 809/1018/890
f 809/1018/890 911/945/851 890/946/852 813/997/883
usemtl standard-10786454
f 791/1019/893 893/949/855 917/950/856 795/1020/894
f 795/1022/894 918/952/858 895/951/857 791/1021/893
f 795/1020/894 917/950/856 884/977/863 799/1023/880
f 799/1024/880 882/978/866 918/952/858 795/1022/894
usemtl standard-9140601
f 817/1025/884 889/968/853 887/967/869 821/995/881
f 821/995/881 885/970/870 891/969/854 817/1025/884
usemtl standard-10786454
f 920/1026/895 888/1029/874 833/1027/838 919/1028/896
f 919/1028/896 834/1030/897 907/1031/898 920/1026/895
usemtl standard-9140601
f 922/1032/899 829/1034/901 908/1033/900 921/1035/902
f 921/1035/902 886/1036/873 825/1037/882 922/1032/899
f 922/1032/899 825/1037/882 888/1029/874 920/1026/895
f 920/1026/895 907/1031/898 829/1034/901 922/1032/899
usemtl standard-10786454
f 924/1038/903 875/1039/862 838/1040/836 923/1041/904
f 923/1041/904 837/1043/906 876/1042/905 924/1038/903
f 926/1044/907 878/1045/908 835/1047/910 925/1046/909
f 925/1046/909 836/1049/840 877/1048/860 926/1044/907
f 919/1028/896 833/1027/838 826/1051/839 927/1050/911
f 927/1050/911 830/1052/912 834/1030/897 919/1028/896
f 921/1035/902 908/1033/900 832/1054/914 928/1053/913
f 928/1053/913 831/1055/837 886/1036/873 921/1035/902
f 929/1057/915 824/1056/835 831/1055/837 928/1053/913
f 928/1053/913 832/1054/914 828/1058/916 929/1057/915
f 927/1050/911 826/1051/839 836/1049/840 925/1046/909
f 925/1046/909 835/1047/910 830/1052/912 927/1050/911
f 930/1060/918 827/1059/917 878/1045/908 926/1044/907
f 926/1044/907 877/1048/860 823/1061/878 930/1060/918
f 930/1063/918 823/1062/878 875/1039/862 924/1038/903
f 924/1038/903 876/1042/905 827/1064/917 930/1063/918
f 923/1041/904 838/1040/836 824/1056/835 929/1057/915
f 929/1057/915 828/1058/916 837/1043/906 923/1041/904
f 931/1066/920 905/1065/919 853/1068/922 932/1067/921
f 932/1067/921 854/866/796 906/985/875 931/1066/920
usemtl standard-9140601
f 933/1069/923 789/1070/924 905/1065/919 931/1066/920
f 931/1066/920 906/985/875 793/1010/889 933/1069/923
usemtl standard-10786454
f 934/1071/925 895/951/857 860/867/797 935/1072/926
f 935/1072/926 872/1073/927 896/1074/928 934/1071/925
f 936/1075/929 791/1021/893 895/951/857 934/1071/925
f 934/1071/925 896/1074/928 787/1076/930 936/1075/929
f 938/1077/931 788/1080/934 851/1079/933 937/1078/932
f 937/1078/932 852/862/792 792/859/789 938/1077/931
usemtl standard-9140601
f 933/1069/923 793/1010/889 904/986/876 939/1081/935
f 939/1081/935 903/1082/936 789/1070/924 933/1069/923
usemtl standard-10786454
f 940/1083/937 790/1084/938 872/1073/927 935/1072/926
f 935/1072/926 860/867/797 794/865/795 940/1083/937
f 936/1086/929 787/1085/930 894/1088/940 941/1087/939
f 941/1087/939 893/949/855 791/1019/893 936/1086/929
f 941/1087/939 894/1088/940 871/1089/941 942/1090/942
f 942/1090/942 858/857/787 893/949/855 941/1087/939
f 942/1090/942 871/1089/941 788/1080/934 938/1077/931
f 938/1077/931 792/859/789 858/857/787 942/1090/942
f 939/1081/935 904/986/876 852/862/792 937/1078/932
f 937/1078/932 851/1079/933 903/1082/936 939/1081/935
f 932/1067/921 853/1068/922 790/1084/938 940/1083/937
f 940/1083/937 794/865/795 854/866/796 932/1067/921
usemtl standard-5677290
s 6
f 957//945 956//944 950//946 951//943
f 955//948 960//947 954//950 949//949
f 956//944 955//948 949//949 950//946
f 960//947 959//951 953//952 954//950
f 959//951 958//953 952//954 953//952
f 958//953 957//945 951//943 952//954
usemtl standard-7253485
f 961//955 956//944 957//945
f 961//955 957//945 958//953
f 961//955 958//953 959//951
f 960//947 955//948 961//955
f 961//955 959//951 960//947
f 961//955 955//948 956//944
usemtl standard-5677290
f 962/1092/957 949/1093/949 954/1094/950 963/1091/956
f 964/1095/958 950/1098/946 949/1097/949 962/1096/957
f 965/1101/959 953/1099/952 952/1100/954 966/1102/960
f 963/1091/956 954/1094/950 953/1099/952 965/1101/959
f 967/1104/961 951/1103/943 950/1098/946 964/1095/958
f 966/1102/960 952/1100/954 951/1103/943 967/1104/961
usemtl standard-7253485
f 968/1107/964 948/1105/962 943/1108/965 969/1106/963
f 969/1106/963 962/1092/957 963/1091/956 968/1107/964
f 969/1111/963 943/1112/965 944/1110/967 970/1109/966
f 970/1109/966 964/1095/958 962/1096/957 969/1111/963
f 970/1109/966 944/1110/967 945/1114/969 971/1113/968
f 971/1113/968 967/1104/961 964/1095/958 970/1109/966
f 972/1115/970 947/1116/971 948/1105/962 968/1107/964
f 968/1107/964 963/1091/956 965/1101/959 972/1115/970
f 973/1117/972 946/1118/973 947/1116/971 972/1115/970
f 972/1115/970 965/1101/959 966/1102/960 973/1117/972
f 971/1113/968 945/1114/969 946/1118/973 973/1117/972
f 973/1117/972 966/1102/960 967/1104/961 971/1113/968
usemtl standard-6016638
s 7
f 990/1122/977 982/1119/974 986/1121/976 991/1120/975
usemtl standard-5163635
f 991/1120/975 986/1121/976 978/1123/978 992/1124/979
usemtl standard-7788179
f 994/1126/981 984/1125/980 975/1128/983 993/1127/982
f 997/1129/984 988/1130/985 984/1125/980 994/1126/981
usemtl standard-6016638
f 996/1131/986 974/1132/987 982/1119/974 990/1122/977
f 995/1134/989 979/1133/988 988/1130/985 997/1129/984
f 999/1138/991 986/1136/976 982/1135/974 998/1137/990
usemtl standard-5163635
f 1000/1140/992 978/1139/978 986/1136/976 999/1138/991
usemtl standard-6016638
f 998/1137/990 982/1135/974 974/1142/987 1001/1141/993
usemtl standard-5163635
f 1003/1144/995 987/1143/994 981/1146/997 1002/1145/996
usemtl standard-6016638
f 1004/1149/1000 977/1148/999 983/1150/1001 1005/1147/998
usemtl standard-5163635
f 1006/1151/1002 992/1153/979 978/1152/978 1000/1154/992
usemtl standard-6016638
f 1005/1147/998 983/1150/1001 987/1143/994 1003/1144/995
f 1007/1155/1003 987/1143/994 983/1150/1001 1008/1156/1004
usemtl standard-7788179
f 1008/1156/1004 990/1122/977 991/1120/975 1007/1155/1003
usemtl standard-5163635
f 1009/1157/1005 981/1146/997 987/1143/994 1007/1155/1003
usemtl standard-6016638
f 1007/1155/1003 991/1120/975 992/1124/979 1009/1157/1005
f 1011/1161/1009 976/1160/1008 985/1158/1006 1012/1159/1007
usemtl standard-7788179
f 1012/1159/1007 994/1126/981 993/1127/982 1011/1161/1009
usemtl standard-6016638
f 1008/1156/1004 983/1150/1001 977/1148/999 1010/1162/1010
usemtl standard-7788179
f 1010/1162/1010 996/1131/986 990/1122/977 1008/1156/1004
usemtl standard-5163635
f 1013/1163/1011 1002/1164/996 981/1166/997 1009/1165/1005
usemtl standard-6016638
f 1009/1165/1005 992/1153/979 1006/1151/1002 1013/1163/1011
f 1012/1159/1007 985/1158/1006 989/1168/1013 1014/1167/1012
usemtl standard-7788179
f 1014/1167/1012 997/1129/984 994/1126/981 1012/1159/1007
usemtl standard-5163635
f 1014/1167/1012 989/1168/1013 980/1170/1015 1015/1169/1014
usemtl standard-6016638
f 1015/1169/1014 995/1134/989 997/1129/984 1014/1167/1012
usemtl standard-7788179
f 1016/1172/1017 984/1125/980 988/1130/985 1017/1171/1016
f 1017/1171/1016 999/1138/991 998/1137/990 1016/1172/1017
f 1019/1174/1019 1013/1163/1011 1006/1151/1002 1018/1173/1018
usemtl standard-6016638
f 1018/1173/1018 995/1175/989 1015/1176/1014 1019/1174/1019
usemtl standard-5163635
f 1020/1178/1020 979/1177/988 995/1175/989 1018/1173/1018
usemtl standard-6016638
f 1018/1173/1018 1006/1151/1002 1000/1154/992 1020/1178/1020
usemtl standard-5163635
f 1022/1180/1022 980/1170/1015 989/1168/1013 1023/1179/1021
usemtl standard-6016638
f 1023/1179/1021 1003/1144/995 1002/1145/996 1022/1180/1022
usemtl standard-5163635
f 1019/1174/1019 1015/1176/1014 980/1181/1015 1022/1182/1022
usemtl standard-6016638
f 1022/1182/1022 1002/1164/996 1013/1163/1011 1019/1174/1019
usemtl standard-7788179
f 1024/1183/1023 975/1128/983 984/1125/980 1016/1172/1017
f 1016/1172/1017 998/1137/990 1001/1141/993 1024/1183/1023
usemtl standard-6016638
f 1023/1179/1021 989/1168/1013 985/1158/1006 1025/1184/1024
usemtl standard-7788179
f 1025/1184/1024 1005/1147/998 1003/1144/995 1023/1179/1021
usemtl standard-6016638
f 1017/1171/1016 988/1130/985 979/1133/988 1020/1185/1020
f 1020/1185/1020 1000/1140/992 999/1138/991 1017/1171/1016
f 1025/1184/1024 985/1158/1006 976/1160/1008 1021/1186/1025
usemtl standard-7788179
f 1021/1186/1025 1004/1149/1000 1005/1147/998 1025/1184/1024
usemtl standard-5677290
s 8
f 1034//1029 1033//1027 1039//1026 1040//1028
f 1032//1031 1037//1033 1043//1032 1038//1030
f 1033//1027 1032//1031 1038//1030 1039//1026
f 1037//1033 1036//1035 1042//1034 1043//1032
f 1036//1035 1035//1036 1041//1037 1042//1034
f 1035//1036 1034//1029 1040//1028 1041//1037
usemtl standard-7253485
f 1040//1028 1039//1026 1044//1038
f 1041//1037 1040//1028 1044//1038
f 1042//1034 1041//1037 1044//1038
f 1044//1038 1038//1030 1043//1032
f 1043//1032 1042//1034 1044//1038
f 1039//1026 1038//1030 1044//1038
usemtl standard-5677290
f 1046/1188/1039 1037/1190/1033 1032/1187/1031 1045/1189/1040
f 1045/1194/1040 1032/1193/1031 1033/1192/1027 1047/1191/1041
f 1049/1198/1043 1035/1196/1036 1036/1197/1035 1048/1195/1042
f 1048/1199/1042 1036/1200/1035 1037/1202/1033 1046/1201/1039
f 1047/1205/1041 1033/1204/1027 1034/1206/1029 1050/1203/1044
f 1050/1207/1044 1034/1210/1029 1035/1208/1036 1049/1209/1043
usemtl standard-7253485
f 1052/1211/1045 1026/1213/1047 1031/1214/1048 1051/1212/1046
f 1051/1216/1046 1046/1217/1039 1045/1218/1040 1052/1215/1045
f 1053/1222/1050 1027/1221/1049 1026/1220/1047 1052/1219/1045
f 1052/1223/1045 1045/1226/1040 1047/1224/1041 1053/1225/1050
f 1054/1228/1052 1028/1227/1051 1027/1229/1049 1053/1230/1050
f 1053/1234/1050 1047/1233/1041 1050/1231/1044 1054/1232/1052
f 1051/1236/1046 1031/1238/1048 1030/1237/1054 1055/1235/1053
f 1055/1239/1053 1048/1240/1042 1046/1242/1039 1051/1241/1046
f 1055/1243/1053 1030/1245/1054 1029/1244/1055 1056/1246/1056
f 1056/1249/1056 1049/1250/1043 1048/1248/1042 1055/1247/1053
f 1056/1254/1056 1029/1253/1055 1028/1251/1051 1054/1252/1052
f 1054/1256/1052 1050/1255/1044 1049/1258/1043 1056/1257/1056
usemtl standard-6016638
s 9
f 1074/1261/1059 1069/1262/1060 1065/1260/1058 1073/1259/1057
usemtl standard-5163635
f 1075/1264/1062 1061/1263/1061 1069/1266/1060 1074/1265/1059
usemtl standard-7788179
f 1076/1267/1063 1058/1269/1065 1067/1268/1064 1077/1270/1066
f 1077/1274/1066 1067/1272/1064 1071/1271/1067 1080/1273/1068
usemtl standard-6016638
f 1073/1277/1057 1065/1278/1058 1057/1276/1070 1079/1275/1069
f 1080/1282/1068 1071/1280/1067 1062/1281/1072 1078/1279/1071
f 1081/1285/1074 1065/1284/1058 1069/1286/1060 1082/1283/1073
usemtl standard-5163635
f 1082/1287/1073 1069/1290/1060 1061/1289/1061 1083/1288/1075
usemtl standard-6016638
f 1084/1291/1076 1057/1292/1070 1065/1293/1058 1081/1294/1074
usemtl standard-5163635
f 1085/1297/1079 1064/1298/1080 1070/1296/1078 1086/1295/1077
usemtl standard-6016638
f 1088/1300/1082 1066/1301/1083 1060/1302/1084 1087/1299/1081
usemtl standard-5163635
f 1083/1303/1075 1061/1304/1061 1075/1305/1062 1089/1306/1085
usemtl standard-6016638
f 1086/1307/1077 1070/1309/1078 1066/1310/1083 1088/1308/1082
f 1091/1311/1086 1066/1314/1083 1070/1313/1078 1090/1312/1087
usemtl standard-7788179
f 1090/1316/1087 1074/1318/1059 1073/1317/1057 1091/1315/1086
usemtl standard-5163635
f 1090/1319/1087 1070/1320/1078 1064/1321/1080 1092/1322/1088
usemtl standard-6016638
f 1092/1325/1088 1075/1324/1062 1074/1326/1059 1090/1323/1087
f 1095/1329/1091 1068/1328/1090 1059/1330/1092 1094/1327/1089
usemtl standard-7788179
f 1094/1332/1089 1076/1331/1063 1077/1334/1066 1095/1333/1091
usemtl standard-6016638
f 1093/1336/1093 1060/1338/1084 1066/1337/1083 1091/1335/1086
usemtl standard-7788179
f 1091/1339/1086 1073/1342/1057 1079/1341/1069 1093/1340/1093
usemtl standard-5163635
f 1092/1346/1088 1064/1345/1080 1085/1344/1079 1096/1343/1094
usemtl standard-6016638
f 1096/1347/1094 1089/1350/1085 1075/1349/1062 1092/1348/1088
f 1097/1352/1095 1072/1354/1096 1068/1351/1090 1095/1353/1091
usemtl standard-7788179
f 1095/1356/1091 1077/1358/1066 1080/1357/1068 1097/1355/1095
usemtl standard-5163635
f 1098/1359/1097 1063/1361/1098 1072/1362/1096 1097/1360/1095
usemtl standard-6016638
f 1097/1365/1095 1080/1366/1068 1078/1364/1071 1098/1363/1097
usemtl standard-7788179
f 1100/1370/1100 1071/1368/1067 1067/1369/1064 1099/1367/1099
f 1099/1372/1099 1081/1374/1074 1082/1371/1073 1100/1373/1100
f 1101/1377/1102 1089/1378/1085 1096/1375/1094 1102/1376/1101
usemtl standard-6016638
f 1102/1381/1101 1098/1380/1097 1078/1379/1071 1101/1382/1102
usemtl standard-5163635
f 1101/1385/1102 1078/1383/1071 1062/1384/1072 1103/1386/1103
usemtl standard-6016638
f 1103/1389/1103 1083/1387/1075 1089/1390/1085 1101/1388/1102
usemtl standard-5163635
f 1106/1392/1105 1072/1394/1096 1063/1393/1098 1105/1391/1104
usemtl standard-6016638
f 1105/1397/1104 1085/1398/1079 1086/1395/1077 1106/1396/1105
usemtl standard-5163635
f 1105/1400/1104 1063/1402/1098 1098/1399/1097 1102/1401/1101
usemtl standard-6016638
f 1102/1405/1101 1096/1404/1094 1085/1406/1079 1105/1403/1104
usemtl standard-7788179
f 1099/1407/1099 1067/1408/1064 1058/1409/1065 1107/1410/1106
f 1107/1414/1106 1084/1412/1076 1081/1413/1074 1099/1411/1099
usemtl standard-6016638
f 1108/1418/1107 1068/1416/1090 1072/1417/1096 1106/1415/1105
usemtl standard-7788179
f 1106/1420/1105 1086/1419/1077 1088/1421/1082 1108/1422/1107
usemtl standard-6016638
f 1103/1426/1103 1062/1424/1072 1071/1423/1067 1100/1425/1100
f 1100/1429/1100 1082/1427/1073 1083/1428/1075 1103/1430/1103
f 1104/1431/1108 1059/1434/1092 1068/1432/1090 1108/1433/1107
usemtl standard-7788179
f 1108/1438/1107 1088/1437/1082 1087/1436/1081 1104/1435/1108
# 1054 polygons

